hour,day,solar_elevation_deg,ghi_w_m2,ambient_temp_c,wind_speed_ms,is_blizzard,storm_severity,icing_index,snow_occlusion,tier1_load_kw,tier2_load_kw,tier3_load_kw,thermal_demand_kw
0,1,3.78,19.55,-6.75,3.75,False,0.0,0.0,0.0,19.08,11.63,11.35,24.01
1,1,4.37,24.65,-7.08,4.46,False,0.0,0.0,0.0,19.8,11.59,11.55,24.56
2,1,6.11,41.94,-7.39,4.73,False,0.0,0.0,0.0,19.34,11.31,10.56,24.93
3,1,8.9,75.05,-7.27,5.81,False,0.0,0.0,0.0,18.97,12.58,11.22,25.2
4,1,12.56,125.49,-7.24,6.26,False,0.0,0.0,0.0,18.62,10.96,11.28,25.33
5,1,16.9,191.3,-7.08,6.82,False,0.0,0.0,0.0,18.97,11.76,11.3,25.37
6,1,21.66,267.72,-7.0,7.63,False,0.0,0.0,0.0,18.97,12.83,11.69,25.58
7,1,26.59,348.41,-6.75,8.16,False,0.0,0.0,0.0,18.6,12.63,10.46,25.52
8,1,31.38,426.47,-6.37,9.55,False,0.0,0.0,0.0,19.08,18.47,10.7,25.62
9,1,35.7,495.25,-6.11,9.56,False,0.0,0.0,0.0,18.17,17.03,12.29,25.37
10,1,39.17,548.93,-5.67,9.9,False,0.0,0.0,0.0,18.58,18.13,20.59,25.06
11,1,41.45,583.03,-5.37,8.59,False,0.0,0.0,0.0,18.87,16.65,22.43,24.35
12,1,42.24,594.72,-5.09,7.32,False,0.0,0.0,0.0,18.5,17.28,21.74,23.67
13,1,41.45,583.03,-4.92,7.51,False,0.0,0.0,0.0,18.51,17.35,22.11,23.57
14,1,39.17,548.93,-4.56,6.05,False,0.0,0.0,0.0,18.49,17.04,23.09,22.77
15,1,35.7,495.25,-4.51,6.56,False,0.0,0.0,0.0,18.21,17.21,21.91,22.88
16,1,31.38,426.47,-4.67,6.79,False,0.0,0.0,0.0,19.03,17.11,22.44,23.11
17,1,26.59,348.41,-4.73,7.11,False,0.0,0.0,0.0,18.16,16.71,22.04,23.26
18,1,21.66,267.72,-5.1,7.24,False,0.0,0.0,0.0,18.74,18.19,21.92,23.65
19,1,16.9,191.3,-5.44,7.74,False,0.0,0.0,0.0,18.82,17.35,11.34,24.13
20,1,12.56,125.49,-6.0,9.25,False,0.0,0.0,0.0,18.34,17.66,11.99,25.17
21,1,8.9,75.05,-6.61,8.5,False,0.0,0.0,0.0,18.82,12.03,10.99,25.5
22,1,6.11,41.94,-7.14,7.53,False,0.0,0.0,0.0,18.49,11.94,10.71,25.67
23,1,4.37,24.65,-7.39,8.01,False,0.0,0.0,0.0,19.44,11.97,11.55,26.08
24,2,3.7,18.88,-7.65,8.2,False,0.0,0.0,0.0,18.46,11.66,11.63,26.39
25,2,4.29,23.93,-8.08,6.89,False,0.0,0.0,0.0,18.71,13.03,10.22,26.33
26,2,6.03,41.08,-8.34,6.06,False,0.0,0.0,0.0,18.51,12.51,11.49,26.28
27,2,8.82,74.04,-8.5,7.32,False,0.0,0.0,0.0,18.48,11.91,10.64,26.89
28,2,12.48,124.36,-8.59,7.94,False,0.0,0.0,0.0,19.67,11.54,11.94,27.19
29,2,16.82,190.1,-8.43,9.26,False,0.0,0.0,0.0,19.23,11.8,10.24,27.53
30,2,21.58,266.49,-8.02,9.66,False,0.0,0.0,0.0,19.02,12.23,12.85,27.27
31,2,26.51,347.17,-7.7,11.37,False,0.0,0.0,0.0,18.66,13.1,11.26,27.56
32,2,31.3,425.24,-7.32,11.21,False,0.0,0.0,0.0,19.24,16.4,10.89,27.12
33,2,35.62,494.03,-6.7,10.81,False,0.0,0.0,0.0,18.47,18.03,11.3,26.37
34,2,39.09,547.72,-6.29,9.5,False,0.0,0.0,0.0,19.07,18.4,22.39,25.53
35,2,41.37,581.84,-5.89,8.17,False,0.0,0.0,0.0,18.36,16.31,22.62,24.7
36,2,42.16,593.53,-5.54,7.61,False,0.0,0.0,0.0,18.41,17.36,21.81,24.19
37,2,41.37,581.84,-5.08,6.22,False,0.0,0.0,0.0,18.91,16.65,20.99,23.31
38,2,39.09,547.72,-4.67,7.46,False,0.0,0.0,0.0,18.91,17.84,21.15,23.32
39,2,35.62,494.03,-4.87,7.69,False,0.0,0.0,0.0,18.82,17.21,22.2,23.58
40,2,31.3,425.24,-4.93,7.7,False,0.0,0.0,0.0,18.17,17.4,22.69,23.64
41,2,26.51,347.17,-5.05,7.59,False,0.0,0.0,0.0,18.43,17.17,22.78,23.71
42,2,21.58,266.49,-5.02,7.43,False,0.0,0.0,0.0,18.66,18.08,22.12,23.63
43,2,16.82,190.1,-5.32,7.54,False,0.0,0.0,0.0,18.3,17.68,12.18,23.95
44,2,12.48,124.36,-5.71,7.44,False,0.0,0.0,0.0,19.23,17.68,12.84,24.29
45,2,8.82,74.04,-6.09,6.39,False,0.0,0.0,0.0,17.77,12.03,12.33,24.3
46,2,6.03,41.08,-6.65,8.5,False,0.0,0.0,0.0,18.49,12.36,12.15,25.54
47,2,4.29,23.93,-6.85,7.77,False,0.0,0.0,0.0,18.62,11.69,10.94,25.49
48,3,3.61,18.17,-6.98,8.27,False,0.0,0.0,0.0,17.7,13.26,12.17,25.78
49,3,4.2,23.16,-7.15,8.71,False,0.0,0.0,0.0,18.3,10.91,11.82,26.1
50,3,5.95,40.16,-7.4,7.63,False,0.0,0.0,0.0,19.14,10.52,11.96,25.95
51,3,8.74,72.95,-7.4,7.65,False,0.0,0.0,0.0,18.9,10.45,12.38,25.97
52,3,12.4,123.14,-7.3,7.19,False,0.0,0.0,0.0,19.51,10.24,11.75,25.71
53,3,16.74,188.8,-7.2,8.22,False,0.0,0.0,0.0,19.48,12.44,11.43,25.97
54,3,21.5,265.15,-6.65,7.66,False,0.0,0.0,0.0,18.97,12.34,10.75,25.26
55,3,26.43,345.82,-6.37,7.41,False,0.0,0.0,0.0,18.89,12.87,11.29,24.9
56,3,31.22,423.9,-5.61,7.01,False,0.0,0.0,0.0,18.7,16.65,11.65,24.06
57,3,35.53,492.71,-5.36,6.81,False,0.0,0.0,0.0,17.58,18.1,11.69,23.76
58,3,39.01,546.42,-4.9,6.1,False,0.0,0.0,0.0,18.03,17.55,22.17,23.11
59,3,41.28,580.54,-4.61,4.87,False,0.0,0.0,0.0,18.59,17.63,22.67,22.45
60,3,42.08,592.24,-4.35,5.85,False,0.0,0.0,0.0,18.77,18.0,22.61,22.52
61,3,41.28,580.54,-4.09,6.19,False,0.0,0.0,0.0,18.61,16.89,21.96,22.38
62,3,39.01,546.42,-4.12,8.15,False,0.0,0.0,0.0,18.14,19.57,21.41,23.01
63,3,35.53,492.71,-3.93,8.98,False,0.0,0.0,0.0,18.85,18.57,22.27,23.08
64,3,31.22,423.9,-3.86,10.13,False,0.0,0.0,0.0,19.06,17.07,23.57,23.36
65,3,26.43,345.82,-3.79,10.96,False,0.0,0.0,0.0,18.83,16.63,22.22,23.55
66,3,21.5,265.15,-4.2,10.42,False,0.0,0.0,0.0,18.9,17.43,21.79,23.79
67,3,16.74,188.8,-4.64,11.5,False,0.0,0.0,0.0,18.33,17.65,11.88,24.55
68,3,12.4,123.14,-4.86,10.6,False,0.0,0.0,0.0,19.01,18.35,11.92,24.48
69,3,8.74,72.95,-5.18,9.33,False,0.0,0.0,0.0,18.68,10.97,11.91,24.39
70,3,5.95,40.16,-5.48,8.61,False,0.0,0.0,0.0,18.86,12.13,12.46,24.46
71,3,4.2,23.16,-5.82,9.46,False,0.0,0.0,0.0,18.85,10.68,11.77,25.07
72,4,3.51,17.42,-6.14,9.87,False,0.0,0.0,0.0,18.69,12.25,12.43,25.51
73,4,4.11,22.34,-6.48,8.53,False,0.0,0.0,0.0,18.43,11.81,11.66,25.39
74,4,5.85,39.17,-6.63,8.59,False,0.0,0.0,0.0,18.76,13.45,12.56,25.55
75,4,8.64,71.78,-6.66,11.25,False,0.0,0.0,0.0,19.19,10.66,12.34,26.49
76,4,12.31,121.83,-6.61,10.12,False,0.0,0.0,0.0,18.62,13.0,12.15,26.05
77,4,16.65,187.4,-6.54,9.47,False,0.0,0.0,0.0,19.14,10.54,12.05,25.76
78,4,21.41,263.71,-6.57,8.54,False,0.0,0.0,0.0,19.08,10.84,13.11,25.48
79,4,26.34,344.37,-6.17,8.64,False,0.0,0.0,0.0,18.62,10.56,12.25,25.13
80,4,31.13,422.46,-5.75,8.53,False,0.0,0.0,0.0,19.25,17.7,10.91,24.69
81,4,35.44,491.28,-5.24,6.19,False,0.0,0.0,0.0,18.49,16.56,11.67,23.45
82,4,38.92,545.01,-4.74,6.44,False,0.0,0.0,0.0,19.17,16.42,21.81,23.06
83,4,41.19,579.15,-4.63,6.35,False,0.0,0.0,0.0,18.73,17.66,23.45,22.93
84,4,41.98,590.85,-4.51,6.06,False,0.0,0.0,0.0,18.53,17.86,22.88,22.73
85,4,41.19,579.15,-4.3,5.44,False,0.0,0.0,0.0,18.16,17.53,23.42,22.34
86,4,38.92,545.01,-4.35,5.94,False,0.0,0.0,0.0,18.49,17.37,21.47,22.54
87,4,35.44,491.28,-4.35,6.25,False,0.0,0.0,0.0,18.44,18.96,22.77,22.64
88,4,31.13,422.46,-4.28,6.71,False,0.0,0.0,0.0,18.01,17.62,21.04,22.72
89,4,26.34,344.37,-4.26,7.64,False,0.0,0.0,0.0,18.42,18.14,20.89,22.99
90,4,21.41,263.71,-4.65,7.84,False,0.0,0.0,0.0,18.24,17.61,21.72,23.41
91,4,16.65,187.4,-4.93,8.04,False,0.0,0.0,0.0,18.83,16.62,12.56,23.74
92,4,12.31,121.83,-5.47,7.53,False,0.0,0.0,0.0,19.18,17.94,10.81,24.09
93,4,8.64,71.78,-5.77,8.29,False,0.0,0.0,0.0,18.2,11.38,11.49,24.63
94,4,5.85,39.17,-6.26,9.23,False,0.0,0.0,0.0,19.44,11.83,12.33,25.41
95,4,4.11,22.34,-6.62,9.09,False,0.0,0.0,0.0,18.74,12.14,12.09,25.71
96,5,3.41,16.63,-6.62,10.06,False,0.0,0.0,0.0,18.4,10.35,13.05,26.04
97,5,4.01,21.47,-6.89,9.79,False,0.0,0.0,0.0,19.13,10.61,11.5,26.21
98,5,5.75,38.12,-6.78,8.67,False,0.0,0.0,0.0,18.63,12.63,11.19,25.72
99,5,8.55,70.53,-6.81,8.0,False,0.0,0.0,0.0,18.78,11.37,10.73,25.52
100,5,12.21,120.43,-6.92,6.47,False,0.0,0.0,0.0,18.67,11.41,11.24,25.11
101,5,16.55,185.91,-6.81,5.86,False,0.0,0.0,0.0,18.49,12.03,10.73,24.79
102,5,21.32,262.17,-6.43,5.61,False,0.0,0.0,0.0,19.06,11.59,10.24,24.35
103,5,26.25,342.82,-5.94,5.19,False,0.0,0.0,0.0,18.6,12.23,12.87,23.76
104,5,31.03,420.91,-5.62,6.82,False,0.0,0.0,0.0,18.1,17.46,11.53,24.0
105,5,35.35,489.75,-5.17,6.6,False,0.0,0.0,0.0,18.84,17.66,13.31,23.52
106,5,38.82,543.5,-4.98,7.1,False,0.0,0.0,0.0,18.11,16.94,21.41,23.49
107,5,41.09,577.66,-4.49,7.02,False,0.0,0.0,0.0,18.08,17.65,21.7,23.01
108,5,41.88,589.36,-3.99,6.62,False,0.0,0.0,0.0,18.96,18.38,21.46,22.42
109,5,41.09,577.66,-3.87,7.4,False,0.0,0.0,0.0,17.99,17.05,21.55,22.54
110,5,38.82,543.5,-3.89,5.91,False,0.0,0.0,0.0,17.54,18.23,22.61,22.1
111,5,35.35,489.75,-3.74,6.16,False,0.0,0.0,0.0,18.7,17.46,22.4,22.05
112,5,31.03,420.91,-3.81,6.77,False,0.0,0.0,0.0,18.34,18.09,22.61,22.3
113,5,26.25,342.82,-4.09,7.46,False,0.0,0.0,0.0,18.4,17.6,22.94,22.77
114,5,21.32,262.17,-4.16,7.44,False,0.0,0.0,0.0,18.37,17.47,22.78,22.82
115,5,16.55,185.91,-4.62,7.41,False,0.0,0.0,0.0,18.65,17.78,10.79,23.25
116,5,12.21,120.43,-4.95,8.57,False,0.0,0.0,0.0,18.29,18.47,11.13,23.93
117,5,8.55,70.53,-5.44,9.87,False,0.0,0.0,0.0,19.24,12.09,11.59,24.83
118,5,5.75,38.12,-5.63,9.0,False,0.0,0.0,0.0,18.08,12.28,14.11,24.72
119,5,4.01,21.47,-5.92,7.91,False,0.0,0.0,0.0,18.89,11.61,12.04,24.64
120,6,3.31,15.8,-6.21,8.63,False,0.0,0.0,0.0,19.0,13.16,11.57,25.17
121,6,3.9,20.56,-6.32,8.94,False,0.0,0.0,0.0,18.45,12.41,11.97,25.37
122,6,5.65,37.01,-6.52,7.89,False,0.0,0.0,0.0,18.37,11.96,11.08,25.21
123,6,8.44,69.2,-6.52,6.97,False,0.0,0.0,0.0,19.19,11.8,11.68,24.9
124,6,12.11,118.94,-6.37,6.82,False,0.0,0.0,0.0,18.37,12.68,12.17,24.71
125,6,16.45,184.31,-6.61,6.94,False,0.0,0.0,0.0,18.55,11.42,11.48,24.97
126,6,21.22,260.52,-6.37,6.41,False,0.0,0.0,0.0,19.12,10.47,10.97,24.56
127,6,26.15,341.16,-6.05,7.04,False,0.0,0.0,0.0,18.74,11.96,11.45,24.48
128,6,30.93,419.26,-5.59,7.66,False,0.0,0.0,0.0,17.95,18.45,11.28,24.25
129,6,35.24,488.12,-5.13,7.09,False,0.0,0.0,0.0,19.31,18.77,10.55,23.63
130,6,38.71,541.89,-4.88,7.17,False,0.0,0.0,0.0,18.37,17.41,21.6,23.42
131,6,40.98,576.06,-4.47,7.97,False,0.0,0.0,0.0,18.37,17.53,21.03,23.28
132,6,41.77,587.77,-4.39,7.37,False,0.0,0.0,0.0,18.63,17.92,21.13,23.03
133,6,40.98,576.06,-4.1,6.42,False,0.0,0.0,0.0,18.74,17.29,21.2,22.46
134,6,38.71,541.89,-3.95,5.97,False,0.0,0.0,0.0,19.26,17.91,22.67,22.18
135,6,35.24,488.12,-3.97,6.84,False,0.0,0.0,0.0,17.81,17.43,23.04,22.46
136,6,30.93,419.26,-3.86,7.24,False,0.0,0.0,0.0,18.79,18.31,20.92,22.48
137,6,26.15,341.16,-4.1,6.19,False,0.0,0.0,0.0,18.79,18.08,23.11,22.39
138,6,21.22,260.52,-4.5,6.51,False,0.0,0.0,0.0,18.49,18.15,21.21,22.86
139,6,16.45,184.31,-4.69,7.37,False,0.0,0.0,0.0,18.88,17.34,12.02,23.31
140,6,12.11,118.94,-4.9,7.98,False,0.0,0.0,0.0,18.96,19.04,11.68,23.7
141,6,8.44,69.2,-5.57,7.86,False,0.0,0.0,0.0,18.12,12.29,11.95,24.3
142,6,5.65,37.01,-5.73,8.8,False,0.0,0.0,0.0,19.39,12.1,10.68,24.76
143,6,3.9,20.56,-6.26,9.97,False,0.0,0.0,0.0,18.13,11.29,10.23,25.66
144,7,3.19,14.94,-6.73,9.92,False,0.0,0.0,0.0,18.35,11.82,10.94,26.1
145,7,3.79,19.61,-6.72,10.4,False,0.0,0.0,0.0,18.7,11.99,11.8,26.26
146,7,5.54,35.84,-6.9,9.36,False,0.0,0.0,0.0,19.6,11.27,12.87,26.08
147,7,8.33,67.81,-6.85,8.77,False,0.0,0.0,0.0,18.7,11.67,10.78,25.83
148,7,12.0,117.36,-6.7,8.76,False,0.0,0.0,0.0,18.79,11.77,11.43,25.68
149,7,16.34,182.63,-6.28,7.47,False,0.0,0.0,0.0,19.33,11.94,10.98,24.85
150,7,21.11,258.78,-5.84,7.38,False,0.0,0.0,0.0,18.58,10.49,11.49,24.4
151,7,26.04,339.4,-5.44,5.84,False,0.0,0.0,0.0,18.18,11.79,10.15,23.52
152,7,30.82,417.51,-5.21,6.98,False,0.0,0.0,0.0,18.46,17.2,12.55,23.67
153,7,35.13,486.39,-4.82,7.08,False,0.0,0.0,0.0,19.13,17.48,11.52,23.33
154,7,38.6,540.18,-4.69,6.59,False,0.0,0.0,0.0,18.59,18.33,22.64,23.06
155,7,40.87,574.36,-4.25,7.85,False,0.0,0.0,0.0,19.28,19.14,21.84,23.04
156,7,41.66,586.08,-3.86,8.53,False,0.0,0.0,0.0,18.76,18.04,22.13,22.88
157,7,40.87,574.36,-3.68,8.36,False,0.0,0.0,0.0,18.18,16.51,22.79,22.65
158,7,38.6,540.18,-3.3,9.25,False,0.0,0.0,0.0,18.42,17.22,22.09,22.55
159,7,35.13,486.39,-3.27,8.97,False,0.0,0.0,0.0,18.05,17.98,22.12,22.44
160,7,30.82,417.51,-3.3,7.96,False,0.0,0.0,0.0,18.13,17.89,21.44,22.17
161,7,26.04,339.4,-3.3,6.33,False,0.0,0.0,0.0,20.19,18.29,21.63,21.69
162,7,21.11,258.78,-3.26,6.13,False,0.0,0.0,0.0,18.8,17.42,21.29,21.59
163,7,16.34,182.63,-3.53,5.95,False,0.0,0.0,0.0,18.77,17.21,10.98,21.78
164,7,12.0,117.36,-4.07,4.25,False,0.0,0.0,0.0,18.24,18.9,12.38,21.76
165,7,8.33,67.81,-4.44,4.31,False,0.0,0.0,0.0,19.16,11.95,12.77,22.11
166,7,5.54,35.84,-4.62,4.55,False,0.0,0.0,0.0,18.99,11.09,10.63,22.36
167,7,3.79,19.61,-5.07,5.46,False,0.0,0.0,0.0,19.36,13.08,11.78,23.05
168,8,3.07,14.05,-5.33,5.98,False,0.0,0.0,0.0,19.37,10.7,11.28,23.46
169,8,3.67,18.62,-5.54,7.15,False,0.0,0.0,0.0,18.07,9.1,12.48,24.04
170,8,5.42,34.63,-5.74,7.38,False,0.0,0.0,0.0,18.24,12.52,11.59,24.3
171,8,8.21,66.34,-5.8,7.29,False,0.0,0.0,0.0,18.29,12.63,11.49,24.33
172,8,11.88,115.7,-5.95,8.98,False,0.0,0.0,0.0,18.34,12.23,10.98,25.02
173,8,16.23,180.84,-5.88,7.76,False,0.0,0.0,0.0,18.83,10.86,10.43,24.55
174,8,21.0,256.93,-5.46,7.96,False,0.0,0.0,0.0,18.43,11.85,12.03,24.23
175,8,25.92,337.54,-5.33,6.97,False,0.0,0.0,0.0,19.47,11.68,11.75,23.78
176,8,30.71,415.66,-5.16,8.53,False,0.0,0.0,0.0,19.38,17.07,11.76,24.12
177,8,35.02,484.56,-4.62,8.7,False,0.0,0.0,0.0,18.55,18.63,11.08,23.66
178,8,38.48,538.37,-4.26,7.26,False,0.0,0.0,0.0,19.29,16.66,21.9,22.87
179,8,40.75,572.57,-3.89,8.68,False,0.0,0.0,0.0,19.06,17.75,22.55,22.95
180,8,41.54,584.29,-3.64,7.99,False,0.0,0.0,0.0,18.26,18.46,22.69,22.51
181,8,40.75,572.57,-3.53,8.19,False,0.0,0.0,0.0,17.62,17.81,21.18,22.46
182,8,38.48,538.37,-3.41,7.1,False,0.0,0.0,0.0,18.32,18.49,21.56,22.02
183,8,35.02,484.56,-3.43,7.78,False,0.0,0.0,0.0,18.15,17.95,21.03,22.24
184,8,30.71,415.66,-3.46,7.0,False,0.0,0.0,0.0,18.5,17.84,22.14,22.03
185,8,25.92,337.54,-3.58,5.61,False,0.0,0.0,0.0,18.46,17.79,22.62,21.73
186,8,21.0,256.93,-3.91,5.39,False,0.0,0.0,0.0,18.49,17.99,21.8,21.97
187,8,16.23,180.84,-4.34,5.06,False,0.0,0.0,0.0,18.73,17.19,11.04,22.26
188,8,11.88,115.7,-4.72,5.25,False,0.0,0.0,0.0,18.08,16.46,11.27,22.67
189,8,8.21,66.34,-4.95,4.36,False,0.0,0.0,0.0,18.76,12.66,13.11,22.6
190,8,5.42,34.63,-5.19,5.12,False,0.0,0.0,0.0,18.45,12.83,12.33,23.06
191,8,3.67,18.62,-5.49,5.65,False,0.0,0.0,0.0,18.74,12.1,12.01,23.5
192,9,2.94,13.29,-5.41,5.8,False,0.0,0.0,0.0,19.03,11.46,11.72,23.47
193,9,3.54,17.6,-5.61,5.76,False,0.0,0.0,0.0,18.18,10.65,11.49,23.65
194,9,5.29,33.36,-5.73,4.52,False,0.0,0.0,0.0,18.57,11.97,10.87,23.35
195,9,8.09,64.8,-5.67,4.15,False,0.0,0.0,0.0,18.63,10.82,10.76,23.18
196,9,11.76,113.95,-5.71,5.49,False,0.0,0.0,0.0,18.48,10.71,11.1,23.65
197,9,16.11,178.96,-5.56,5.38,False,0.0,0.0,0.0,19.03,11.88,10.83,23.48
198,9,20.88,254.99,-5.54,5.68,False,0.0,0.0,0.0,18.38,11.29,11.07,23.56
199,9,25.81,335.57,-5.38,5.55,False,0.0,0.0,0.0,18.42,12.18,11.43,23.37
200,9,30.59,413.7,-4.95,5.82,False,0.0,0.0,0.0,18.31,17.37,11.48,23.06
201,9,34.89,482.62,-4.5,6.68,False,0.0,0.0,0.0,18.98,17.01,11.07,22.91
202,9,38.36,536.45,-4.15,5.39,False,0.0,0.0,0.0,18.3,16.14,22.35,22.19
203,9,40.62,570.67,-3.51,7.21,False,0.0,0.0,0.0,18.6,16.82,21.87,22.14
204,9,41.41,582.4,-3.48,7.99,False,0.0,0.0,0.0,19.21,16.85,22.15,22.35
205,9,40.62,570.67,-3.22,9.32,False,0.0,0.0,0.0,18.36,16.52,21.48,22.49
206,9,38.36,536.45,-3.24,10.18,False,0.0,0.0,0.0,18.83,17.24,22.49,22.77
207,9,34.89,482.62,-3.14,10.09,False,0.0,0.0,0.0,19.05,16.58,21.63,22.65
208,9,30.59,413.7,-2.9,9.92,False,0.0,0.0,0.0,18.76,17.37,23.13,22.36
209,9,25.81,335.57,-3.0,9.88,False,0.0,0.0,0.0,18.35,17.69,21.84,22.44
210,9,20.88,254.99,-3.45,8.89,False,0.0,0.0,0.0,18.67,16.84,21.93,22.59
211,9,16.11,178.96,-3.86,8.49,False,0.0,0.0,0.0,17.95,17.84,11.92,22.86
212,9,11.76,113.95,-4.01,7.88,False,0.0,0.0,0.0,18.17,16.41,12.07,22.82
213,9,8.09,64.8,-4.49,7.1,False,0.0,0.0,0.0,18.3,11.01,12.14,23.04
214,9,5.29,33.36,-4.9,8.49,False,0.0,0.0,0.0,19.48,11.81,12.74,23.86
215,9,3.54,17.6,-5.16,7.01,False,0.0,0.0,0.0,18.29,12.45,11.96,23.63
216,10,2.81,12.68,-5.56,6.75,False,0.0,0.0,0.0,18.34,12.59,11.45,23.92
217,10,3.4,16.55,-5.56,5.94,False,0.0,0.0,0.0,18.25,13.19,11.13,23.66
218,10,5.16,32.04,-5.51,7.07,False,0.0,0.0,0.0,18.89,11.6,11.41,23.99
219,10,7.96,63.19,-5.83,7.0,False,0.0,0.0,0.0,18.76,11.8,12.54,24.26
220,10,11.63,112.12,-5.82,6.52,False,0.0,0.0,0.0,19.13,11.07,10.53,24.09
221,10,15.98,176.99,-5.86,6.2,False,0.0,0.0,0.0,18.97,10.9,10.93,24.03
222,10,20.75,252.95,-5.64,7.16,False,0.0,0.0,0.0,18.12,12.08,11.35,24.14
223,10,25.68,333.51,-5.26,8.25,False,0.0,0.0,0.0,18.31,11.28,10.92,24.13
224,10,30.46,411.64,-4.81,6.99,False,0.0,0.0,0.0,19.12,18.49,11.21,23.3
225,10,34.76,480.58,-4.42,8.04,False,0.0,0.0,0.0,18.45,16.33,12.76,23.26
226,10,38.22,534.44,-3.99,7.05,False,0.0,0.0,0.0,18.95,17.89,21.79,22.55
227,10,40.48,568.67,-3.82,7.13,False,0.0,0.0,0.0,18.4,16.7,22.29,22.41
228,10,41.27,580.4,-3.97,7.03,False,0.0,0.0,0.0,18.09,16.84,20.84,22.53
229,10,40.48,568.67,-3.85,6.45,False,0.0,0.0,0.0,18.34,17.93,21.23,22.24
230,10,38.22,534.44,-3.9,6.85,False,0.0,0.0,0.0,18.08,16.96,22.65,22.4
231,10,34.76,480.58,-3.76,6.19,False,0.0,0.0,0.0,18.22,17.09,23.17,22.07
232,10,30.46,411.64,-3.83,6.3,False,0.0,0.0,0.0,18.54,16.85,22.15,22.17
233,10,25.68,333.51,-4.09,7.65,False,0.0,0.0,0.0,18.7,18.93,21.79,22.82
234,10,20.75,252.95,-4.31,6.66,False,0.0,0.0,0.0,17.88,17.01,22.35,22.73
235,10,15.98,176.99,-4.3,8.03,False,0.0,0.0,0.0,18.51,17.54,9.68,23.14
236,10,11.63,112.12,-4.51,9.37,False,0.0,0.0,0.0,18.31,17.34,11.66,23.76
237,10,7.96,63.19,-5.02,9.32,False,0.0,0.0,0.0,18.34,12.08,10.77,24.24
238,10,5.16,32.04,-5.47,8.96,False,0.0,0.0,0.0,18.71,11.41,12.06,24.56
239,10,3.4,16.55,-5.94,8.93,False,0.0,0.0,0.0,18.49,11.74,9.97,25.01
240,11,2.67,12.05,-6.12,8.98,False,0.0,0.0,0.0,19.29,12.22,11.06,25.2
241,11,3.26,15.48,-6.39,6.69,False,0.0,0.0,0.0,19.24,11.21,11.47,24.68
242,11,5.02,30.68,-6.27,5.15,False,0.0,0.0,0.0,19.23,12.77,10.97,24.06
243,11,7.82,61.52,-6.37,5.92,False,0.0,0.0,0.0,18.57,12.85,11.24,24.41
244,11,11.5,110.21,-6.45,7.04,False,0.0,0.0,0.0,18.39,12.39,12.13,24.86
245,11,15.85,174.92,-6.67,5.64,False,0.0,0.0,0.0,18.83,11.96,11.48,24.58
246,11,20.62,250.81,-6.42,5.13,False,0.0,0.0,0.0,18.71,9.51,10.85,24.19
247,11,25.55,331.34,-6.06,7.24,False,0.0,0.0,0.0,18.48,12.24,12.16,24.55
248,11,30.33,409.48,-5.91,8.07,False,0.0,0.0,0.0,18.24,17.19,11.68,24.69
249,11,34.63,478.44,-5.26,8.06,False,0.0,0.0,0.0,18.61,17.3,11.7,24.06
250,11,38.09,532.32,-5.05,7.98,False,0.0,0.0,0.0,18.44,15.98,21.38,23.84
251,11,40.34,566.57,-4.74,8.5,False,0.0,0.0,0.0,18.84,17.89,20.22,23.71
252,11,41.13,578.31,-4.34,9.66,False,0.0,0.0,0.0,18.79,16.34,21.37,23.69
253,11,40.34,566.57,-4.18,8.43,False,0.0,0.0,0.0,18.94,17.59,21.29,23.15
254,11,38.09,532.32,-4.26,7.55,False,0.0,0.0,0.0,18.01,18.22,21.57,22.96
255,11,34.63,478.44,-3.85,7.81,False,0.0,0.0,0.0,18.62,17.12,21.41,22.65
256,11,30.33,409.48,-3.92,7.17,False,0.0,0.0,0.0,18.18,18.47,22.08,22.52
257,11,25.55,331.34,-4.11,8.84,False,0.0,0.0,0.0,18.0,16.9,22.62,23.21
258,11,20.62,250.81,-4.39,8.11,False,0.0,0.0,0.0,18.36,17.98,22.75,23.25
259,11,15.85,174.92,-4.59,9.34,False,0.0,0.0,0.0,18.98,16.46,12.09,23.83
260,11,11.5,110.21,-5.0,10.84,False,0.0,0.0,0.0,18.45,18.32,10.87,24.71
261,11,7.82,61.52,-5.44,10.0,False,0.0,0.0,0.0,19.28,12.6,11.54,24.87
262,11,5.02,30.68,-5.97,10.71,False,0.0,0.0,0.0,18.94,12.27,12.6,25.62
263,11,3.26,15.48,-6.18,9.06,False,0.0,0.0,0.0,18.58,11.59,10.39,25.28
264,12,2.52,11.38,-6.38,10.3,False,0.0,0.0,0.0,19.23,10.78,12.44,25.89
265,12,3.12,14.39,-6.39,9.2,False,0.0,0.0,0.0,18.94,11.59,10.8,25.52
266,12,4.87,29.28,-6.6,8.56,False,0.0,0.0,0.0,18.42,12.79,11.71,25.52
267,12,7.67,59.78,-6.61,8.93,False,0.0,0.0,0.0,19.54,12.0,11.79,25.65
268,12,11.36,108.21,-6.82,7.9,False,0.0,0.0,0.0,18.92,10.66,11.63,25.5
269,12,15.71,172.77,-6.55,7.51,False,0.0,0.0,0.0,18.79,11.0,13.06,25.11
270,12,20.48,248.57,-6.35,6.39,False,0.0,0.0,0.0,18.42,12.9,11.29,24.54
271,12,25.41,329.07,-6.24,6.95,False,0.0,0.0,0.0,19.22,12.29,10.35,24.63
272,12,30.19,407.22,-6.06,6.68,False,0.0,0.0,0.0,18.93,16.51,11.75,24.37
273,12,34.49,476.2,-5.53,7.07,False,0.0,0.0,0.0,18.91,16.09,11.38,24.0
274,12,37.94,530.11,-5.14,7.16,False,0.0,0.0,0.0,18.41,17.0,22.39,23.66
275,12,40.2,564.37,-4.98,7.63,False,0.0,0.0,0.0,18.93,16.02,22.62,23.66
276,12,40.98,576.12,-4.5,6.88,False,0.0,0.0,0.0,18.9,17.38,21.98,22.97
277,12,40.2,564.37,-4.27,7.04,False,0.0,0.0,0.0,18.24,19.46,22.31,22.81
278,12,37.94,530.11,-4.28,8.6,False,0.0,0.0,0.0,17.95,16.22,22.1,23.3
279,12,34.49,476.2,-4.03,8.11,False,0.0,0.0,0.0,18.72,17.35,23.25,22.91
280,12,30.19,407.22,-4.03,7.44,False,0.0,0.0,0.0,17.85,18.55,21.74,22.71
281,12,25.41,329.07,-3.73,6.92,False,0.0,0.0,0.0,18.51,18.1,21.52,22.27
282,12,20.48,248.57,-3.79,8.05,False,0.0,0.0,0.0,18.28,17.38,22.62,22.66
283,12,15.71,172.77,-4.16,7.6,False,0.0,0.0,0.0,18.99,17.38,10.85,22.88
284,12,11.36,108.21,-4.45,6.42,False,0.0,0.0,0.0,18.38,16.58,11.77,22.78
285,12,7.67,59.78,-4.93,6.17,False,0.0,0.0,0.0,19.03,11.69,11.38,23.15
286,12,4.87,29.28,-5.09,7.69,False,0.0,0.0,0.0,18.41,12.09,11.43,23.79
287,12,3.12,14.39,-5.41,8.58,False,0.0,0.0,0.0,19.05,12.78,13.21,24.38
288,13,2.36,10.68,-5.72,8.03,False,0.0,0.0,0.0,19.51,11.4,12.36,24.49
289,13,2.96,13.39,-5.97,7.91,False,0.0,0.0,0.0,18.29,11.75,12.22,24.7
290,13,4.72,27.84,-6.03,6.76,False,0.0,0.0,0.0,18.84,11.14,11.87,24.37
291,13,7.52,57.99,-6.15,7.08,False,0.0,0.0,0.0,19.84,12.08,11.02,24.59
292,13,11.21,106.14,-6.12,7.43,False,0.0,0.0,0.0,18.76,12.53,11.68,24.68
293,13,15.56,170.52,-5.89,6.97,False,0.0,0.0,0.0,18.73,12.4,11.91,24.3
294,13,20.34,246.23,-5.58,7.95,False,0.0,0.0,0.0,18.98,10.96,11.64,24.33
295,13,25.26,326.71,-5.2,8.03,False,0.0,0.0,0.0,18.64,12.02,11.57,23.99
296,13,30.04,404.86,-4.68,8.12,False,0.0,0.0,0.0,17.88,16.96,11.22,23.53
297,13,34.34,473.86,-4.15,8.33,False,0.0,0.0,0.0,18.95,18.31,11.69,23.09
298,13,37.79,527.79,-3.72,7.5,False,0.0,0.0,0.0,17.64,17.37,21.63,22.43
299,13,40.04,562.07,-3.29,7.46,False,0.0,0.0,0.0,18.23,16.28,22.49,22.01
300,13,40.83,573.83,-3.09,6.1,False,0.0,0.0,0.0,18.85,17.32,20.59,21.42
301,13,40.04,562.07,-2.99,5.82,False,0.0,0.0,0.0,18.22,17.87,22.95,21.25
302,13,37.79,527.79,-2.72,5.55,False,0.0,0.0,0.0,18.05,17.7,21.08,20.92
303,13,34.34,473.86,-2.89,4.71,False,0.0,0.0,0.0,18.7,17.09,21.25,20.83
304,13,30.04,404.86,-2.66,4.56,False,0.0,0.0,0.0,17.98,17.03,22.29,20.58
305,13,25.26,326.71,-2.88,4.41,False,0.0,0.0,0.0,17.86,16.71,22.38,20.74
306,13,20.34,246.23,-2.95,6.11,False,0.0,0.0,0.0,18.46,17.18,23.45,21.3
307,13,15.56,170.52,-3.4,6.05,False,0.0,0.0,0.0,18.34,16.82,11.71,21.7
308,13,11.21,106.14,-3.83,7.31,False,0.0,0.0,0.0,17.96,18.28,11.47,22.48
309,13,7.52,57.99,-4.07,8.06,False,0.0,0.0,0.0,18.74,11.18,11.63,22.93
310,13,4.72,4.45,-4.31,8.57,True,3.0,0.6,0.75,18.7,12.0,12.61,23.32
311,13,2.96,2.14,-5.02,9.72,True,3.0,0.6,0.75,18.46,11.94,13.2,24.37
312,14,2.2,1.59,-5.84,11.05,True,3.0,0.6,0.75,18.58,12.66,11.37,25.6
313,14,2.8,2.03,-6.6,12.52,True,3.0,0.6,0.75,18.98,12.77,11.88,26.86
314,14,4.56,4.22,-7.25,13.93,True,3.0,0.6,0.75,19.35,12.46,11.45,28.0
315,14,7.37,8.98,-7.86,14.87,True,3.0,0.6,0.75,18.83,12.18,11.43,28.96
316,14,11.06,16.64,-8.38,14.98,True,3.0,0.6,0.75,19.27,11.06,12.82,29.55
317,14,15.41,26.91,-8.68,16.85,True,3.0,0.6,0.75,19.27,11.04,10.85,30.54
318,14,20.19,39.01,-8.98,15.81,True,3.0,0.6,0.75,19.43,11.22,9.87,30.47
319,14,25.11,51.88,-9.11,16.85,True,3.0,0.6,0.75,19.11,12.5,11.72,31.0
320,14,29.89,64.38,-9.15,16.77,True,3.0,0.6,0.75,18.73,17.56,12.34,31.01
321,14,34.19,75.43,-9.22,18.29,True,3.0,0.6,0.75,18.92,18.19,11.65,31.65
322,14,37.63,84.06,-9.38,21.55,True,3.0,0.6,0.75,19.26,18.3,11.85,33.04
323,14,39.88,89.55,-9.5,22.2,True,3.0,0.6,0.75,19.87,16.92,12.03,33.43
324,14,40.67,91.43,-9.56,24.86,True,3.0,0.6,0.75,18.95,17.53,11.58,34.5
325,14,39.88,89.55,-9.8,25.86,True,3.0,0.6,0.75,19.5,17.49,11.89,35.16
326,14,37.63,84.06,-10.0,27.27,True,3.0,0.6,0.75,19.07,17.24,11.88,35.93
327,14,34.19,75.43,-10.4,28.98,True,3.0,0.6,0.75,19.29,17.07,10.13,37.07
328,14,29.89,64.38,-10.72,29.16,True,3.0,0.6,0.75,19.89,18.45,11.58,37.53
329,14,25.11,51.88,-11.31,30.54,True,3.0,0.6,0.75,19.66,17.54,10.4,38.8
330,14,20.19,39.01,-12.11,30.3,True,3.0,0.6,0.75,18.96,17.51,11.47,39.7
331,14,15.41,26.91,-12.86,31.03,True,3.0,0.6,0.75,19.31,16.86,11.15,40.93
332,14,11.06,16.64,-13.58,31.21,True,3.0,0.6,0.75,20.13,18.04,12.22,41.9
333,14,7.37,8.98,-14.3,30.63,True,3.0,0.6,0.75,19.77,11.1,11.67,42.55
334,14,4.56,4.22,-14.73,30.24,True,3.0,0.6,0.75,19.31,12.26,11.83,42.91
335,14,2.8,2.03,-15.26,30.83,True,3.0,0.6,0.75,19.5,12.29,11.37,43.83
336,15,2.04,1.47,-15.71,32.47,True,3.0,0.6,0.75,20.17,11.57,12.24,45.14
337,15,2.64,1.91,-16.12,32.61,True,3.0,0.6,0.75,20.33,12.15,10.38,45.73
338,15,4.4,3.98,-16.49,32.38,True,3.0,0.6,0.75,19.99,12.05,10.87,46.08
339,15,7.21,8.68,-16.64,33.48,True,3.0,0.6,0.75,20.99,11.87,12.4,46.79
340,15,10.9,16.28,-16.76,33.14,True,3.0,0.6,0.75,20.34,11.91,11.2,46.78
341,15,15.25,26.52,-16.53,32.79,True,3.0,0.6,0.75,19.89,11.95,10.0,46.32
342,15,20.03,38.6,-16.64,31.0,True,3.0,0.6,0.75,19.67,12.0,12.52,45.63
343,15,24.96,51.47,-16.16,30.98,True,3.0,0.6,0.75,19.55,11.95,12.25,45.02
344,15,29.74,63.97,-15.47,33.54,True,3.0,0.6,0.75,19.99,16.62,12.0,45.31
345,15,34.03,75.02,-15.17,31.94,True,3.0,0.6,0.75,19.63,17.38,11.57,44.22
346,15,37.47,83.66,-14.76,32.19,True,3.0,0.6,0.75,20.44,17.71,12.66,43.81
347,15,39.72,89.15,-14.3,31.43,True,3.0,0.6,0.75,20.3,17.58,12.38,42.9
348,15,40.5,91.03,-13.98,33.02,True,3.0,0.6,0.75,19.93,18.26,12.58,43.2
349,15,39.72,89.15,-13.58,33.63,True,3.0,0.6,0.75,19.16,18.0,11.99,42.94
350,15,37.47,83.66,-13.17,31.15,True,3.0,0.6,0.75,19.31,16.8,11.59,41.37
351,15,34.03,75.02,-12.93,30.64,True,3.0,0.6,0.75,20.05,17.37,11.22,40.86
352,15,29.74,63.97,-12.79,30.46,True,3.0,0.6,0.75,19.31,17.25,10.61,40.61
353,15,24.96,51.47,-12.82,29.94,True,3.0,0.6,0.75,19.99,17.5,11.85,40.43
354,15,20.03,38.6,-12.74,28.67,True,3.0,0.6,0.75,19.72,17.5,11.91,39.8
355,15,15.25,26.52,-12.54,26.29,True,3.0,0.6,0.75,19.53,17.99,11.26,38.56
356,15,10.9,16.28,-12.47,25.36,True,3.0,0.6,0.75,19.22,17.64,11.93,38.1
357,15,7.21,8.68,-12.37,25.68,True,3.0,0.6,0.75,19.45,12.88,11.27,38.11
358,15,4.4,3.98,-12.46,24.17,True,3.0,0.6,0.75,19.57,12.09,12.11,37.59
359,15,2.64,1.91,-12.29,24.33,True,3.0,0.6,0.75,19.89,11.24,10.88,37.46
360,16,1.86,1.35,-12.25,22.3,True,3.0,0.6,0.75,19.12,11.53,10.76,36.59
361,16,2.46,1.78,-11.91,21.81,True,3.0,0.6,0.75,19.32,12.38,11.33,36.0
362,16,4.23,3.74,-11.71,23.73,True,3.0,0.6,0.75,19.42,10.61,12.08,36.55
363,16,7.04,8.36,-11.41,22.28,True,3.0,0.6,0.75,19.63,10.82,10.69,35.62
364,16,10.73,15.92,-11.04,22.07,True,3.0,0.6,0.75,18.96,11.91,12.23,35.12
365,16,15.09,26.12,-10.55,19.71,True,3.0,0.6,0.75,18.74,12.66,10.35,33.64
366,16,19.87,38.19,-9.78,19.61,True,3.0,0.6,0.75,19.44,12.95,11.33,32.75
367,16,24.8,51.04,-9.03,19.36,True,3.0,0.6,0.75,18.48,11.73,10.51,31.83
368,16,29.57,63.55,-8.17,15.63,True,3.0,0.6,0.75,19.49,18.35,9.67,29.56
369,16,33.86,74.6,-7.31,15.23,True,3.0,0.6,0.75,18.82,17.56,11.76,28.52
370,16,37.3,83.24,-6.41,13.86,True,3.0,0.6,0.75,18.15,16.27,11.38,27.11
371,16,39.55,88.73,-5.55,13.0,True,3.0,0.6,0.75,18.47,17.49,10.52,25.96
372,16,40.33,90.62,-4.81,11.7,True,3.0,0.6,0.75,18.73,17.0,11.14,24.79
373,16,39.55,88.73,-4.18,10.19,True,3.0,0.6,0.75,18.29,18.23,11.81,23.69
374,16,37.3,83.24,-3.38,8.7,True,3.0,0.6,0.75,18.41,17.48,11.24,22.46
375,16,33.86,74.6,-2.98,6.64,True,3.0,0.6,0.75,18.65,16.48,11.36,21.48
376,16,29.57,397.17,-2.8,6.21,False,0.0,0.6,0.75,18.25,16.3,21.72,21.18
377,16,24.8,319.02,-2.85,6.23,False,0.0,0.6,0.75,17.97,17.48,21.59,21.24
378,16,19.87,238.66,-3.06,6.63,False,0.0,0.6,0.75,18.25,15.56,21.58,21.55
379,16,15.09,163.26,-3.62,6.47,False,0.0,0.6,0.75,19.0,17.09,11.06,22.03
380,16,10.73,99.48,-4.02,8.16,False,0.0,0.6,0.75,19.16,17.68,10.97,22.91
381,16,7.04,52.27,-4.42,7.99,False,0.0,0.6,0.75,17.72,11.05,10.79,23.24
382,16,4.23,23.35,-4.73,8.1,False,0.0,0.6,0.75,19.0,12.7,11.23,23.57
383,16,2.46,11.13,-5.36,8.82,False,0.0,0.6,0.75,18.74,12.85,11.05,24.41
384,17,1.68,7.61,-5.71,8.4,False,0.0,0.6,0.75,19.05,11.09,10.75,24.6
385,17,2.29,10.33,-5.98,8.51,False,0.0,0.6,0.75,18.5,11.66,12.04,24.9
386,17,4.05,21.82,-6.14,6.54,False,0.0,0.6,0.75,18.03,12.7,12.36,24.4
387,17,6.86,50.27,-6.25,6.71,False,0.0,0.6,0.75,18.98,11.9,11.5,24.56
388,17,10.56,97.11,-6.05,6.48,False,0.0,0.6,0.75,18.35,10.78,11.55,24.29
389,17,14.92,160.67,-6.01,8.39,False,0.0,0.6,0.75,18.17,11.79,11.02,24.89
390,17,19.7,235.95,-5.84,8.0,False,0.0,0.6,0.75,18.17,11.22,12.25,24.6
391,17,24.63,316.27,-5.66,8.78,False,0.0,0.6,0.75,18.92,12.79,12.72,24.68
392,17,29.4,394.41,-5.33,9.92,False,0.0,0.6,0.75,18.7,17.98,11.39,24.74
393,17,33.69,463.5,-5.08,9.83,False,0.0,0.6,0.75,18.92,17.25,11.13,24.46
394,17,37.13,517.52,-4.71,10.27,False,0.0,0.6,0.75,18.83,17.61,22.24,24.24
395,17,39.37,551.88,-4.6,8.51,False,0.0,0.6,0.75,18.38,16.45,22.09,23.58
396,17,40.15,563.66,-4.14,9.67,False,0.0,0.6,0.75,18.47,16.9,21.65,23.5
397,17,39.37,551.88,-4.1,8.24,False,0.0,0.6,0.75,18.29,18.74,22.33,23.01
398,17,37.13,517.52,-3.93,7.68,False,0.0,0.6,0.75,18.39,17.54,22.66,22.68
399,17,33.69,463.5,-3.6,7.67,False,0.0,0.6,0.75,18.05,18.24,21.45,22.37
400,17,29.4,394.41,-3.58,6.72,False,0.0,0.6,0.75,18.59,17.69,23.78,22.06
401,17,24.63,316.27,-3.37,6.19,False,0.0,0.6,0.75,18.83,18.55,20.93,21.71
402,17,19.7,235.95,-3.56,6.08,False,0.0,0.6,0.75,18.1,15.9,21.4,21.85
403,17,14.92,160.67,-3.57,6.47,False,0.0,0.6,0.75,18.94,17.35,11.66,21.98
404,17,10.56,97.11,-3.78,7.17,False,0.0,0.6,0.75,18.5,18.82,13.07,22.39
405,17,6.86,50.27,-4.27,7.65,False,0.0,0.6,0.75,18.61,12.66,11.11,22.99
406,17,4.05,21.82,-4.79,8.32,False,0.0,0.6,0.75,17.89,12.96,10.75,23.7
407,17,2.29,10.33,-5.21,7.55,False,0.0,0.6,0.75,17.9,11.89,11.88,23.85
408,18,1.5,6.77,-5.33,7.18,False,0.0,0.6,0.75,18.7,11.47,11.33,23.85
409,18,2.1,9.49,-5.6,8.11,False,0.0,0.6,0.75,18.99,11.08,11.97,24.41
410,18,3.87,20.27,-5.74,8.0,False,0.0,0.6,0.75,18.42,11.02,11.45,24.51
411,18,6.68,48.22,-5.54,6.8,False,0.0,0.6,0.75,19.33,12.55,10.9,23.92
412,18,10.38,94.68,-5.88,6.53,False,0.0,0.0,0.75,19.0,12.31,13.14,24.16
413,18,14.74,158.0,-5.99,6.36,False,0.0,0.0,0.75,18.35,11.85,9.43,24.19
414,18,19.53,233.15,-5.9,6.1,False,0.0,0.0,0.75,18.72,12.31,12.77,24.03
415,18,24.45,313.42,-5.41,5.83,False,0.0,0.0,0.75,19.64,12.01,12.15,23.48
416,18,29.23,391.56,-5.08,4.82,False,0.0,0.0,0.75,18.11,18.27,10.98,22.86
417,18,33.51,460.66,-4.48,6.5,False,0.0,0.0,0.75,18.75,18.26,12.81,22.84
418,18,36.94,514.71,-4.18,7.06,False,0.0,0.0,0.75,18.37,16.65,21.04,22.73
419,18,39.18,549.08,-3.43,8.18,False,0.0,0.0,0.75,18.69,17.72,22.71,22.36
420,18,39.96,560.87,-3.17,9.47,False,0.0,0.0,0.75,18.89,16.16,20.54,22.49
421,18,39.18,549.08,-3.1,8.24,False,0.0,0.0,0.75,18.22,17.61,21.2,22.06
422,18,36.94,514.71,-2.94,9.84,False,0.0,0.0,0.75,18.8,17.98,21.2,22.38
423,18,33.51,460.66,-2.79,8.5,False,0.0,0.0,0.75,19.22,16.45,21.47,21.84
424,18,29.23,391.56,-2.92,8.24,False,0.0,0.0,0.0,18.38,17.17,22.01,21.89
425,18,24.45,313.42,-3.19,8.64,False,0.0,0.0,0.0,18.7,17.51,21.42,22.27
426,18,19.53,233.15,-3.45,8.18,False,0.0,0.0,0.0,18.18,17.69,20.57,22.38
427,18,14.74,158.0,-3.95,8.94,False,0.0,0.0,0.0,18.48,17.28,11.82,23.09
428,18,10.38,94.68,-4.34,8.17,False,0.0,0.0,0.0,18.45,16.56,11.53,23.22
429,18,6.68,48.22,-4.81,9.19,False,0.0,0.0,0.0,18.9,11.86,11.79,24.0
430,18,3.87,20.27,-5.22,10.04,False,0.0,0.0,0.0,19.11,10.58,11.62,24.67
431,18,2.1,9.49,-5.52,8.65,False,0.0,0.0,0.0,18.62,11.71,12.17,24.5
432,19,1.31,5.91,-6.12,8.32,False,0.0,0.0,0.0,19.35,11.55,11.45,24.98
433,19,1.91,8.63,-6.44,8.28,False,0.0,0.0,0.0,19.38,11.79,12.21,25.26
434,19,3.68,18.72,-6.42,8.04,False,0.0,0.0,0.0,19.11,11.45,10.96,25.17
435,19,6.5,46.13,-6.76,7.54,False,0.0,0.0,0.0,18.61,10.69,11.0,25.32
436,19,10.2,92.19,-6.67,6.88,False,0.0,0.0,0.0,18.56,11.61,12.46,25.0
437,19,14.56,155.25,-6.69,8.7,False,0.0,0.0,0.0,18.48,12.64,12.45,25.65
438,19,19.35,230.27,-6.52,8.16,False,0.0,0.0,0.0,19.16,12.91,11.9,25.3
439,19,24.27,310.47,-6.41,9.42,False,0.0,0.0,0.0,18.28,13.85,10.88,25.62
440,19,29.05,388.61,-6.31,8.96,False,0.0,0.0,0.0,19.03,18.85,10.82,25.37
441,19,33.33,457.72,-5.91,9.5,False,0.0,0.0,0.0,18.28,16.54,12.43,25.16
442,19,36.76,511.79,-5.71,10.1,False,0.0,0.0,0.0,19.01,17.17,22.89,25.16
443,19,38.99,546.19,-5.15,9.25,False,0.0,0.0,0.0,18.62,17.48,21.96,24.34
444,19,39.77,557.98,-4.94,9.35,False,0.0,0.0,0.0,19.13,17.43,23.64,24.17
445,19,38.99,546.19,-4.64,8.24,False,0.0,0.0,0.0,19.01,17.56,22.32,23.53
446,19,36.76,511.79,-4.52,9.54,False,0.0,0.0,0.0,19.12,19.43,21.22,23.82
447,19,33.33,457.72,-4.59,9.78,False,0.0,0.0,0.0,19.13,16.63,21.81,23.97
448,19,29.05,388.61,-4.47,8.51,False,0.0,0.0,0.0,18.59,16.93,22.0,23.46
449,19,24.27,310.47,-4.44,8.92,False,0.0,0.0,0.0,18.07,18.82,22.06,23.56
450,19,19.35,230.27,-4.41,8.6,False,0.0,0.0,0.0,18.11,17.01,22.88,23.42
451,19,14.56,155.25,-4.79,8.09,False,0.0,0.0,0.0,17.74,17.81,10.83,23.63
452,19,10.2,92.19,-5.35,8.12,False,0.0,0.0,0.0,18.21,18.33,10.57,24.18
453,19,6.5,46.13,-6.0,7.36,False,0.0,0.0,0.0,18.75,12.29,11.92,24.54
454,19,3.68,18.72,-6.71,8.63,False,0.0,0.0,0.0,18.58,12.05,11.15,25.64
455,19,1.91,8.63,-7.48,7.51,False,0.0,0.0,0.0,18.83,12.65,13.2,25.99
456,20,1.11,5.01,-7.54,6.56,False,0.0,0.0,0.0,19.1,11.19,12.16,25.72
457,20,1.71,7.74,-7.45,6.96,False,0.0,0.0,0.0,18.77,11.5,11.13,25.77
458,20,3.48,17.16,-7.65,5.45,False,0.0,0.0,0.0,18.47,12.33,12.35,25.42
459,20,6.3,44.01,-7.69,6.04,False,0.0,0.0,0.0,18.9,10.24,12.01,25.67
460,20,10.01,89.63,-7.59,5.07,False,0.0,0.0,0.0,18.55,13.03,11.94,25.24
461,20,14.38,152.42,-6.85,5.36,False,0.0,0.0,0.0,18.71,12.14,11.41,24.66
462,20,19.16,227.29,-6.44,5.71,False,0.0,0.0,0.0,19.31,12.02,11.79,24.4
463,20,24.09,307.43,-5.95,5.37,False,0.0,0.0,0.0,18.61,10.6,10.03,23.83
464,20,28.86,385.56,-5.71,6.62,False,0.0,0.0,0.0,19.39,16.47,12.42,24.02
465,20,33.14,454.69,-5.47,5.55,False,0.0,0.0,0.0,19.23,17.18,9.09,23.45
466,20,36.56,508.78,-4.89,6.17,False,0.0,0.0,0.0,18.35,18.15,21.69,23.11
467,20,38.8,543.19,-4.49,7.26,False,0.0,0.0,0.0,18.09,15.84,20.88,23.08
468,20,39.57,555.0,-4.16,8.32,False,0.0,0.0,0.0,18.48,18.13,21.65,23.1
469,20,38.8,543.19,-3.94,9.28,False,0.0,0.0,0.0,18.93,17.21,21.95,23.18
470,20,36.56,508.78,-3.99,8.05,False,0.0,0.0,0.0,18.28,17.32,21.16,22.86
471,20,33.14,454.69,-3.63,8.24,False,0.0,0.0,0.0,18.8,17.7,20.06,22.57
472,20,28.86,385.56,-3.65,8.88,False,0.0,0.0,0.0,18.92,17.72,22.14,22.78
473,20,24.09,307.43,-3.77,8.27,False,0.0,0.0,0.0,18.14,16.93,23.46,22.71
474,20,19.16,227.29,-3.8,8.19,False,0.0,0.0,0.0,18.19,18.0,21.75,22.71
475,20,14.38,152.42,-4.15,7.86,False,0.0,0.0,0.0,18.78,15.64,12.17,22.95
476,20,10.01,89.63,-4.56,8.4,False,0.0,0.0,0.0,18.61,17.14,12.55,23.51
477,20,6.3,44.01,-4.79,7.95,False,0.0,0.0,0.0,18.3,12.02,10.17,23.59
478,20,3.48,17.16,-5.07,7.6,False,0.0,0.0,0.0,18.47,11.62,11.18,23.74
479,20,1.71,7.74,-5.84,7.53,False,0.0,0.0,0.0,18.67,10.44,10.61,24.44
480,21,0.91,4.09,-6.24,7.24,False,0.0,0.0,0.0,18.12,12.51,10.94,24.72
481,21,1.51,6.82,-6.55,7.87,False,0.0,0.0,0.0,19.09,10.9,12.69,25.23
482,21,3.28,15.62,-6.91,7.75,False,0.0,0.0,0.0,18.64,11.85,11.66,25.53
483,21,6.11,41.85,-6.86,8.28,False,0.0,0.0,0.0,17.71,12.02,12.05,25.66
484,21,9.81,87.01,-6.56,8.54,False,0.0,0.0,0.0,18.78,11.92,11.47,25.47
485,21,14.18,149.51,-6.61,8.8,False,0.0,0.0,0.0,18.5,12.84,10.65,25.6
486,21,18.97,224.22,-6.34,8.87,False,0.0,0.0,0.0,19.44,11.86,11.97,25.37
487,21,23.9,304.3,-5.98,7.32,False,0.0,0.0,0.0,18.48,12.24,12.38,24.51
488,21,28.67,382.41,-5.54,7.12,False,0.0,0.0,0.0,18.23,17.46,11.72,24.02
489,21,32.94,451.56,-5.1,7.72,False,0.0,0.0,0.0,18.82,17.99,11.84,23.81
490,21,36.36,505.67,-4.47,6.73,False,0.0,0.0,0.0,18.27,18.61,21.14,22.9
491,21,38.59,540.1,-3.86,6.84,False,0.0,0.0,0.0,18.15,17.61,22.49,22.36
492,21,39.37,551.92,-3.72,8.01,False,0.0,0.0,0.0,18.65,18.13,22.94,22.59
493,21,38.59,540.1,-3.58,9.25,False,0.0,0.0,0.0,18.01,18.66,22.28,22.82
494,21,36.36,505.67,-3.38,9.52,False,0.0,0.0,0.0,17.82,18.59,20.74,22.71
495,21,32.94,451.56,-3.4,9.81,False,0.0,0.0,0.0,19.1,17.19,23.14,22.82
496,21,28.67,382.41,-3.6,9.75,False,0.0,0.0,0.0,18.66,18.33,21.34,22.99
497,21,23.9,304.3,-4.19,8.5,False,0.0,0.0,0.0,18.4,17.7,22.27,23.18
498,21,18.97,224.22,-4.52,6.4,False,0.0,0.0,0.0,18.54,18.39,22.67,22.84
499,21,14.18,149.51,-4.83,5.61,False,0.0,0.0,0.0,18.78,17.95,12.26,22.88
500,21,9.81,87.01,-5.28,6.74,False,0.0,0.0,0.0,19.02,17.72,10.24,23.66
501,21,6.11,41.85,-5.57,5.76,False,0.0,0.0,0.0,18.37,12.25,11.58,23.61
502,21,3.28,15.62,-5.99,5.51,False,0.0,0.0,0.0,18.87,12.1,11.54,23.92
503,21,1.51,6.82,-6.54,7.45,False,0.0,0.0,0.0,18.58,12.14,12.51,25.09
504,22,0.7,3.14,-6.71,7.42,False,0.0,0.0,0.0,18.73,11.77,11.82,25.23
505,22,1.3,5.88,-7.02,8.15,False,0.0,0.0,0.0,18.91,11.7,12.51,25.77
506,22,3.07,14.09,-7.02,6.93,False,0.0,0.0,0.0,18.84,13.31,11.88,25.36
507,22,5.9,39.67,-7.36,6.47,False,0.0,0.0,0.0,19.18,12.28,11.45,25.51
508,22,9.61,84.34,-7.6,7.95,False,0.0,0.0,0.0,19.11,11.44,11.64,26.26
509,22,13.98,146.53,-7.6,5.95,False,0.0,0.0,0.0,18.31,11.68,12.57,25.55
510,22,18.77,221.08,-7.46,6.98,False,0.0,0.0,0.0,18.35,12.75,10.59,25.79
511,22,23.7,301.08,-7.05,6.07,False,0.0,0.0,0.0,18.7,11.31,12.13,25.09
512,22,28.47,379.17,-6.61,5.56,False,0.0,0.0,0.0,19.52,16.31,11.06,24.5
513,22,32.74,448.33,-6.22,5.6,False,0.0,0.0,0.0,18.41,16.37,10.91,24.16
514,22,36.16,502.47,-5.98,3.93,False,0.0,0.0,0.0,18.63,16.12,22.72,23.38
515,22,38.39,536.92,-5.42,3.77,False,0.0,0.0,0.0,18.44,16.46,21.38,22.82
516,22,39.16,548.73,-5.14,4.17,False,0.0,0.0,0.0,18.39,16.56,22.26,22.7
517,22,38.39,536.92,-4.81,4.51,False,0.0,0.0,0.0,18.65,18.61,21.66,22.52
518,22,36.16,502.47,-4.46,5.06,False,0.0,0.0,0.0,19.1,17.46,20.35,22.37
519,22,32.74,448.33,-4.6,5.77,False,0.0,0.0,0.0,18.73,17.21,22.33,22.72
520,22,28.47,379.17,-4.91,7.5,False,0.0,0.0,0.0,18.27,16.35,22.09,23.56
521,22,23.7,301.08,-4.84,9.25,False,0.0,0.0,0.0,19.68,17.39,20.66,24.04
522,22,18.77,221.08,-5.26,9.15,False,0.0,0.0,0.0,18.66,16.11,21.51,24.42
523,22,13.98,146.53,-5.49,10.03,False,0.0,0.0,0.0,18.43,17.2,10.24,24.93
524,22,9.61,84.34,-6.03,9.99,False,0.0,0.0,0.0,19.29,19.15,12.01,25.44
525,22,5.9,39.67,-6.4,9.93,False,0.0,0.0,0.0,18.58,12.43,12.47,25.78
526,22,3.07,14.09,-6.64,9.06,False,0.0,0.0,0.0,19.46,11.73,12.09,25.72
527,22,1.3,5.88,-7.38,8.31,False,0.0,0.0,0.0,18.54,12.46,12.19,26.18
528,23,0.48,2.17,-7.78,7.89,False,0.0,0.0,0.0,19.51,11.48,11.14,26.41
529,23,1.08,4.9,-8.06,6.87,False,0.0,0.0,0.0,19.05,11.26,11.88,26.31
530,23,2.86,12.93,-8.27,8.8,False,0.0,0.0,0.0,19.51,13.26,11.49,27.2
531,23,5.69,37.47,-8.27,9.64,False,0.0,0.0,0.0,19.75,10.99,11.63,27.5
532,23,9.41,81.62,-8.17,9.34,False,0.0,0.0,0.0,18.53,11.62,12.17,27.3
533,23,13.78,143.48,-7.91,9.55,False,0.0,0.0,0.0,19.46,12.14,12.32,27.12
534,23,18.57,217.84,-7.71,9.2,False,0.0,0.0,0.0,18.36,11.15,11.23,26.8
535,23,23.5,297.77,-7.24,8.66,False,0.0,0.0,0.0,18.45,12.42,10.51,26.16
536,23,28.26,375.84,-6.63,6.78,False,0.0,0.0,0.0,18.47,17.25,11.37,24.94
537,23,32.53,445.0,-6.11,5.98,False,0.0,0.0,0.0,18.93,18.03,11.35,24.18
538,23,35.95,499.17,-5.73,5.09,False,0.0,0.0,0.0,18.7,17.97,22.2,23.55
539,23,38.17,533.63,-5.13,5.31,False,0.0,0.0,0.0,18.55,17.31,22.58,23.07
540,23,38.95,545.46,-4.84,5.45,False,0.0,0.0,0.0,18.64,18.87,20.66,22.84
541,23,38.17,533.63,-4.41,6.29,False,0.0,0.0,0.0,18.77,16.97,21.53,22.71
542,23,35.95,499.17,-4.33,5.76,False,0.0,0.0,0.0,18.79,18.58,21.33,22.46
543,23,32.53,445.0,-4.14,5.37,False,0.0,0.0,0.0,18.93,18.44,22.88,22.17
544,23,28.26,375.84,-3.78,7.23,False,0.0,0.0,0.0,19.18,18.92,21.85,22.4
545,23,23.5,297.77,-3.69,6.79,False,0.0,0.0,0.0,18.43,17.64,21.64,22.19
546,23,18.57,217.84,-4.05,8.22,False,0.0,0.0,0.0,18.28,16.87,22.38,22.96
547,23,13.78,143.48,-4.35,10.39,False,0.0,0.0,0.0,18.77,19.16,11.08,23.92
548,23,9.41,81.62,-4.77,10.96,False,0.0,0.0,0.0,18.11,17.23,11.49,24.52
549,23,5.69,37.47,-5.58,11.18,False,0.0,0.0,0.0,18.4,11.25,12.77,25.39
550,23,2.86,12.93,-6.02,11.06,False,0.0,0.0,0.0,19.12,11.75,12.75,25.79
551,23,1.08,4.9,-6.7,13.16,False,0.0,0.0,0.0,18.75,11.11,11.21,27.18
552,24,0.26,1.17,-7.02,12.19,False,0.0,0.0,0.0,18.36,12.32,11.37,27.16
553,24,0.86,3.91,-7.26,10.45,False,0.0,0.0,0.0,18.28,11.42,11.07,26.8
554,24,2.64,11.94,-7.28,11.2,False,0.0,0.0,0.0,18.89,11.67,10.15,27.08
555,24,5.48,35.26,-7.22,11.29,False,0.0,0.0,0.0,19.32,12.67,12.23,27.06
556,24,9.19,78.84,-7.14,10.65,False,0.0,0.0,0.0,19.31,12.4,13.19,26.76
557,24,13.57,140.36,-6.97,9.05,False,0.0,0.0,0.0,18.88,11.91,11.19,26.03
558,24,18.36,214.53,-6.83,9.16,False,0.0,0.0,0.0,19.62,12.04,10.93,25.94
559,24,23.29,294.36,-6.49,7.62,False,0.0,0.0,0.0,18.74,11.91,11.31,25.09
560,24,28.05,372.41,-5.8,6.82,False,0.0,0.0,0.0,18.64,17.16,11.56,24.17
561,24,32.32,441.59,-5.51,6.45,False,0.0,0.0,0.0,17.63,17.5,10.71,23.78
562,24,35.73,495.77,-5.02,5.89,False,0.0,0.0,0.0,18.42,17.89,21.68,23.15
563,24,37.95,530.25,-4.23,6.15,False,0.0,0.0,0.0,18.85,17.4,22.71,22.49
564,24,38.72,542.08,-3.77,4.92,False,0.0,0.0,0.0,19.08,17.84,22.09,21.69
565,24,37.95,530.25,-3.44,5.42,False,0.0,0.0,0.0,18.08,16.83,22.89,21.55
566,24,35.73,495.77,-2.97,5.38,False,0.0,0.0,0.0,18.54,17.02,22.26,21.1
567,24,32.32,441.59,-2.92,6.18,False,0.0,0.0,0.0,18.77,16.91,21.24,21.29
568,24,28.05,372.41,-2.89,6.68,False,0.0,0.0,0.0,18.35,17.05,21.6,21.41
569,24,23.29,294.36,-3.15,5.27,False,0.0,0.0,0.0,17.47,18.53,22.17,21.24
570,24,18.36,214.53,-3.55,5.6,False,0.0,0.0,0.0,18.53,18.08,21.21,21.7
571,24,13.57,140.36,-4.01,5.63,False,0.0,0.0,0.0,18.79,16.64,10.62,22.13
572,24,9.19,78.84,-4.62,5.94,False,0.0,0.0,0.0,18.18,17.85,10.67,22.79
573,24,5.48,35.26,-5.18,5.37,False,0.0,0.0,0.0,18.52,11.59,11.86,23.13
574,24,2.64,11.94,-5.72,6.5,False,0.0,0.0,0.0,18.22,11.35,11.24,23.99
575,24,0.86,3.91,-6.1,6.9,False,0.0,0.0,0.0,17.7,10.71,12.33,24.48
576,25,0.03,0.14,-6.44,6.65,False,0.0,0.0,0.0,19.18,12.68,10.87,24.72
577,25,0.64,2.88,-6.7,7.5,False,0.0,0.0,0.0,18.8,10.81,9.78,25.25
578,25,2.42,10.93,-6.92,7.22,False,0.0,0.0,0.0,19.47,11.86,11.41,25.36
579,25,5.26,33.03,-7.05,7.85,False,0.0,0.0,0.0,19.19,11.14,12.65,25.71
580,25,8.98,76.03,-7.33,6.32,False,0.0,0.0,0.0,18.74,12.52,11.52,25.43
581,25,13.36,137.16,-7.27,6.49,False,0.0,0.0,0.0,18.84,11.63,10.54,25.44
582,25,18.15,211.13,-6.87,7.83,False,0.0,0.0,0.0,19.05,11.79,10.36,25.52
583,25,23.08,290.87,-6.5,8.46,False,0.0,0.0,0.0,19.17,11.82,12.34,25.38
584,25,27.84,368.89,-6.06,8.35,False,0.0,0.0,0.0,18.86,17.74,10.93,24.93
585,25,32.1,438.08,-5.21,7.82,False,0.0,0.0,0.0,19.07,17.51,12.58,23.94
586,25,35.51,492.27,-4.41,8.12,False,0.0,0.0,0.0,18.41,17.47,22.46,23.28
587,25,37.73,526.78,-3.66,9.05,False,0.0,0.0,0.0,18.04,17.09,21.46,22.84
588,25,38.5,538.61,-2.99,9.46,False,0.0,0.0,0.0,18.33,16.24,22.82,22.31
589,25,37.73,526.78,-2.75,7.67,False,0.0,0.0,0.0,18.41,16.61,21.35,21.56
590,25,35.51,492.27,-2.86,7.43,False,0.0,0.0,0.0,17.86,18.07,20.99,21.6
591,25,32.1,438.08,-3.03,7.69,False,0.0,0.0,0.0,17.83,17.26,21.39,21.83
592,25,27.84,368.89,-2.91,7.06,False,0.0,0.0,0.0,18.53,16.97,22.54,21.53
593,25,23.08,290.87,-3.13,5.76,False,0.0,0.0,0.0,18.21,16.38,22.8,21.36
594,25,18.15,211.13,-3.22,4.24,False,0.0,0.0,0.0,18.32,16.12,21.72,21.0
595,25,13.36,137.16,-3.65,5.2,False,0.0,0.0,0.0,18.29,16.94,10.19,21.67
596,25,8.98,76.03,-4.37,7.03,False,0.0,0.0,0.0,19.13,18.21,10.41,22.9
597,25,5.26,33.03,-4.47,9.1,False,0.0,0.0,0.0,19.04,11.45,10.75,23.64
598,25,2.42,10.93,-5.13,9.58,False,0.0,0.0,0.0,18.12,12.22,10.59,24.43
599,25,0.64,2.88,-5.67,10.0,False,0.0,0.0,0.0,18.47,11.42,11.69,25.09
600,26,-0.2,0.0,-5.98,11.35,False,0.0,0.0,0.0,19.06,12.41,12.86,25.84
601,26,0.41,1.83,-6.33,10.45,False,0.0,0.0,0.0,19.0,11.62,12.06,25.89
602,26,2.19,9.89,-6.77,9.59,False,0.0,0.0,0.0,18.8,10.91,10.71,26.03
603,26,5.03,30.8,-6.96,7.38,False,0.0,0.0,0.0,18.38,11.68,11.01,25.45
604,26,8.75,73.16,-6.87,7.1,False,0.0,0.0,0.0,18.55,13.37,11.15,25.27
605,26,13.14,133.91,-6.4,6.78,False,0.0,0.0,0.0,18.56,13.33,11.77,24.72
606,26,17.93,207.66,-5.82,5.26,False,0.0,0.0,0.0,18.81,12.29,12.6,23.68
607,26,22.86,287.3,-5.3,6.27,False,0.0,0.0,0.0,19.32,11.79,11.17,23.53
608,26,27.62,365.28,-4.76,5.53,False,0.0,0.0,0.0,18.3,17.74,12.58,22.79
609,26,31.88,434.47,-4.33,5.37,False,0.0,0.0,0.0,18.11,17.75,12.97,22.35
610,26,35.28,488.69,-3.74,5.2,False,0.0,0.0,0.0,18.41,17.47,21.76,21.76
611,26,37.49,523.2,-3.28,6.14,False,0.0,0.0,0.0,18.81,17.85,21.74,21.61
612,26,38.26,535.05,-2.75,6.9,False,0.0,0.0,0.0,17.75,17.67,21.75,21.34
613,26,37.49,523.2,-2.72,6.67,False,0.0,0.0,0.0,18.91,17.25,22.04,21.24
614,26,35.28,488.69,-2.28,7.19,False,0.0,0.0,0.0,18.2,16.54,21.75,20.98
615,26,31.88,434.47,-2.19,7.35,False,0.0,0.0,0.0,17.97,17.13,22.62,20.94
616,26,27.62,365.28,-2.21,7.49,False,0.0,0.0,0.0,17.62,18.14,20.92,21.0
617,26,22.86,287.3,-2.48,7.16,False,0.0,0.0,0.0,18.58,17.47,21.63,21.16
618,26,17.93,207.66,-3.05,6.53,False,0.0,0.0,0.0,18.3,17.74,22.23,21.51
619,26,13.14,133.91,-3.49,5.72,False,0.0,0.0,0.0,18.49,17.27,12.11,21.68
620,26,8.75,73.16,-3.9,5.98,False,0.0,0.0,0.0,18.11,16.65,13.04,22.13
621,26,5.03,30.8,-4.69,5.64,False,0.0,0.0,0.0,18.44,11.71,10.6,22.77
622,26,2.19,9.89,-5.55,5.84,False,0.0,0.0,0.0,18.47,11.08,11.04,23.62
623,26,0.41,1.83,-6.15,5.35,False,0.0,0.0,0.0,18.7,11.03,9.91,24.01
624,27,-0.44,0.0,-6.63,5.91,False,0.0,0.0,0.0,18.53,12.86,10.72,24.64
625,27,0.17,0.76,-6.92,6.98,False,0.0,0.0,0.0,18.22,11.56,10.26,25.28
626,27,1.95,8.83,-7.17,6.81,False,0.0,0.0,0.0,19.95,11.31,11.14,25.45
627,27,4.8,28.58,-7.08,7.54,False,0.0,0.0,0.0,18.3,13.19,11.34,25.62
628,27,8.52,70.27,-7.2,8.24,False,0.0,0.0,0.0,18.94,12.55,11.83,25.98
629,27,12.91,130.59,-7.36,7.94,False,0.0,0.0,0.0,18.17,11.6,11.29,26.03
630,27,17.71,204.11,-7.02,7.74,False,0.0,0.0,0.0,18.04,12.24,11.83,25.64
631,27,22.64,283.64,-6.63,7.27,False,0.0,0.0,0.0,18.84,11.71,11.58,25.1
632,27,27.39,361.59,-5.91,6.74,False,0.0,0.0,0.0,18.78,16.95,10.78,24.25
633,27,31.65,430.77,-5.41,8.11,False,0.0,0.0,0.0,19.15,17.88,10.32,24.23
634,27,35.05,485.01,-4.74,8.35,False,0.0,0.0,0.0,18.73,17.24,22.41,23.66
635,27,37.26,519.54,-4.26,8.12,False,0.0,0.0,0.0,18.45,17.56,23.15,23.13
636,27,38.02,531.39,-4.01,7.33,False,0.0,0.0,0.0,18.1,18.32,23.77,22.65
637,27,37.26,519.54,-3.43,6.56,False,0.0,0.0,0.0,19.01,18.23,22.65,21.87
638,27,35.05,485.01,-3.23,6.46,False,0.0,0.0,0.0,18.76,17.06,23.02,21.66
639,27,31.65,430.77,-3.06,4.17,False,0.0,0.0,0.0,17.87,17.89,22.32,20.83
640,27,27.39,361.59,-3.19,3.6,False,0.0,0.0,0.0,18.4,16.6,22.21,20.78
641,27,22.64,283.64,-3.6,4.92,False,0.0,0.0,0.0,18.49,17.86,22.08,21.54
642,27,17.71,204.11,-4.12,6.43,False,0.0,0.0,0.0,18.36,17.62,21.93,22.48
643,27,12.91,130.59,-4.81,6.83,False,0.0,0.0,0.0,18.89,17.8,11.92,23.25
644,27,8.52,70.27,-5.35,7.09,False,0.0,0.0,0.0,18.97,17.26,11.14,23.84
645,27,4.8,28.58,-5.82,7.77,False,0.0,0.0,0.0,18.62,13.57,11.4,24.5
646,27,1.95,8.83,-6.44,8.33,False,0.0,0.0,0.0,18.66,11.18,10.68,25.28
647,27,0.17,0.76,-7.06,8.27,False,0.0,0.0,0.0,19.45,12.68,11.83,25.86
648,28,-0.69,0.0,-7.64,8.8,False,0.0,0.0,0.0,19.29,11.07,10.83,26.59
649,28,-0.08,0.0,-7.83,9.28,False,0.0,0.0,0.0,18.97,12.3,11.52,26.95
650,28,1.71,7.74,-8.06,9.79,False,0.0,0.0,0.0,18.32,12.36,11.85,27.36
651,28,4.56,26.36,-8.42,9.1,False,0.0,0.0,0.0,19.15,11.94,11.91,27.45
652,28,8.29,67.33,-8.18,8.59,False,0.0,0.0,0.0,19.26,11.5,12.04,27.04
653,28,12.68,127.21,-7.71,7.48,False,0.0,0.0,0.0,17.82,12.01,11.35,26.2
654,28,17.48,200.48,-7.41,6.41,False,0.0,0.0,0.0,18.99,12.11,11.84,25.54
655,28,22.41,279.89,-7.08,6.63,False,0.0,0.0,0.0,18.68,13.33,11.16,25.31
656,28,27.16,357.8,-6.59,5.89,False,0.0,0.0,0.0,18.7,16.8,10.12,24.6
657,28,31.41,426.98,-6.03,5.73,False,0.0,0.0,0.0,18.36,17.06,11.87,24.03
658,28,34.81,481.23,-5.4,4.59,False,0.0,0.0,0.0,18.59,17.73,22.21,23.07
659,28,37.01,515.78,-4.94,4.04,False,0.0,0.0,0.0,19.15,17.3,22.71,22.48
660,28,37.78,527.63,-4.47,3.1,False,0.0,0.0,0.0,18.36,17.42,21.98,21.77
661,28,37.01,515.78,-3.98,2.19,False,0.0,0.0,0.0,18.86,18.36,20.88,21.05
662,28,34.81,481.23,-3.45,2.16,False,0.0,0.0,0.0,18.09,15.24,21.94,20.58
663,28,31.41,426.98,-3.26,2.54,False,0.0,0.0,0.0,18.69,17.02,22.62,20.53
664,28,27.16,357.8,-3.43,5.23,False,0.0,0.0,0.0,18.41,16.11,22.33,21.48
665,28,22.41,279.89,-3.42,5.87,False,0.0,0.0,0.0,18.55,16.54,21.9,21.66
666,28,17.48,200.48,-3.72,6.28,False,0.0,0.0,0.0,18.45,19.42,20.84,22.06
667,28,12.68,127.21,-4.3,7.03,False,0.0,0.0,0.0,18.77,17.98,10.78,22.83
668,28,8.29,67.33,-4.84,8.22,False,0.0,0.0,0.0,17.55,18.26,11.83,23.72
669,28,4.56,26.36,-5.67,8.99,False,0.0,0.0,0.0,18.11,11.84,10.33,24.76
670,28,1.71,7.74,-6.42,7.0,False,0.0,0.0,0.0,18.94,12.51,11.28,24.82
671,28,-0.08,0.0,-6.87,7.42,False,0.0,0.0,0.0,18.01,10.49,11.53,25.38
672,29,-0.94,0.0,-7.17,8.45,False,0.0,0.0,0.0,18.65,12.73,12.3,26.02
673,29,-0.32,0.0,-7.86,8.79,False,0.0,0.0,0.0,18.92,11.24,11.93,26.81
674,29,1.47,6.63,-7.97,8.32,False,0.0,0.0,0.0,18.63,11.47,12.17,26.75
675,29,4.32,24.16,-8.18,8.81,False,0.0,0.0,0.0,18.7,12.3,11.71,27.12
676,29,8.05,64.37,-8.03,9.94,False,0.0,0.0,0.0,19.07,12.15,10.91,27.38
677,29,12.44,123.77,-7.77,9.97,False,0.0,0.0,0.0,19.34,11.97,11.07,27.13
678,29,17.24,196.78,-7.43,9.47,False,0.0,0.0,0.0,18.51,10.81,10.85,26.62
679,29,22.17,276.06,-6.86,9.3,False,0.0,0.0,0.0,18.59,11.98,11.91,26.01
680,29,26.92,353.92,-6.38,9.64,False,0.0,0.0,0.0,18.47,18.27,11.01,25.67
681,29,31.17,423.1,-5.69,7.77,False,0.0,0.0,0.0,17.71,17.07,11.22,24.38
682,29,34.56,477.36,-5.05,8.78,False,0.0,0.0,0.0,18.66,18.55,22.02,24.1
683,29,36.76,511.92,-4.48,8.12,False,0.0,0.0,0.0,18.91,16.8,23.15,23.34
684,29,37.53,523.78,-3.9,8.18,False,0.0,0.0,0.0,18.87,17.51,22.46,22.81
685,29,36.76,511.92,-3.58,8.74,False,0.0,0.0,0.0,18.08,18.73,21.46,22.67
686,29,34.56,477.36,-3.68,7.66,False,0.0,0.0,0.0,17.94,16.95,22.11,22.44
687,29,31.17,423.1,-3.48,8.69,False,0.0,0.0,0.0,18.43,18.34,23.16,22.55
688,29,26.92,353.92,-3.61,6.25,False,0.0,0.0,0.0,18.76,19.08,22.43,21.95
689,29,22.17,276.06,-4.12,6.61,False,0.0,0.0,0.0,18.56,17.64,20.88,22.54
690,29,17.24,196.78,-4.07,6.12,False,0.0,0.0,0.0,18.6,17.08,21.36,22.33
691,29,12.44,123.77,-4.74,5.09,False,0.0,0.0,0.0,19.03,16.88,10.81,22.64
692,29,8.05,64.37,-5.07,5.34,False,0.0,0.0,0.0,18.31,18.54,12.51,23.02
693,29,4.32,24.16,-5.5,7.23,False,0.0,0.0,0.0,18.57,12.92,12.38,24.03
694,29,1.47,6.63,-6.03,9.8,False,0.0,0.0,0.0,19.38,13.06,11.06,25.38
695,29,-0.32,0.0,-6.53,9.3,False,0.0,0.0,0.0,18.71,11.87,11.05,25.7
696,30,-1.19,0.0,-7.17,10.25,False,0.0,0.0,0.0,18.35,12.73,11.53,26.65
697,30,-0.58,0.0,-7.66,9.63,False,0.0,0.0,0.0,18.65,11.86,11.55,26.9
698,30,1.21,5.49,-7.91,8.91,False,0.0,0.0,0.0,18.57,11.19,10.83,26.9
699,30,4.07,21.99,-8.07,6.36,False,0.0,0.0,0.0,19.11,12.8,11.33,26.13
700,30,7.81,61.38,-7.85,5.76,False,0.0,0.0,0.0,18.58,13.21,10.48,25.72
701,30,12.2,120.28,-7.6,7.57,False,0.0,0.0,0.0,19.02,11.08,12.39,26.12
702,30,17.0,193.01,-7.29,6.65,False,0.0,0.0,0.0,18.58,11.07,10.27,25.51
703,30,21.93,272.15,-6.64,6.92,False,0.0,0.0,0.0,17.95,11.93,10.26,25.0
704,30,26.68,349.96,-6.35,7.42,False,0.0,0.0,0.0,18.88,18.26,11.8,24.89
705,30,30.92,419.13,-5.86,8.13,False,0.0,0.0,0.0,18.76,16.59,10.63,24.67
706,30,34.31,473.4,-5.13,6.91,False,0.0,0.0,0.0,18.82,17.68,21.65,23.58
707,30,36.51,507.98,-4.62,5.32,False,0.0,0.0,0.0,18.29,17.03,22.04,22.6
708,30,37.28,519.84,-4.21,6.31,False,0.0,0.0,0.0,18.19,18.06,22.47,22.52
709,30,36.51,507.98,-3.79,6.57,False,0.0,0.0,0.0,18.62,16.86,21.85,22.21
710,30,34.31,473.4,-3.64,8.02,False,0.0,0.0,0.0,19.04,18.12,23.25,22.51
711,30,30.92,419.13,-3.5,8.27,False,0.0,0.0,0.0,18.42,17.37,22.0,22.46
712,30,26.68,349.96,-3.74,8.05,False,0.0,0.0,0.0,18.62,16.75,22.83,22.61
713,30,21.93,272.15,-4.02,9.07,False,0.0,0.0,0.0,18.35,17.55,22.19,23.2
714,30,17.0,193.01,-4.48,9.22,False,0.0,0.0,0.0,17.92,15.95,23.49,23.68
715,30,12.2,120.28,-4.96,9.19,False,0.0,0.0,0.0,18.98,17.05,12.24,24.14
716,30,7.81,61.38,-5.59,7.91,False,0.0,0.0,0.0,19.03,17.77,11.53,24.33
717,30,4.07,21.99,-6.2,8.74,False,0.0,0.0,0.0,19.03,10.48,11.94,25.19
718,30,1.21,5.49,-6.74,8.28,False,0.0,0.0,0.0,18.74,9.84,11.32,25.56
719,30,-0.58,0.0,-7.24,6.84,False,0.0,0.0,0.0,19.11,10.03,11.31,25.53
720,31,-1.45,0.0,-7.75,6.13,False,0.0,0.0,0.0,19.29,12.96,10.59,25.75
721,31,-0.84,0.0,-7.87,7.06,False,0.0,0.0,0.0,19.59,11.84,10.93,26.2
722,31,0.96,4.33,-7.84,7.84,False,0.0,0.0,0.0,19.34,11.47,12.94,26.45
723,31,3.82,19.85,-7.96,7.74,False,0.0,0.0,0.0,18.98,12.66,10.66,26.53
724,31,7.56,58.38,-8.1,8.36,False,0.0,0.0,0.0,18.45,11.58,11.04,26.88
725,31,11.96,116.74,-7.79,8.53,False,0.0,0.0,0.0,19.0,12.11,11.43,26.64
726,31,16.76,189.17,-7.6,8.75,False,0.0,0.0,0.0,19.01,11.92,11.46,26.54
727,31,21.69,268.17,-6.82,8.7,False,0.0,0.0,0.0,19.1,11.52,11.77,25.77
728,31,26.44,345.91,-6.51,7.46,False,0.0,0.0,0.0,19.32,17.74,11.17,25.06
729,31,30.67,415.07,-5.89,5.9,False,0.0,0.0,0.0,18.67,18.12,11.81,23.96
730,31,34.06,469.35,-5.34,4.83,False,0.0,0.0,0.0,19.48,17.35,22.8,23.1
731,31,36.25,503.94,-4.77,5.69,False,0.0,0.0,0.0,17.87,17.13,22.89,22.85
732,31,37.02,515.81,-4.47,6.41,False,0.0,0.0,0.0,18.7,17.23,21.81,22.8
733,31,36.25,503.94,-4.18,6.17,False,0.0,0.0,0.0,18.18,15.66,22.43,22.46
734,31,34.06,469.35,-4.22,8.45,False,0.0,0.0,0.0,17.74,17.73,21.2,23.19
735,31,30.67,415.07,-4.25,8.2,False,0.0,0.0,0.0,18.43,16.53,21.49,23.15
736,31,26.44,345.91,-4.24,10.14,False,0.0,0.0,0.0,17.93,18.0,21.18,23.74
737,31,21.69,268.17,-4.55,10.61,False,0.0,0.0,0.0,18.48,17.43,21.97,24.19
738,31,16.76,189.17,-4.64,9.45,False,0.0,0.0,0.0,18.57,17.58,21.4,23.91
739,31,11.96,116.74,-5.12,10.58,False,0.0,0.0,0.0,19.06,18.06,10.44,24.74
740,31,7.56,58.38,-5.5,8.68,False,0.0,0.0,0.0,18.06,16.76,11.23,24.5
741,31,3.82,19.85,-6.08,10.35,False,0.0,0.0,0.0,19.09,12.2,10.29,25.62
742,31,0.96,4.33,-6.73,10.26,False,0.0,0.0,0.0,18.85,12.11,12.43,26.21
743,31,-0.84,0.0,-7.4,10.12,False,0.0,0.0,0.0,19.3,11.75,11.11,26.83
744,32,-1.72,0.0,-7.88,10.53,False,0.0,0.0,0.0,18.77,11.16,12.19,27.44
745,32,-1.1,0.0,-7.99,8.44,False,0.0,0.0,0.0,18.43,12.38,11.16,26.81
746,32,0.7,3.14,-8.3,8.83,False,0.0,0.0,0.0,18.51,12.46,10.66,27.24
747,32,3.56,17.76,-8.2,7.73,False,0.0,0.0,0.0,18.47,11.99,12.32,26.75
748,32,7.3,55.36,-8.11,7.46,False,0.0,0.0,0.0,19.16,11.04,11.56,26.57
749,32,11.71,113.15,-7.9,7.46,False,0.0,0.0,0.0,19.54,11.48,12.82,26.36
750,32,16.51,185.26,-7.2,8.32,False,0.0,0.0,0.0,18.64,11.85,11.17,26.01
751,32,21.44,264.1,-6.81,7.98,False,0.0,0.0,0.0,19.07,12.45,11.19,25.52
752,32,26.18,341.78,-5.83,8.54,False,0.0,0.0,0.0,18.09,16.23,12.2,24.77
753,32,30.42,410.92,-5.23,9.89,False,0.0,0.0,0.0,18.7,17.05,12.21,24.63
754,32,33.8,465.21,-4.71,9.88,False,0.0,0.0,0.0,18.83,17.18,22.11,24.11
755,32,35.99,499.81,-4.07,8.76,False,0.0,0.0,0.0,17.91,17.43,24.33,23.15
756,32,36.75,511.68,-3.56,7.04,False,0.0,0.0,0.0,18.35,16.46,21.8,22.14
757,32,35.99,499.81,-3.28,7.08,False,0.0,0.0,0.0,18.68,17.33,21.11,21.89
758,32,33.8,465.21,-3.32,6.69,False,0.0,0.0,0.0,17.23,17.25,21.3,21.81
759,32,30.42,410.92,-3.12,5.79,False,0.0,0.0,0.0,18.91,16.67,21.81,21.36
760,32,26.18,341.78,-3.09,6.89,False,0.0,0.0,0.0,18.51,17.41,23.06,21.65
761,32,21.44,264.1,-3.28,7.36,False,0.0,0.0,0.0,18.68,17.07,21.87,21.97
762,32,16.51,185.26,-3.61,7.84,False,0.0,0.0,0.0,18.27,17.9,23.1,22.43
763,32,11.71,113.15,-4.17,9.02,False,0.0,0.0,0.0,17.81,16.79,11.8,23.32
764,32,7.3,55.36,-4.84,9.46,False,0.0,0.0,0.0,18.79,17.57,12.26,24.11
765,32,3.56,17.76,-5.47,10.34,False,0.0,0.0,0.0,18.62,11.25,11.77,25.01
766,32,0.7,3.14,-5.97,9.28,False,0.0,0.0,0.0,18.73,11.42,11.77,25.14
767,32,-1.1,0.0,-6.45,9.32,False,0.0,0.0,0.0,19.21,12.14,12.03,25.62
768,33,-1.99,0.0,-6.69,9.83,False,0.0,0.0,0.0,19.11,12.09,11.1,26.03
769,33,-1.37,0.0,-6.9,10.37,False,0.0,0.0,0.0,19.6,11.57,11.11,26.42
770,33,0.43,1.93,-6.96,9.69,False,0.0,0.0,0.0,18.9,11.68,11.74,26.25
771,33,3.29,15.72,-6.95,8.12,False,0.0,0.0,0.0,18.56,10.74,12.86,25.7
772,33,7.04,52.33,-7.17,6.97,False,0.0,0.0,0.0,18.79,13.02,10.42,25.51
773,33,11.45,109.52,-6.77,5.92,False,0.0,0.0,0.0,18.98,12.45,10.08,24.78
774,33,16.26,181.29,-6.65,6.08,False,0.0,0.0,0.0,19.2,12.42,11.32,24.72
775,33,21.18,259.96,-6.15,4.65,False,0.0,0.0,0.0,18.15,10.62,12.22,23.78
776,33,25.93,337.57,-5.71,4.25,False,0.0,0.0,0.0,18.69,17.02,11.54,23.25
777,33,30.16,406.69,-5.08,4.39,False,0.0,0.0,0.0,19.25,17.23,10.68,22.73
778,33,33.53,460.98,-4.39,5.04,False,0.0,0.0,0.0,18.43,15.96,22.06,22.3
779,33,35.72,495.59,-3.72,6.05,False,0.0,0.0,0.0,18.82,18.21,20.79,22.0
780,33,36.48,507.47,-3.14,5.96,False,0.0,0.0,0.0,18.57,18.66,22.44,21.43
781,33,35.72,495.59,-3.02,5.81,False,0.0,0.0,0.0,18.74,19.15,21.78,21.27
782,33,33.53,460.98,-2.75,5.58,False,0.0,0.0,0.0,18.01,16.66,21.94,20.96
783,33,30.16,406.69,-2.69,5.91,False,0.0,0.0,0.0,18.0,17.59,22.3,20.99
784,33,25.93,337.57,-2.76,5.54,False,0.0,0.0,0.0,18.34,18.56,22.14,20.95
785,33,21.18,259.96,-3.0,5.38,False,0.0,0.0,0.0,17.75,17.3,21.62,21.13
786,33,16.26,181.29,-3.65,4.28,False,0.0,0.0,0.0,18.33,17.05,22.72,21.4
787,33,11.45,109.52,-4.16,6.0,False,0.0,0.0,0.0,18.6,16.01,12.06,22.39
788,33,7.04,52.33,-5.02,6.99,False,0.0,0.0,0.0,19.32,18.41,10.26,23.5
789,33,3.29,15.72,-5.74,6.34,False,0.0,0.0,0.0,18.85,11.88,11.34,23.96
790,33,0.43,1.93,-6.4,5.81,False,0.0,0.0,0.0,19.02,11.32,10.74,24.39
791,33,-1.37,0.0,-6.95,7.58,False,0.0,0.0,0.0,19.3,12.13,10.61,25.51
792,34,-2.26,0.0,-7.69,8.69,False,0.0,0.0,0.0,18.54,12.02,11.87,26.61
793,34,-1.65,0.0,-8.2,7.66,False,0.0,0.0,0.0,18.92,12.03,11.21,26.72
794,34,0.16,0.7,-8.33,7.68,False,0.0,0.0,0.0,19.97,11.73,11.4,26.86
795,34,3.03,13.74,-8.19,8.82,False,0.0,0.0,0.0,18.95,13.2,11.03,27.13
796,34,6.78,49.3,-8.06,10.15,False,0.0,0.0,0.0,19.41,11.79,11.76,27.48
797,34,11.19,105.85,-7.68,8.67,False,0.0,0.0,0.0,19.31,13.2,11.97,26.59
798,34,16.0,177.26,-7.51,8.23,False,0.0,0.0,0.0,18.31,12.35,13.02,26.27
799,34,20.92,255.75,-6.97,7.34,False,0.0,0.0,0.0,18.96,12.18,11.37,25.45
800,34,25.66,333.27,-6.11,8.03,False,0.0,0.0,0.0,18.79,17.41,10.49,24.86
801,34,29.89,402.37,-5.47,7.72,False,0.0,0.0,0.0,18.79,18.28,11.15,24.16
802,34,33.26,456.66,-4.76,6.7,False,0.0,0.0,0.0,18.27,17.59,22.59,23.16
803,34,35.44,491.28,-4.25,7.74,False,0.0,0.0,0.0,18.06,16.75,21.46,23.01
804,34,36.2,503.16,-3.68,8.84,False,0.0,0.0,0.0,18.25,16.73,20.96,22.8
805,34,35.44,491.28,-3.11,11.59,False,0.0,0.0,0.0,18.33,17.84,21.47,23.06
806,34,33.26,456.66,-2.94,11.35,False,0.0,0.0,0.0,18.83,16.77,21.63,22.82
807,34,29.89,402.37,-2.9,13.34,False,0.0,0.0,0.0,19.07,17.45,21.24,23.36
808,34,25.66,333.27,-2.64,13.42,False,0.0,0.0,0.0,18.88,18.35,22.15,23.12
809,34,20.92,255.75,-2.77,13.11,False,0.0,0.0,0.0,18.68,17.74,21.94,23.17
810,34,16.0,177.26,-3.27,12.78,False,0.0,0.0,0.0,17.99,16.92,22.55,23.57
811,34,11.19,105.85,-3.89,10.62,False,0.0,0.0,0.0,18.3,18.63,11.19,23.54
812,34,6.78,49.3,-4.41,9.1,False,0.0,0.0,0.0,18.61,17.94,11.89,23.58
813,34,3.03,13.74,-5.12,8.44,False,0.0,0.0,0.0,18.36,12.71,11.16,24.06
814,34,0.16,0.7,-6.03,8.53,False,0.0,0.0,0.0,18.95,10.09,10.71,24.95
815,34,-1.65,0.0,-6.77,8.63,False,0.0,0.0,0.0,19.1,12.16,11.12,25.7
816,35,-2.54,0.0,-7.48,6.89,False,0.0,0.0,0.0,19.11,12.57,10.37,25.77
817,35,-1.93,0.0,-7.91,6.37,False,0.0,0.0,0.0,19.36,13.26,12.75,25.99
818,35,-0.12,0.0,-8.16,7.02,False,0.0,0.0,0.0,18.62,10.73,11.6,26.45
819,35,2.75,12.44,-8.18,5.08,False,0.0,0.0,0.0,19.36,12.86,10.94,25.78
820,35,6.51,46.27,-8.15,5.75,False,0.0,0.0,0.0,18.7,13.22,11.24,25.99
821,35,10.92,102.14,-7.8,5.05,False,0.0,0.0,0.0,18.56,10.29,9.78,25.42
822,35,15.73,173.17,-7.36,5.38,False,0.0,0.0,0.0,19.1,12.28,12.5,25.13
823,35,20.66,251.46,-6.77,5.77,False,0.0,0.0,0.0,19.3,12.39,12.44,24.73
824,35,25.4,328.9,-6.03,5.65,False,0.0,0.0,0.0,18.92,17.24,11.58,24.0
825,35,29.62,397.97,-5.5,5.55,False,0.0,0.0,0.0,18.67,17.11,11.72,23.48
826,35,32.98,452.26,-4.72,5.78,False,0.0,0.0,0.0,18.69,18.03,21.11,22.84
827,35,35.16,486.88,-4.21,5.54,False,0.0,0.0,0.0,18.56,17.01,21.16,22.29
828,35,35.92,498.77,-3.51,5.58,False,0.0,0.0,0.0,17.97,17.33,20.81,21.65
829,35,35.16,486.88,-3.03,6.12,False,0.0,0.0,0.0,17.87,18.15,21.89,21.38
830,35,32.98,452.26,-2.45,5.57,False,0.0,0.0,0.0,18.26,18.9,22.74,20.68
831,35,29.62,397.97,-2.59,5.46,False,0.0,0.0,0.0,18.34,17.93,21.73,20.78
832,35,25.4,328.9,-2.77,4.47,False,0.0,0.0,0.0,18.34,17.61,22.24,20.65
833,35,20.66,251.46,-3.22,5.37,False,0.0,0.0,0.0,18.66,17.09,22.69,21.32
834,35,15.73,173.17,-3.54,7.12,False,0.0,0.0,0.0,18.34,16.69,20.86,22.15
835,35,10.92,102.14,-4.2,7.81,False,0.0,0.0,0.0,18.73,18.39,12.79,22.98
836,35,6.51,46.27,-4.81,8.27,False,0.0,0.0,0.0,18.52,17.38,12.31,23.7
837,35,2.75,12.44,-5.36,8.54,False,0.0,0.0,0.0,19.37,12.82,11.86,24.31
838,35,-0.12,0.0,-6.24,9.04,False,0.0,0.0,0.0,18.78,11.64,12.15,25.33
839,35,-1.93,0.0,-6.92,8.68,False,0.0,0.0,0.0,19.77,11.38,12.18,25.86
840,36,-2.83,0.0,-7.59,9.51,False,0.0,0.0,0.0,19.05,12.24,11.7,26.79
841,36,-2.21,0.0,-8.34,8.22,False,0.0,0.0,0.0,18.91,11.84,12.5,27.05
842,36,-0.4,0.0,-8.5,7.64,False,0.0,0.0,0.0,18.66,10.94,11.18,27.0
843,36,2.47,11.18,-8.53,8.35,False,0.0,0.0,0.0,18.45,13.35,11.82,27.28
844,36,6.24,43.25,-8.77,8.95,False,0.0,0.0,0.0,18.66,11.4,12.43,27.74
845,36,10.65,98.39,-8.51,9.27,False,0.0,0.0,0.0,18.67,12.64,9.62,27.6
846,36,15.46,169.02,-7.83,7.72,False,0.0,0.0,0.0,19.1,12.57,11.81,26.39
847,36,20.39,247.1,-7.3,9.58,False,0.0,0.0,0.0,18.67,10.89,12.01,26.54
848,36,25.13,324.45,-6.67,10.45,False,0.0,0.0,0.0,18.87,16.7,10.3,26.22
849,36,29.35,393.48,-5.79,11.08,False,0.0,0.0,0.0,19.21,17.26,11.7,25.56
850,36,32.7,447.77,-4.95,11.76,False,0.0,0.0,0.0,18.56,16.81,21.44,24.95
851,36,34.88,482.39,-4.12,11.77,False,0.0,0.0,0.0,19.33,18.88,22.28,24.12
852,36,35.64,494.28,-3.25,11.15,False,0.0,0.0,0.0,17.92,17.34,21.93,23.07
853,36,34.88,482.39,-2.84,9.41,False,0.0,0.0,0.0,18.28,18.21,21.34,22.16
854,36,32.7,447.77,-2.69,9.47,False,0.0,0.0,0.0,18.11,17.91,22.78,22.02
855,36,29.35,393.48,-2.92,8.42,False,0.0,0.0,0.0,18.73,17.71,21.71,21.94
856,36,25.13,324.45,-2.99,7.88,False,0.0,0.0,0.0,17.46,17.53,22.19,21.85
857,36,20.39,247.1,-3.37,6.46,False,0.0,0.0,0.0,17.83,18.49,22.92,21.79
858,36,15.46,169.02,-3.59,6.37,False,0.0,0.0,0.0,18.39,16.84,21.36,21.96
859,36,10.65,98.39,-4.2,7.34,False,0.0,0.0,0.0,19.13,18.88,11.51,22.84
860,36,6.24,43.25,-4.92,6.54,False,0.0,0.0,0.0,18.68,16.47,11.15,23.26
861,36,2.47,11.18,-5.5,6.33,False,0.0,0.0,0.0,18.12,12.53,11.31,23.74
862,36,-0.4,0.0,-6.13,5.32,False,0.0,0.0,0.0,18.26,10.78,13.01,23.98
863,36,-2.21,0.0,-6.53,6.24,False,0.0,0.0,0.0,19.45,11.65,11.82,24.66
864,37,-3.12,0.0,-7.21,6.05,False,0.0,0.0,0.0,18.62,11.97,11.72,25.23
865,37,-2.5,0.0,-7.74,6.35,False,0.0,0.0,0.0,18.55,11.51,11.87,25.83
866,37,-0.69,0.0,-8.18,6.98,False,0.0,0.0,0.0,19.57,11.75,11.8,26.46
867,37,2.19,9.9,-8.13,8.27,False,0.0,0.0,0.0,19.38,10.79,10.22,26.88
868,37,5.96,40.25,-7.78,8.4,False,0.0,0.0,0.0,19.44,11.11,13.11,26.59
869,37,10.38,94.62,-7.38,7.82,False,0.0,0.0,0.0,18.51,12.3,10.47,26.0
870,37,15.19,164.82,-6.93,7.79,False,0.0,0.0,0.0,18.22,11.92,12.71,25.56
871,37,20.12,242.68,-6.23,5.93,False,0.0,0.0,0.0,18.8,11.35,11.93,24.28
872,37,24.85,319.92,-5.58,6.07,False,0.0,0.0,0.0,18.8,18.56,11.63,23.72
873,37,29.06,388.91,-4.93,4.39,False,0.0,0.0,0.0,18.74,16.52,11.29,22.59
874,37,32.42,443.19,-4.1,4.26,False,0.0,0.0,0.0,19.08,17.21,23.82,21.8
875,37,34.59,477.82,-3.23,4.78,False,0.0,0.0,0.0,17.69,17.1,22.42,21.16
876,37,35.34,489.71,-2.58,5.03,False,0.0,0.0,0.0,18.65,17.99,22.01,20.64
877,37,34.59,477.82,-1.93,5.57,False,0.0,0.0,0.0,17.79,17.54,21.63,20.2
878,37,32.42,443.19,-1.65,6.04,False,0.0,0.0,0.0,18.54,17.41,21.54,20.07
879,37,29.06,388.91,-1.6,7.91,False,0.0,0.0,0.0,18.0,16.02,22.04,20.54
880,37,24.85,319.92,-1.51,7.38,False,0.0,0.0,0.0,17.86,18.19,21.35,20.31
881,37,20.12,242.68,-1.83,6.65,False,0.0,0.0,0.0,17.98,17.33,22.48,20.41
882,37,15.19,164.82,-2.57,8.29,False,0.0,0.0,0.0,17.73,17.59,21.55,21.57
883,37,10.38,94.62,-3.04,7.94,False,0.0,0.0,0.0,18.38,16.9,12.2,21.91
884,37,5.96,40.25,-3.71,8.91,False,0.0,0.0,0.0,18.14,16.78,12.19,22.85
885,37,2.19,9.9,-4.47,6.65,False,0.0,0.0,0.0,18.85,13.1,11.46,22.87
886,37,-0.69,0.0,-5.09,8.17,False,0.0,0.0,0.0,18.87,10.48,11.91,23.94
887,37,-2.5,0.0,-5.82,8.44,False,0.0,0.0,0.0,19.37,11.06,11.94,24.72
888,38,-3.42,0.0,-6.62,8.28,False,0.0,0.0,0.0,18.94,13.08,10.48,25.44
889,38,-2.8,0.0,-7.2,8.87,False,0.0,0.0,0.0,19.07,12.41,12.71,26.2
890,38,-0.98,0.0,-7.32,7.65,False,0.0,0.0,0.0,19.44,11.64,11.32,25.88
891,38,1.9,8.61,-7.19,7.98,False,0.0,0.0,0.0,18.61,12.9,11.99,25.88
892,38,5.67,37.27,-6.78,6.74,False,0.0,0.0,0.0,18.22,12.26,12.01,25.07
893,38,10.1,90.82,-6.54,7.58,False,0.0,0.0,0.0,18.86,12.09,9.76,25.12
894,38,14.91,160.57,-6.28,6.5,False,0.0,0.0,0.0,18.18,12.08,11.04,24.51
895,38,19.84,238.19,-5.61,7.85,False,0.0,0.0,0.0,19.66,12.27,12.09,24.34
896,38,24.57,315.31,-4.79,7.47,False,0.0,0.0,0.0,19.16,17.9,11.54,23.43
897,38,28.78,384.27,-4.08,9.03,False,0.0,0.0,0.0,19.35,19.26,11.98,23.24
898,38,32.13,438.53,-3.45,9.36,False,0.0,0.0,0.0,18.44,17.34,22.06,22.74
899,38,34.3,473.16,-2.99,10.35,False,0.0,0.0,0.0,18.58,17.37,22.86,22.58
900,38,35.05,485.06,-2.33,11.59,False,0.0,0.0,0.0,18.1,16.51,22.08,22.28
901,38,34.3,473.16,-1.88,10.26,False,0.0,0.0,0.0,18.58,17.46,23.0,21.46
902,38,32.13,438.53,-1.69,11.23,False,0.0,0.0,0.0,17.72,18.99,21.31,21.55
903,38,28.78,384.27,-1.56,11.16,False,0.0,0.0,0.0,17.17,18.29,21.91,21.39
904,38,24.57,315.31,-1.97,10.76,False,0.0,0.0,0.0,17.92,17.07,21.58,21.69
905,38,19.84,238.19,-2.31,9.46,False,0.0,0.0,0.0,17.7,17.52,22.27,21.66
906,38,14.91,160.57,-2.8,7.41,False,0.0,0.0,0.0,18.93,16.46,21.8,21.53
907,38,10.1,90.82,-3.33,8.37,False,0.0,0.0,0.0,19.13,16.72,11.34,22.32
908,38,5.67,37.27,-4.31,6.97,False,0.0,0.0,0.0,17.96,17.62,11.01,22.82
909,38,1.9,8.61,-5.2,5.46,False,0.0,0.0,0.0,19.14,11.5,11.18,23.17
910,38,-0.98,0.0,-5.95,5.78,False,0.0,0.0,0.0,19.1,11.06,11.49,23.97
911,38,-2.8,0.0,-6.59,5.7,False,0.0,0.0,0.0,18.16,12.29,10.09,24.53
912,39,-3.72,0.0,-7.32,7.22,False,0.0,0.0,0.0,18.72,11.83,9.89,25.74
913,39,-3.1,0.0,-8.0,7.97,False,0.0,0.0,0.0,18.73,10.65,11.54,26.64
914,39,-1.28,0.0,-8.15,8.41,False,0.0,0.0,0.0,19.28,10.24,9.56,26.95
915,39,1.61,7.29,-8.4,8.38,False,0.0,0.0,0.0,18.52,11.44,11.36,27.18
916,39,5.39,34.33,-8.57,9.01,False,0.0,0.0,0.0,18.99,10.63,11.24,27.57
917,39,9.81,87.0,-8.38,8.99,False,0.0,0.0,0.0,18.73,10.4,11.88,27.37
918,39,14.63,156.27,-7.89,8.15,False,0.0,0.0,0.0,19.14,12.8,11.03,26.61
919,39,19.56,233.63,-7.46,6.41,False,0.0,0.0,0.0,18.81,11.82,12.6,25.59
920,39,24.28,310.64,-6.65,6.51,False,0.0,0.0,0.0,18.58,17.29,12.09,24.87
921,39,28.49,379.54,-5.89,7.06,False,0.0,0.0,0.0,18.62,17.35,10.44,24.34
922,39,31.83,433.79,-5.36,7.08,False,0.0,0.0,0.0,19.46,16.59,21.8,23.84
923,39,34.0,468.42,-4.83,7.05,False,0.0,0.0,0.0,18.41,17.83,23.07,23.34
924,39,34.75,480.32,-4.15,7.95,False,0.0,0.0,0.0,18.08,17.4,21.51,22.97
925,39,34.0,468.42,-3.47,8.33,False,0.0,0.0,0.0,18.65,16.89,21.96,22.44
926,39,31.83,433.79,-3.28,7.9,False,0.0,0.0,0.0,18.34,17.01,22.98,22.13
927,39,28.49,379.54,-3.05,8.9,False,0.0,0.0,0.0,17.8,16.52,21.62,22.21
928,39,24.28,310.64,-3.51,8.51,False,0.0,0.0,0.0,19.31,17.18,22.79,22.53
929,39,19.56,233.63,-3.94,7.95,False,0.0,0.0,0.0,18.33,17.31,21.36,22.77
930,39,14.63,156.27,-4.5,7.34,False,0.0,0.0,0.0,18.39,17.15,19.98,23.12
931,39,9.81,87.0,-5.14,7.04,False,0.0,0.0,0.0,18.68,17.54,12.36,23.62
932,39,5.39,34.33,-5.99,8.18,False,0.0,0.0,0.0,19.41,17.44,11.81,24.8
933,39,1.61,7.29,-6.76,7.37,False,0.0,0.0,0.0,18.14,12.08,11.85,25.26
934,39,-1.28,0.0,-7.5,7.69,False,0.0,0.0,0.0,19.01,12.65,10.73,26.07
935,39,-3.1,0.0,-8.42,7.46,False,0.0,0.0,0.0,19.84,12.37,10.79,26.86
936,40,-4.02,0.0,-8.88,7.08,False,0.0,0.0,0.0,19.12,12.66,12.31,27.16
937,40,-3.4,0.0,-9.31,8.89,False,0.0,0.0,0.0,18.62,11.22,11.67,28.24
938,40,-1.58,0.0,-9.51,8.78,False,0.0,0.0,0.0,18.89,11.49,11.42,28.39
939,40,1.32,5.95,-9.69,8.29,False,0.0,0.0,0.0,19.25,12.42,11.65,28.38
940,40,5.09,31.42,-9.44,7.51,False,0.0,0.0,0.0,19.66,12.44,12.56,27.84
941,40,9.52,83.17,-9.11,7.95,False,0.0,0.0,0.0,18.96,11.36,12.01,27.69
942,40,14.34,151.92,-8.52,8.38,False,0.0,0.0,0.0,19.35,12.39,11.17,27.29
943,40,19.27,229.01,-7.98,7.28,False,0.0,0.0,0.0,18.38,11.15,10.52,26.38
944,40,23.99,305.89,-6.97,7.14,False,0.0,0.0,0.0,18.26,17.88,11.91,25.38
945,40,28.2,374.73,-6.13,7.73,False,0.0,0.0,0.0,18.54,17.48,10.85,24.79
946,40,31.53,428.97,-5.34,8.7,False,0.0,0.0,0.0,19.22,16.39,21.17,24.35
947,40,33.69,463.6,-4.82,8.88,False,0.0,0.0,0.0,18.61,17.15,22.92,23.91
948,40,34.44,475.49,-4.05,7.97,False,0.0,0.0,0.0,18.6,19.25,22.61,22.89
949,40,33.69,463.6,-3.6,7.59,False,0.0,0.0,0.0,18.54,17.66,22.27,22.35
950,40,31.53,428.97,-3.32,8.34,False,0.0,0.0,0.0,18.84,19.34,21.13,22.3
951,40,28.2,374.73,-3.07,8.9,False,0.0,0.0,0.0,18.12,16.34,23.25,22.22
952,40,23.99,305.89,-3.09,8.41,False,0.0,0.0,0.0,18.65,18.1,22.72,22.1
953,40,19.27,229.01,-3.42,8.77,False,0.0,0.0,0.0,18.08,15.47,21.79,22.52
954,40,14.34,151.92,-3.91,10.49,False,0.0,0.0,0.0,19.26,17.5,21.64,23.52
955,40,9.52,83.17,-4.32,10.27,False,0.0,0.0,0.0,18.2,18.0,11.55,23.85
956,40,5.09,31.42,-5.18,8.78,False,0.0,0.0,0.0,18.27,18.17,11.17,24.22
957,40,1.32,5.95,-6.03,9.69,False,0.0,0.0,0.0,18.94,11.26,13.05,25.34
958,40,-1.58,0.0,-6.95,10.33,False,0.0,0.0,0.0,18.87,12.73,11.23,26.45
959,40,-3.4,0.0,-7.57,9.79,False,0.0,0.0,0.0,19.04,11.47,10.75,26.88
960,41,-4.33,0.0,-8.56,8.66,False,0.0,0.0,0.0,19.12,11.77,12.61,27.43
961,41,-3.71,0.0,-9.28,8.64,False,0.0,0.0,0.0,18.68,11.55,11.1,28.12
962,41,-1.88,0.0,-9.49,8.32,False,0.0,0.0,0.0,19.78,10.99,12.05,28.2
963,41,1.01,4.58,-9.72,8.1,False,0.0,0.0,0.0,19.52,13.16,11.97,28.33
964,41,4.8,28.57,-9.46,7.17,False,0.0,0.0,0.0,19.68,11.94,11.46,27.73
965,41,9.23,79.33,-9.11,8.28,False,0.0,0.0,0.0,18.88,12.77,10.82,27.81
966,41,14.05,147.53,-8.57,7.82,False,0.0,0.0,0.0,19.19,12.74,11.47,27.13
967,41,18.98,224.34,-7.95,8.03,False,0.0,0.0,0.0,19.03,11.13,10.68,26.63
968,41,23.7,301.07,-7.4,7.68,False,0.0,0.0,0.0,19.34,18.47,11.48,25.97
969,41,27.9,369.85,-6.44,6.92,False,0.0,0.0,0.0,19.24,17.9,12.04,24.8
970,41,31.23,424.07,-5.61,7.21,False,0.0,0.0,0.0,18.75,16.67,23.2,24.12
971,41,33.39,458.69,-4.78,6.6,False,0.0,0.0,0.0,17.97,17.86,21.24,23.15
972,41,34.13,470.59,-4.33,6.28,False,0.0,0.0,0.0,19.23,16.68,21.82,22.62
973,41,33.39,458.69,-3.82,5.72,False,0.0,0.0,0.0,18.68,18.79,21.63,21.99
974,41,31.23,424.07,-3.88,5.9,False,0.0,0.0,0.0,18.22,18.15,22.19,22.09
975,41,27.9,369.85,-3.84,5.06,False,0.0,0.0,0.0,18.62,17.44,20.93,21.81
976,41,23.7,301.07,-4.08,5.14,False,0.0,0.0,0.0,17.88,18.51,21.35,22.04
977,41,18.98,224.34,-4.55,5.04,False,0.0,0.0,0.0,18.97,16.23,20.82,22.45
978,41,14.05,147.53,-5.11,6.07,False,0.0,0.0,0.0,18.03,16.9,20.99,23.29
979,41,9.23,79.33,-5.61,6.63,False,0.0,0.0,0.0,18.59,17.3,11.04,23.93
980,41,4.8,28.57,-6.42,7.03,False,0.0,0.0,0.0,18.87,19.29,12.67,24.82
981,41,1.01,4.58,-7.29,6.96,False,0.0,0.0,0.0,19.29,11.04,11.74,25.61
982,41,-1.88,0.0,-8.09,6.12,False,0.0,0.0,0.0,19.01,10.53,11.55,26.06
983,41,-3.71,0.0,-8.65,6.74,False,0.0,0.0,0.0,19.29,10.74,12.44,26.81
984,42,-4.65,0.0,-9.34,6.74,False,0.0,0.0,0.0,19.11,12.62,11.77,27.46
985,42,-4.02,0.0,-9.74,6.14,False,0.0,0.0,0.0,19.16,11.42,11.83,27.61
986,42,-2.19,0.0,-10.33,5.97,False,0.0,0.0,0.0,19.27,11.77,11.17,28.08
987,42,0.71,3.2,-10.35,7.2,False,0.0,0.0,0.0,19.17,12.51,11.05,28.59
988,42,4.5,25.78,-10.06,8.26,False,0.0,0.0,0.0,18.53,11.77,10.58,28.71
989,42,8.93,75.48,-9.68,7.81,False,0.0,0.0,0.0,18.85,12.06,11.08,28.18
990,42,13.76,143.11,-9.06,7.47,False,0.0,0.0,0.0,19.18,12.33,11.3,27.46
991,42,18.68,219.61,-8.41,7.6,False,0.0,0.0,0.0,18.91,11.56,11.74,26.9
992,42,23.4,296.18,-7.67,9.65,False,0.0,0.0,0.0,18.86,17.37,11.47,26.93
993,42,27.59,364.9,-6.7,9.42,False,0.0,0.0,0.0,18.67,17.69,11.24,25.9
994,42,30.92,419.09,-5.69,8.65,False,0.0,0.0,0.0,18.34,18.19,21.36,24.67
995,42,33.07,453.7,-4.68,9.1,False,0.0,0.0,0.0,18.36,16.87,22.28,23.84
996,42,33.82,465.6,-3.86,9.74,False,0.0,0.0,0.0,18.34,15.08,21.65,23.24
997,42,33.07,453.7,-3.01,9.8,False,0.0,0.0,0.0,18.36,18.04,22.25,22.43
998,42,30.92,419.09,-2.77,8.16,False,0.0,0.0,0.0,18.49,18.24,20.66,21.72
999,42,27.59,364.9,-2.83,7.06,False,0.0,0.0,0.0,18.27,17.66,22.24,21.46
1000,42,23.4,296.18,-3.04,6.7,False,0.0,0.0,0.0,17.95,17.71,22.52,21.55
1001,42,18.68,219.61,-3.27,6.38,False,0.0,0.0,0.0,17.83,17.05,22.43,21.68
1002,42,13.76,143.11,-3.71,5.52,False,0.0,0.0,0.0,19.48,17.9,21.86,21.82
1003,42,8.93,75.48,-4.29,6.49,False,0.0,0.0,0.0,18.06,18.18,12.14,22.66
1004,42,4.5,25.78,-4.97,8.59,False,0.0,0.0,0.0,18.39,17.55,10.61,23.96
1005,42,0.71,3.2,-5.93,8.35,False,0.0,0.0,0.0,18.92,13.89,11.44,24.8
1006,42,-2.19,0.0,-6.59,8.98,False,0.0,0.0,0.0,18.94,10.65,11.36,25.65
1007,42,-4.02,0.0,-7.12,9.17,False,0.0,0.0,0.0,19.06,12.03,12.23,26.22
1008,43,-4.96,0.0,-7.72,10.1,False,0.0,0.0,0.0,18.75,10.96,10.09,27.13
1009,43,-4.34,0.0,-8.23,9.95,False,0.0,0.0,0.0,19.08,12.6,10.76,27.58
1010,43,-2.51,0.0,-8.31,7.73,False,0.0,0.0,0.0,19.02,10.63,12.72,26.85
1011,43,0.4,1.81,-8.32,8.42,False,0.0,0.0,0.0,18.87,10.83,9.8,27.11
1012,43,4.19,23.05,-8.26,8.62,False,0.0,0.0,0.0,19.09,11.39,12.07,27.13
1013,43,8.63,71.63,-7.88,9.46,False,0.0,0.0,0.0,19.37,12.11,11.01,27.06
1014,43,13.46,138.65,-7.55,8.63,False,0.0,0.0,0.0,18.9,11.42,11.68,26.45
1015,43,18.38,214.82,-7.08,9.17,False,0.0,0.0,0.0,18.84,11.43,12.49,26.18
1016,43,23.1,291.23,-6.34,9.04,False,0.0,0.0,0.0,19.19,17.36,11.71,25.42
1017,43,27.29,359.87,-5.53,10.83,False,0.0,0.0,0.0,19.05,17.31,12.5,25.23
1018,43,30.61,414.03,-4.63,10.96,False,0.0,0.0,0.0,19.19,18.69,21.66,24.38
1019,43,32.76,448.64,-4.18,9.47,False,0.0,0.0,0.0,17.8,18.05,21.75,23.47
1020,43,33.5,460.53,-3.81,9.94,False,0.0,0.0,0.0,18.82,17.24,22.55,23.25
1021,43,32.76,448.64,-3.3,8.54,False,0.0,0.0,0.0,18.64,19.18,21.69,22.34
1022,43,30.61,414.03,-2.81,8.55,False,0.0,0.0,0.0,17.98,17.89,22.42,21.87
1023,43,27.29,359.87,-2.6,6.16,False,0.0,0.0,0.0,18.41,16.72,22.83,20.98
1024,43,23.1,291.23,-2.8,5.19,False,0.0,0.0,0.0,18.76,17.71,22.61,20.89
1025,43,18.38,214.82,-3.09,5.01,False,0.0,0.0,0.0,18.04,17.93,20.89,21.1
1026,43,13.46,138.65,-3.67,5.31,False,0.0,0.0,0.0,18.62,16.95,21.76,21.72
1027,43,8.63,71.63,-4.45,5.86,False,0.0,0.0,0.0,18.88,16.66,11.7,22.61
1028,43,4.19,23.05,-5.05,5.53,False,0.0,0.0,0.0,18.18,17.57,11.33,23.06
1029,43,0.4,1.81,-5.93,6.94,False,0.0,0.0,0.0,18.65,11.61,11.56,24.34
1030,43,-2.51,0.0,-6.94,7.78,False,0.0,0.0,0.0,18.95,13.08,11.71,25.57
1031,43,-4.34,0.0,-7.77,9.32,False,0.0,0.0,0.0,18.61,12.49,11.13,26.9
1032,44,-5.29,0.0,-8.19,9.12,False,0.0,0.0,0.0,18.63,11.39,11.36,27.24
1033,44,-4.66,0.0,-8.96,8.4,False,0.0,0.0,0.0,19.02,12.24,10.67,27.71
1034,44,-2.83,0.0,-9.26,9.05,False,0.0,0.0,0.0,19.43,12.91,11.17,28.24
1035,44,0.09,0.39,-9.24,8.57,False,0.0,0.0,0.0,19.37,10.78,10.43,28.05
1036,44,3.88,20.41,-9.06,7.47,False,0.0,0.0,0.0,18.74,11.08,11.58,27.47
1037,44,8.33,67.79,-8.78,5.18,False,0.0,0.0,0.0,19.31,11.89,11.36,26.37
1038,44,13.15,134.16,-8.41,4.25,False,0.0,0.0,0.0,18.68,11.93,10.86,25.69
1039,44,18.08,209.98,-7.83,4.39,False,0.0,0.0,0.0,18.3,11.86,12.75,25.21
1040,44,22.79,286.22,-6.89,4.31,False,0.0,0.0,0.0,18.68,17.25,11.33,24.33
1041,44,26.98,354.78,-6.02,4.04,False,0.0,0.0,0.0,19.17,17.24,11.7,23.45
1042,44,30.29,408.9,-5.49,4.35,False,0.0,0.0,0.0,18.92,17.81,21.55,23.08
1043,44,32.44,443.5,-4.84,5.65,False,0.0,0.0,0.0,18.58,18.41,21.71,22.9
1044,44,33.18,455.39,-4.56,6.45,False,0.0,0.0,0.0,18.38,17.12,22.23,22.89
1045,44,32.44,443.5,-3.94,6.52,False,0.0,0.0,0.0,18.32,19.45,21.77,22.34
1046,44,30.29,408.9,-3.83,5.63,False,0.0,0.0,0.0,18.5,19.07,22.0,21.97
1047,44,26.98,354.78,-3.84,4.89,False,0.0,0.0,0.0,18.03,18.56,22.56,21.75
1048,44,22.79,286.22,-3.96,5.33,False,0.0,0.0,0.0,18.34,18.0,21.64,21.99
1049,44,18.08,209.98,-4.39,4.44,False,0.0,0.0,0.0,18.44,19.11,21.07,22.12
1050,44,13.15,134.16,-4.59,4.08,False,0.0,0.0,0.0,18.01,17.27,20.93,22.18
1051,44,8.33,67.79,-5.34,4.63,False,0.0,0.0,0.0,18.31,16.83,12.51,23.04
1052,44,3.88,20.41,-6.14,5.72,False,0.0,0.0,0.0,18.9,17.08,12.15,24.13
1053,44,0.09,0.39,-6.92,6.04,False,0.0,0.0,0.0,18.83,11.1,11.96,24.95
1054,44,-2.83,0.0,-7.87,5.96,False,0.0,0.0,0.0,18.82,12.0,11.19,25.81
1055,44,-4.66,0.0,-8.5,6.74,False,0.0,0.0,0.0,18.65,12.14,10.57,26.67
1056,45,-5.61,0.0,-9.14,7.71,False,0.0,0.0,0.0,19.73,12.06,11.3,27.63
1057,45,-4.99,0.0,-9.57,7.96,False,0.0,0.0,0.0,18.81,11.89,11.43,28.13
1058,45,-3.15,0.0,-10.06,7.97,False,0.0,0.0,0.0,19.31,12.01,10.71,28.61
1059,45,-0.23,0.0,-10.54,8.19,False,0.0,0.0,0.0,19.07,13.29,10.47,29.15
1060,45,3.57,17.85,-10.44,8.22,False,0.0,0.0,0.0,19.27,12.4,10.29,29.06
1061,45,8.02,63.96,-10.08,8.86,False,0.0,0.0,0.0,19.39,12.64,11.96,28.97
1062,45,12.85,129.64,-9.48,7.21,False,0.0,0.0,0.0,18.59,12.05,10.66,27.77
1063,45,17.77,205.1,-8.85,8.43,False,0.0,0.0,0.0,19.06,10.61,11.72,27.62
1064,45,22.48,281.14,-8.22,8.62,False,0.0,0.0,0.0,19.46,16.05,11.22,27.09
1065,45,26.66,349.61,-7.51,9.17,False,0.0,0.0,0.0,19.61,19.17,11.91,26.6
1066,45,29.97,403.7,-6.28,8.49,False,0.0,0.0,0.0,18.7,17.07,22.24,25.18
1067,45,32.11,438.28,-5.64,7.84,False,0.0,0.0,0.0,18.69,17.01,21.84,24.35
1068,45,32.85,450.16,-5.08,8.7,False,0.0,0.0,0.0,19.49,17.7,22.09,24.1
1069,45,32.11,438.28,-4.39,6.32,False,0.0,0.0,0.0,18.98,17.94,21.92,22.7
1070,45,29.97,403.7,-4.1,5.67,False,0.0,0.0,0.0,18.24,18.04,21.57,22.22
1071,45,26.66,349.61,-4.07,6.23,False,0.0,0.0,0.0,18.24,18.92,22.69,22.38
1072,45,22.48,281.14,-4.24,7.2,False,0.0,0.0,0.0,18.89,18.7,21.7,22.83
1073,45,17.77,205.1,-4.51,6.88,False,0.0,0.0,0.0,18.14,16.85,21.94,22.98
1074,45,12.85,129.64,-4.95,6.13,False,0.0,0.0,0.0,19.03,18.27,21.01,23.16
1075,45,8.02,63.96,-5.54,7.21,False,0.0,0.0,0.0,18.8,17.19,11.69,24.06
1076,45,3.57,17.85,-6.45,7.93,False,0.0,0.0,0.0,18.98,17.39,11.07,25.16
1077,45,-0.23,0.0,-7.27,7.25,False,0.0,0.0,0.0,18.77,11.02,11.17,25.7
1078,45,-3.15,0.0,-8.07,7.18,False,0.0,0.0,0.0,18.72,10.55,10.91,26.43
1079,45,-4.99,0.0,-8.94,7.22,False,0.0,0.0,0.0,19.66,11.87,11.41,27.26
1080,46,-5.94,0.0,-9.52,8.15,False,0.0,0.0,0.0,19.04,11.14,10.1,28.16
1081,46,-5.31,0.0,-10.06,7.33,False,0.0,0.0,0.0,19.04,12.64,11.98,28.36
1082,46,-3.47,0.0,-10.16,8.1,False,0.0,0.0,0.0,19.19,11.68,11.47,28.75
1083,46,-0.55,0.0,-10.13,8.06,False,0.0,0.0,0.0,19.29,12.15,11.17,28.7
1084,46,3.25,15.41,-10.22,7.74,False,0.0,0.0,0.0,18.81,12.99,10.42,28.67
1085,46,7.7,60.14,-9.53,7.76,False,0.0,0.0,0.0,18.92,10.71,11.8,28.03
1086,46,12.54,125.09,-9.17,8.21,False,0.0,0.0,0.0,18.85,11.32,11.06,27.85
1087,46,17.46,200.17,-8.33,8.07,False,0.0,0.0,0.0,19.34,12.04,12.41,27.0
1088,46,22.17,276.01,-7.71,6.6,False,0.0,0.0,0.0,18.57,17.75,11.84,25.89
1089,46,26.34,344.38,-6.8,6.77,False,0.0,0.0,0.0,18.11,18.38,12.57,25.09
1090,46,29.65,398.42,-6.14,6.77,False,0.0,0.0,0.0,17.95,18.19,22.1,24.47
1091,46,31.78,432.98,-5.44,7.42,False,0.0,0.0,0.0,18.06,17.58,22.75,24.03
1092,46,32.52,444.87,-4.41,6.19,False,0.0,0.0,0.0,19.07,17.74,22.32,22.68
1093,46,31.78,432.98,-4.03,7.25,False,0.0,0.0,0.0,18.49,17.76,21.68,22.65
1094,46,29.65,398.42,-3.63,6.8,False,0.0,0.0,0.0,18.64,16.32,22.13,22.13
1095,46,26.34,344.38,-3.25,5.47,False,0.0,0.0,0.0,18.61,17.37,21.42,21.39
1096,46,22.17,276.01,-3.27,6.68,False,0.0,0.0,0.0,18.41,17.7,23.45,21.76
1097,46,17.46,200.17,-3.75,6.24,False,0.0,0.0,0.0,18.42,17.87,21.93,22.08
1098,46,12.54,125.09,-4.32,6.64,False,0.0,0.0,0.0,18.94,16.76,22.02,22.74
1099,46,7.7,60.14,-4.7,5.71,False,0.0,0.0,0.0,18.62,16.48,11.77,22.79
1100,46,3.25,15.41,-5.46,6.7,False,0.0,0.0,0.0,19.22,17.31,10.74,23.82
1101,46,-0.55,0.0,-6.26,7.72,False,0.0,0.0,0.0,19.0,13.47,12.42,24.9
1102,46,-3.47,0.0,-7.23,8.61,False,0.0,0.0,0.0,18.62,11.24,10.78,26.13
1103,46,-5.31,0.0,-7.94,10.05,False,0.0,0.0,0.0,18.75,12.84,10.62,27.33
1104,47,-6.28,0.0,-8.54,10.52,False,0.0,0.0,0.0,18.73,13.17,11.38,28.09
1105,47,-5.65,0.0,-9.12,10.87,False,0.0,0.0,0.0,19.58,11.94,10.6,28.78
1106,47,-3.8,0.0,-9.61,10.65,False,0.0,0.0,0.0,18.99,11.36,12.59,29.19
1107,47,-0.88,0.0,-9.52,10.96,False,0.0,0.0,0.0,18.82,12.31,11.34,29.21
1108,47,2.93,13.25,-9.52,8.47,False,0.0,0.0,0.0,19.27,12.06,9.25,28.28
1109,47,7.39,56.36,-9.16,6.61,False,0.0,0.0,0.0,19.06,11.21,11.64,27.24
1110,47,12.22,120.53,-8.72,5.61,False,0.0,0.0,0.0,19.16,11.37,11.89,26.47
1111,47,17.14,195.19,-8.13,4.93,False,0.0,0.0,0.0,19.73,12.26,11.2,25.68
1112,47,21.85,270.82,-7.32,4.44,False,0.0,0.0,0.0,19.24,18.25,10.55,24.76
1113,47,26.02,339.08,-6.51,4.09,False,0.0,0.0,0.0,18.79,17.24,11.43,23.92
1114,47,29.32,393.07,-5.61,5.34,False,0.0,0.0,0.0,18.11,17.44,21.66,23.51
1115,47,31.45,427.62,-4.65,5.59,False,0.0,0.0,0.0,18.36,18.03,21.32,22.71
1116,47,32.19,439.49,-3.7,6.1,False,0.0,0.0,0.0,18.73,17.36,21.26,21.98
1117,47,31.45,427.62,-3.3,6.12,False,0.0,0.0,0.0,17.93,17.26,22.11,21.63
1118,47,29.32,393.07,-2.91,6.71,False,0.0,0.0,0.0,19.21,16.9,22.63,21.43
1119,47,26.02,339.08,-2.78,6.36,False,0.0,0.0,0.0,18.34,16.88,22.32,21.21
1120,47,21.85,270.82,-2.71,6.01,False,0.0,0.0,0.0,18.34,19.64,20.79,21.05
1121,47,17.14,195.19,-3.21,7.51,False,0.0,0.0,0.0,18.12,17.34,22.43,21.95
1122,47,12.22,120.53,-3.65,7.1,False,0.0,0.0,0.0,18.64,18.59,22.54,22.24
1123,47,7.39,56.36,-4.5,7.37,False,0.0,0.0,0.0,18.08,18.85,12.48,23.13
1124,47,2.93,13.25,-5.04,7.25,False,0.0,0.0,0.0,19.47,17.35,10.84,23.6
1125,47,-0.88,0.0,-5.99,8.99,False,0.0,0.0,0.0,19.25,12.19,11.46,25.07
1126,47,-3.8,0.0,-6.73,9.31,False,0.0,0.0,0.0,19.2,11.98,11.9,25.89
1127,47,-5.65,0.0,-7.49,8.74,False,0.0,0.0,0.0,18.34,10.61,11.13,26.43
1128,48,-6.62,0.0,-8.4,9.15,False,0.0,0.0,0.0,19.09,10.66,11.89,27.45
1129,48,-5.99,0.0,-9.03,11.43,False,0.0,0.0,0.0,19.57,11.94,11.48,28.91
1130,48,-4.14,0.0,-9.56,10.78,False,0.0,0.0,0.0,19.38,11.56,10.91,29.19
1131,48,-1.21,0.0,-9.6,8.57,False,0.0,0.0,0.0,18.75,13.41,10.97,28.4
1132,48,2.61,11.79,-9.64,8.81,False,0.0,0.0,0.0,18.9,11.71,12.37,28.53
1133,48,7.07,52.6,-9.45,8.95,False,0.0,0.0,0.0,18.95,13.46,10.8,28.39
1134,48,11.9,115.95,-9.2,8.49,False,0.0,0.0,0.0,18.86,11.52,10.68,27.98
1135,48,16.82,190.18,-8.86,6.01,False,0.0,0.0,0.0,19.67,13.43,11.74,26.74
1136,48,21.53,265.57,-8.2,5.8,False,0.0,0.0,0.0,18.22,17.91,11.48,26.05
1137,48,25.69,333.72,-7.18,5.94,False,0.0,0.0,0.0,19.12,17.95,10.58,25.16
1138,48,28.99,387.66,-6.32,4.71,False,0.0,0.0,0.0,18.24,17.09,21.64,23.95
1139,48,31.11,422.18,-5.71,5.04,False,0.0,0.0,0.0,18.3,17.96,21.43,23.51
1140,48,31.85,434.05,-4.91,6.07,False,0.0,0.0,0.0,17.78,18.85,21.55,23.1
1141,48,31.11,422.18,-4.34,7.27,False,0.0,0.0,0.0,18.3,17.38,23.77,22.94
1142,48,28.99,387.66,-3.92,8.71,False,0.0,0.0,0.0,19.07,17.23,21.79,22.98
1143,48,25.69,333.72,-4.27,9.46,False,0.0,0.0,0.0,18.62,17.3,21.38,23.55
1144,48,21.53,265.57,-4.0,10.52,False,0.0,0.0,0.0,18.0,18.8,23.42,23.62
1145,48,16.82,190.18,-4.53,9.29,False,0.0,0.0,0.0,18.95,18.18,22.62,23.76
1146,48,11.9,115.95,-5.17,8.7,False,0.0,0.0,0.0,19.11,18.66,22.51,24.19
1147,48,7.07,52.6,-5.75,8.27,False,0.0,0.0,0.0,18.73,17.75,10.92,24.61
1148,48,2.61,11.79,-6.34,7.8,False,0.0,0.0,0.0,19.57,17.53,12.33,25.01
1149,48,-1.21,0.0,-7.1,8.39,False,0.0,0.0,0.0,19.18,12.24,12.07,25.93
1150,48,-4.14,0.0,-7.97,9.36,True,2.0,0.4,0.5,19.23,12.76,11.6,27.11
1151,48,-5.99,0.0,-9.58,10.84,True,2.0,0.4,0.5,18.83,11.7,10.3,29.23
1152,49,-6.96,0.0,-10.92,13.4,True,2.0,0.4,0.5,19.56,12.99,11.49,31.56
1153,49,-6.33,0.0,-12.02,14.34,True,2.0,0.4,0.5,19.53,12.19,12.71,33.07
1154,49,-4.48,0.0,-13.09,16.51,True,2.0,0.4,0.5,19.78,9.97,11.65,35.09
1155,49,-1.54,0.0,-13.96,17.31,True,2.0,0.4,0.5,19.4,12.61,11.24,36.36
1156,49,2.28,2.47,-14.33,16.47,True,2.0,0.4,0.5,19.77,10.88,11.34,36.39
1157,49,6.74,11.73,-14.73,17.91,True,2.0,0.4,0.5,19.44,12.59,11.39,37.45
1158,49,11.58,26.73,-14.85,19.03,True,2.0,0.4,0.5,18.92,12.62,10.94,38.08
1159,49,16.5,44.43,-14.82,20.42,True,2.0,0.4,0.5,20.18,12.16,11.47,38.67
1160,49,21.2,62.47,-14.65,22.16,True,2.0,0.4,0.5,19.16,17.93,12.51,39.23
1161,49,25.36,78.79,-14.29,22.72,True,2.0,0.4,0.5,19.76,18.38,12.43,39.08
1162,49,28.65,91.72,-13.93,25.67,True,2.0,0.4,0.5,19.81,17.1,10.97,39.95
1163,49,30.77,100.0,-13.41,27.13,True,2.0,0.4,0.5,19.74,18.13,12.39,39.96
1164,49,31.51,102.85,-12.84,27.4,True,2.0,0.4,0.5,19.43,18.43,12.03,39.38
1165,49,30.77,100.0,-12.3,28.48,True,2.0,0.4,0.5,19.58,18.91,11.94,39.19
1166,49,28.65,91.72,-12.15,28.34,True,2.0,0.4,0.5,19.65,16.62,11.8,38.95
1167,49,25.36,78.79,-12.44,29.57,True,2.0,0.4,0.5,19.79,17.83,10.85,39.81
1168,49,21.2,62.47,-12.42,28.96,True,2.0,0.4,0.5,20.18,16.73,11.22,39.53
1169,49,16.5,44.43,-12.77,28.41,True,2.0,0.4,0.5,19.63,16.7,12.08,39.72
1170,49,11.58,26.73,-13.04,28.51,True,2.0,0.4,0.5,19.59,17.79,10.66,40.1
1171,49,6.74,11.73,-13.51,30.12,True,2.0,0.4,0.5,19.26,17.56,10.77,41.36
1172,49,2.28,2.47,-14.13,28.76,True,2.0,0.4,0.5,19.87,18.42,11.71,41.53
1173,49,-1.54,0.0,-14.97,27.86,True,2.0,0.4,0.5,20.06,11.62,10.95,42.15
1174,49,-4.48,0.0,-15.85,26.49,True,2.0,0.4,0.5,19.82,11.79,12.08,42.58
1175,49,-6.33,0.0,-16.34,26.3,True,2.0,0.4,0.5,20.18,12.07,10.97,43.07
1176,50,-7.3,0.0,-16.89,25.82,True,2.0,0.4,0.5,19.91,11.21,11.67,43.5
1177,50,-6.67,0.0,-17.31,22.63,True,2.0,0.4,0.5,20.35,11.32,11.73,42.47
1178,50,-4.82,0.0,-17.1,21.11,True,2.0,0.4,0.5,20.42,12.79,11.16,41.53
1179,50,-1.88,0.0,-16.44,18.89,True,2.0,0.4,0.5,20.33,11.46,11.33,39.75
1180,50,1.95,2.11,-15.98,17.67,True,2.0,0.4,0.5,19.97,12.85,11.02,38.69
1181,50,6.42,10.85,-14.89,15.51,True,2.0,0.4,0.5,19.37,12.39,11.49,36.56
1182,50,11.25,25.62,-13.41,15.12,True,2.0,0.4,0.5,19.36,10.66,10.83,34.84
1183,50,16.17,43.21,-12.17,13.75,True,2.0,0.4,0.5,19.7,12.32,11.34,32.99
1184,50,20.87,61.18,-11.02,12.4,True,2.0,0.4,0.5,20.3,17.92,12.02,31.27
1185,50,25.03,77.48,-9.61,12.56,True,2.0,0.4,0.5,19.02,17.84,10.7,29.91
1186,50,28.31,90.39,-8.05,10.89,True,2.0,0.4,0.5,19.15,17.39,11.16,27.74
1187,50,30.43,98.66,-6.61,9.42,True,2.0,0.4,0.5,18.57,16.75,11.86,25.81
1188,50,31.16,422.95,-5.99,7.01,False,0.0,0.4,0.5,18.33,18.58,20.55,24.41
1189,50,30.43,411.1,-5.6,6.87,False,0.0,0.4,0.5,18.4,17.42,23.3,24.01
1190,50,28.31,376.63,-5.37,8.43,False,0.0,0.4,0.5,17.81,16.79,22.73,24.29
1191,50,25.03,322.82,-5.42,7.7,False,0.0,0.4,0.5,19.19,17.87,20.92,24.1
1192,50,20.87,254.93,-5.34,7.46,False,0.0,0.4,0.5,17.75,16.91,20.53,23.95
1193,50,16.17,180.04,-5.75,7.51,False,0.0,0.4,0.5,18.58,16.74,22.02,24.35
1194,50,11.25,106.77,-6.35,9.19,False,0.0,0.4,0.5,18.29,17.2,21.22,25.49
1195,50,6.42,45.22,-6.97,9.01,False,0.0,0.4,0.5,18.48,16.97,12.17,26.02
1196,50,1.95,8.81,-7.7,7.86,False,0.0,0.4,0.5,19.47,16.77,11.78,26.32
1197,50,-1.88,0.0,-8.53,8.98,False,0.0,0.4,0.5,19.1,12.55,11.59,27.52
1198,50,-4.82,0.0,-9.18,8.68,False,0.0,0.4,0.5,18.72,11.81,11.1,28.03
1199,50,-6.67,0.0,-10.12,8.87,False,0.0,0.4,0.5,18.98,12.9,12.62,29.01
1200,51,-7.65,0.0,-10.97,8.1,False,0.0,0.4,0.5,19.01,11.22,12.03,29.52
1201,51,-7.02,0.0,-11.73,8.78,False,0.0,0.4,0.5,19.39,10.52,11.92,30.52
1202,51,-5.16,0.0,-11.67,8.53,False,0.0,0.4,0.5,19.47,12.02,12.34,30.37
1203,51,-2.22,0.0,-11.82,6.96,False,0.0,0.4,0.5,20.18,13.38,10.79,29.87
1204,51,1.61,7.3,-11.78,7.84,False,0.0,0.4,0.5,18.65,12.32,12.4,30.19
1205,51,6.08,41.61,-11.26,6.97,False,0.0,0.4,0.5,19.34,14.47,11.31,29.35
1206,51,10.92,102.17,-10.65,6.65,False,0.0,0.4,0.5,19.15,12.17,11.73,28.65
1207,51,15.85,174.92,-10.01,5.81,False,0.0,0.4,0.5,19.58,12.09,11.39,27.73
1208,51,20.54,249.54,-9.08,5.0,False,0.0,0.4,0.5,19.23,15.78,10.19,26.58
1209,51,24.69,317.28,-8.19,6.69,False,0.0,0.4,0.5,19.22,17.84,12.17,26.37
1210,51,27.97,371.02,-7.16,6.25,False,0.0,0.4,0.5,19.0,17.63,20.72,25.25
1211,51,30.08,405.45,-6.15,8.1,False,0.0,0.4,0.5,18.36,17.17,21.32,24.92
1212,51,30.81,417.3,-5.21,7.61,False,0.0,0.4,0.5,19.11,17.39,21.68,23.88
1213,51,30.08,405.45,-4.55,8.28,False,0.0,0.4,0.5,18.87,17.45,20.63,23.46
1214,51,27.97,371.02,-4.4,8.83,False,0.0,0.4,0.5,18.89,17.36,21.23,23.49
1215,51,24.69,317.28,-4.3,8.01,False,0.0,0.4,0.5,19.02,19.17,22.17,23.13
1216,51,20.54,249.54,-4.19,8.66,False,0.0,0.4,0.5,18.67,17.2,21.76,23.24
1217,51,15.85,174.92,-4.67,6.61,False,0.0,0.4,0.5,19.15,17.64,21.82,23.04
1218,51,10.92,102.17,-5.2,8.2,False,0.0,0.4,0.5,18.78,17.18,21.36,24.05
1219,51,6.08,41.61,-5.76,7.54,False,0.0,0.4,0.5,18.6,18.13,11.53,24.38
1220,51,1.61,7.3,-6.63,8.23,False,0.0,0.4,0.5,18.79,17.64,11.27,25.43
1221,51,-2.22,0.0,-7.5,9.3,False,0.0,0.4,0.5,18.89,11.68,10.35,26.64
1222,51,-5.16,0.0,-8.3,9.6,False,0.0,0.4,0.5,18.79,10.36,11.36,27.52
1223,51,-7.02,0.0,-9.21,11.52,False,0.0,0.4,0.5,19.76,12.09,10.63,29.12
1224,52,-8.01,0.0,-9.98,10.3,False,0.0,0.0,0.5,19.32,11.65,12.13,29.42
1225,52,-7.37,0.0,-10.53,10.11,False,0.0,0.0,0.5,19.3,11.85,11.23,29.89
1226,52,-5.51,0.0,-10.93,9.4,False,0.0,0.0,0.5,19.47,10.95,13.27,30.0
1227,52,-2.56,0.0,-10.98,7.77,False,0.0,0.0,0.5,20.51,13.05,12.18,29.4
1228,52,1.28,5.77,-11.2,7.5,False,0.0,0.0,0.5,18.89,12.59,11.41,29.5
1229,52,5.75,38.07,-10.71,5.65,False,0.0,0.0,0.5,18.95,13.04,11.91,28.32
1230,52,10.59,97.58,-10.17,6.19,False,0.0,0.0,0.5,18.67,12.82,10.04,28.02
1231,52,15.51,169.78,-9.33,6.59,False,0.0,0.0,0.5,19.03,12.37,12.17,27.4
1232,52,20.2,244.1,-8.76,6.86,False,0.0,0.0,0.5,19.15,16.59,10.93,26.96
1233,52,24.35,311.69,-7.78,7.14,False,0.0,0.0,0.5,18.75,18.97,11.56,26.14
1234,52,27.62,365.35,-6.91,6.51,False,0.0,0.0,0.5,18.61,16.76,21.49,25.11
1235,52,29.73,399.75,-6.21,7.73,False,0.0,0.0,0.5,18.8,17.29,21.57,24.86
1236,52,30.46,411.59,-5.47,6.87,False,0.0,0.0,0.0,18.46,18.07,21.87,23.88
1237,52,29.73,399.75,-4.68,7.71,False,0.0,0.0,0.0,18.69,18.11,22.05,23.4
1238,52,27.62,365.35,-4.7,7.17,False,0.0,0.0,0.0,19.01,17.96,21.98,23.25
1239,52,24.35,311.69,-4.26,6.38,False,0.0,0.0,0.0,18.78,17.18,22.0,22.6
1240,52,20.2,244.1,-4.38,6.7,False,0.0,0.0,0.0,18.88,17.01,20.86,22.81
1241,52,15.51,169.78,-4.89,6.83,False,0.0,0.0,0.0,19.02,19.53,23.63,23.32
1242,52,10.59,97.58,-5.51,7.01,False,0.0,0.0,0.0,18.77,17.47,22.16,23.97
1243,52,5.75,38.07,-6.18,6.17,False,0.0,0.0,0.0,18.68,17.37,11.81,24.31
1244,52,1.28,5.77,-7.02,7.03,False,0.0,0.0,0.0,18.53,16.93,11.26,25.39
1245,52,-2.56,0.0,-7.9,7.06,False,0.0,0.0,0.0,18.79,12.1,10.89,26.23
1246,52,-5.51,0.0,-8.92,7.41,False,0.0,0.0,0.0,18.86,12.06,11.61,27.31
1247,52,-7.37,0.0,-9.88,7.18,False,0.0,0.0,0.0,19.48,11.89,11.7,28.13
1248,53,-8.36,0.0,-11.03,6.98,False,0.0,0.0,0.0,19.46,12.21,12.41,29.14
1249,53,-7.72,0.0,-11.56,7.2,False,0.0,0.0,0.0,19.67,13.31,12.95,29.72
1250,53,-5.86,0.0,-11.88,7.66,False,0.0,0.0,0.0,18.96,11.42,12.53,30.21
1251,53,-2.91,0.0,-12.08,7.88,False,0.0,0.0,0.0,20.02,11.93,10.26,30.49
1252,53,0.93,4.22,-12.11,7.49,False,0.0,0.0,0.0,19.28,11.38,11.18,30.36
1253,53,5.41,34.6,-11.55,6.12,False,0.0,0.0,0.0,18.95,12.14,11.74,29.28
1254,53,10.26,92.99,-11.11,6.91,False,0.0,0.0,0.0,19.16,11.45,11.22,29.18
1255,53,15.18,164.61,-10.68,6.38,False,0.0,0.0,0.0,20.27,11.48,11.47,28.57
1256,53,19.87,238.63,-9.79,6.53,False,0.0,0.0,0.0,19.02,16.33,10.0,27.8
1257,53,24.0,306.04,-8.8,6.56,False,0.0,0.0,0.0,18.93,17.58,12.14,26.89
1258,53,27.27,359.62,-8.04,5.98,False,0.0,0.0,0.0,18.89,17.84,20.69,25.97
1259,53,29.38,393.98,-6.88,7.52,False,0.0,0.0,0.0,18.77,18.99,20.9,25.42
1260,53,30.1,405.81,-6.07,6.5,False,0.0,0.0,0.0,18.42,17.88,21.29,24.32
1261,53,29.38,393.98,-5.42,6.92,False,0.0,0.0,0.0,18.71,17.14,21.93,23.84
1262,53,27.27,359.62,-4.98,6.04,False,0.0,0.0,0.0,19.03,16.41,20.86,23.16
1263,53,24.0,306.04,-4.78,5.92,False,0.0,0.0,0.0,18.7,16.52,21.26,22.93
1264,53,19.87,238.63,-4.79,7.25,False,0.0,0.0,0.0,18.13,16.46,22.8,23.36
1265,53,15.18,164.61,-5.08,7.01,False,0.0,0.0,0.0,18.47,19.0,21.92,23.56
1266,53,10.26,92.99,-5.47,7.05,False,0.0,0.0,0.0,18.44,17.73,22.3,23.94
1267,53,5.41,34.6,-6.34,7.61,False,0.0,0.0,0.0,18.78,17.03,10.63,24.94
1268,53,0.93,4.22,-7.19,7.86,False,0.0,0.0,0.0,19.4,16.73,11.46,25.84
1269,53,-2.91,0.0,-8.38,9.13,False,0.0,0.0,0.0,18.95,11.22,11.4,27.42
1270,53,-5.86,0.0,-9.36,7.86,False,0.0,0.0,0.0,19.09,11.41,10.94,27.9
1271,53,-7.72,0.0,-10.14,7.51,False,0.0,0.0,0.0,19.93,12.95,11.46,28.51
1272,54,-8.72,0.0,-11.18,8.32,False,0.0,0.0,0.0,19.69,11.88,10.18,29.81
1273,54,-8.08,0.0,-11.86,7.91,False,0.0,0.0,0.0,19.65,10.74,11.81,30.3
1274,54,-6.21,0.0,-11.82,7.8,False,0.0,0.0,0.0,20.2,13.75,11.22,30.21
1275,54,-3.25,0.0,-12.14,6.39,False,0.0,0.0,0.0,19.65,10.99,11.32,29.94
1276,54,0.59,2.67,-11.98,7.17,False,0.0,0.0,0.0,18.64,11.43,12.1,30.11
1277,54,5.07,31.22,-11.54,6.97,False,0.0,0.0,0.0,19.72,12.95,11.8,29.61
1278,54,9.92,88.42,-10.98,8.23,False,0.0,0.0,0.0,18.68,12.23,11.28,29.58
1279,54,14.84,159.43,-10.19,7.86,False,0.0,0.0,0.0,19.4,11.52,10.72,28.69
1280,54,19.52,233.11,-9.36,8.26,False,0.0,0.0,0.0,18.44,16.51,12.43,28.05
1281,54,23.66,300.35,-8.45,9.88,False,0.0,0.0,0.0,18.83,16.73,10.56,27.77
1282,54,26.92,353.84,-7.38,9.68,False,0.0,0.0,0.0,18.74,16.77,22.44,26.65
1283,54,29.02,388.16,-6.6,10.57,False,0.0,0.0,0.0,18.48,17.51,20.88,26.19
1284,54,29.74,399.97,-5.58,9.96,False,0.0,0.0,0.0,18.53,17.65,22.64,24.99
1285,54,29.02,388.16,-5.01,10.12,False,0.0,0.0,0.0,19.01,17.38,22.71,24.49
1286,54,26.92,353.84,-4.64,9.97,False,0.0,0.0,0.0,18.27,17.47,20.66,24.07
1287,54,23.66,300.35,-4.38,8.26,False,0.0,0.0,0.0,18.74,16.66,22.31,23.29
1288,54,19.52,233.11,-4.74,8.03,False,0.0,0.0,0.0,18.18,17.73,22.26,23.57
1289,54,14.84,159.43,-5.23,6.78,False,0.0,0.0,0.0,18.55,18.52,22.49,23.63
1290,54,9.92,88.42,-5.89,6.57,False,0.0,0.0,0.0,18.84,17.37,22.26,24.18
1291,54,5.07,31.22,-6.41,6.84,False,0.0,0.0,0.0,18.37,17.35,10.83,24.76
1292,54,0.59,2.67,-7.22,6.53,False,0.0,0.0,0.0,18.34,17.57,11.35,25.4
1293,54,-3.25,0.0,-8.31,6.74,False,0.0,0.0,0.0,19.19,12.79,12.67,26.5
1294,54,-6.21,0.0,-9.2,8.98,False,0.0,0.0,0.0,19.55,11.18,10.72,28.16
1295,54,-8.08,0.0,-10.19,8.64,False,0.0,0.0,0.0,19.19,13.06,11.73,28.99
1296,55,-9.08,0.0,-10.95,7.32,False,0.0,0.0,0.0,19.13,12.24,12.31,29.19
1297,55,-8.44,0.0,-11.56,6.81,False,0.0,0.0,0.0,19.45,11.92,10.81,29.57
1298,55,-6.57,0.0,-12.05,8.35,False,0.0,0.0,0.0,19.47,12.87,10.51,30.65
1299,55,-3.61,0.0,-12.32,10.24,False,0.0,0.0,0.0,19.58,10.95,10.61,31.69
1300,55,0.24,1.1,-12.22,8.2,False,0.0,0.0,0.0,18.45,12.32,11.78,30.75
1301,55,4.73,27.93,-12.0,9.82,False,0.0,0.0,0.0,19.01,12.24,10.61,31.21
1302,55,9.58,83.87,-11.55,10.22,False,0.0,0.0,0.0,19.05,11.15,11.41,30.93
1303,55,14.49,154.22,-10.71,12.09,False,0.0,0.0,0.0,19.35,12.27,12.46,30.83
1304,55,19.18,227.56,-9.62,10.09,False,0.0,0.0,0.0,19.23,17.73,11.46,28.98
1305,55,23.31,294.61,-8.47,7.87,False,0.0,0.0,0.0,19.27,17.36,10.96,27.06
1306,55,26.56,348.0,-7.53,6.93,False,0.0,0.0,0.0,19.01,18.19,22.09,25.83
1307,55,28.66,382.27,-6.51,6.21,False,0.0,0.0,0.0,18.26,17.04,21.95,24.64
1308,55,29.38,394.08,-5.73,7.22,False,0.0,0.0,0.0,19.27,17.72,22.32,24.24
1309,55,28.66,382.27,-5.3,5.6,False,0.0,0.0,0.0,19.14,17.39,23.13,23.31
1310,55,26.56,348.0,-5.23,7.7,False,0.0,0.0,0.0,18.12,17.01,22.28,23.92
1311,55,23.31,294.61,-5.24,8.29,False,0.0,0.0,0.0,18.76,17.9,23.42,24.12
1312,55,19.18,227.56,-5.4,8.38,False,0.0,0.0,0.0,18.41,17.33,22.32,24.3
1313,55,14.49,154.22,-5.61,8.2,False,0.0,0.0,0.0,18.73,16.32,21.46,24.45
1314,55,9.58,83.87,-6.06,7.98,False,0.0,0.0,0.0,19.15,16.06,23.6,24.8
1315,55,4.73,27.93,-6.96,8.87,False,0.0,0.0,0.0,19.69,18.13,11.41,25.97
1316,55,0.24,1.1,-7.67,7.31,False,0.0,0.0,0.0,19.22,16.52,10.76,26.1
1317,55,-3.61,0.0,-8.65,7.57,False,0.0,0.0,0.0,19.16,12.12,13.13,27.12
1318,55,-6.57,0.0,-9.7,7.79,False,0.0,0.0,0.0,19.03,11.94,10.99,28.19
1319,55,-8.44,0.0,-10.6,8.1,False,0.0,0.0,0.0,19.34,11.61,10.96,29.17
1320,56,-9.45,0.0,-11.52,9.42,False,0.0,0.0,0.0,19.93,13.47,11.11,30.58
1321,56,-8.81,0.0,-12.14,7.89,False,0.0,0.0,0.0,19.44,12.04,11.62,30.56
1322,56,-6.93,0.0,-12.42,8.82,False,0.0,0.0,0.0,19.14,12.5,12.15,31.21
1323,56,-3.96,0.0,-12.6,8.77,False,0.0,0.0,0.0,18.86,12.13,9.65,31.36
1324,56,-0.11,0.0,-12.38,8.74,False,0.0,0.0,0.0,19.69,11.71,12.15,31.14
1325,56,4.38,24.75,-11.98,9.73,False,0.0,0.0,0.0,19.54,11.88,11.11,31.15
1326,56,9.23,79.35,-11.26,8.06,False,0.0,0.0,0.0,19.09,13.07,11.21,29.78
1327,56,14.15,149.01,-10.51,8.64,False,0.0,0.0,0.0,19.67,12.77,12.7,29.29
1328,56,18.83,221.97,-9.83,7.25,False,0.0,0.0,0.0,19.01,19.06,11.65,28.12
1329,56,22.95,288.83,-9.15,6.73,False,0.0,0.0,0.0,19.04,17.68,11.81,27.28
1330,56,26.2,342.11,-8.18,7.81,False,0.0,0.0,0.0,18.97,16.8,21.97,26.76
1331,56,28.29,376.34,-7.59,6.77,False,0.0,0.0,0.0,18.77,17.15,22.53,25.83
1332,56,29.02,388.12,-6.91,7.77,False,0.0,0.0,0.0,18.92,16.55,23.13,25.54
1333,56,28.29,376.34,-6.45,7.6,False,0.0,0.0,0.0,19.23,18.11,20.27,25.05
1334,56,26.2,342.11,-6.14,7.48,False,0.0,0.0,0.0,18.28,17.03,22.76,24.71
1335,56,22.95,288.83,-5.84,6.83,False,0.0,0.0,0.0,18.9,15.06,23.08,24.21
1336,56,18.83,221.97,-5.85,6.17,False,0.0,0.0,0.0,18.77,19.47,22.35,24.01
1337,56,14.15,149.01,-6.23,8.21,False,0.0,0.0,0.0,18.81,17.04,21.53,25.04
1338,56,9.23,79.35,-7.1,7.57,False,0.0,0.0,0.0,19.2,17.04,21.19,25.65
1339,56,4.38,24.75,-7.95,7.7,False,0.0,0.0,0.0,18.97,18.84,13.15,26.5
1340,56,-0.11,0.0,-8.88,9.18,False,0.0,0.0,0.0,19.26,16.53,10.87,27.93
1341,56,-3.96,0.0,-10.02,10.79,False,0.0,0.0,0.0,19.49,12.81,12.56,29.65
1342,56,-6.93,0.0,-11.04,9.78,False,0.0,0.0,0.0,19.12,11.43,11.77,30.25
1343,56,-8.81,0.0,-11.96,8.18,False,0.0,0.0,0.0,19.56,10.84,12.93,30.5
1344,57,-9.82,0.0,-12.47,7.51,False,0.0,0.0,0.0,19.4,13.26,11.28,30.71
1345,57,-9.17,0.0,-12.96,7.23,False,0.0,0.0,0.0,19.5,12.64,10.37,31.05
1346,57,-7.3,0.0,-13.44,5.95,False,0.0,0.0,0.0,19.48,12.64,11.5,30.96
1347,57,-4.32,0.0,-13.31,5.36,False,0.0,0.0,0.0,19.79,12.19,10.46,30.59
1348,57,-0.46,0.0,-13.27,6.23,False,0.0,0.0,0.0,19.63,12.38,13.37,30.93
1349,57,4.03,21.69,-13.08,5.26,False,0.0,0.0,0.0,19.73,10.91,11.94,30.34
1350,57,8.89,74.86,-12.73,5.03,False,0.0,0.0,0.0,19.52,11.99,12.04,29.92
1351,57,13.8,143.79,-11.98,6.12,False,0.0,0.0,0.0,18.8,11.16,12.05,29.68
1352,57,18.48,216.36,-11.34,8.32,False,0.0,0.0,0.0,19.37,16.39,11.01,29.96
1353,57,22.6,283.0,-10.4,8.9,False,0.0,0.0,0.0,19.27,17.83,11.41,29.29
1354,57,25.84,336.17,-9.2,8.69,False,0.0,0.0,0.0,19.2,18.43,22.08,28.06
1355,57,27.93,370.34,-8.38,8.61,False,0.0,0.0,0.0,18.77,17.19,23.36,27.24
1356,57,28.65,382.12,-7.75,8.7,False,0.0,0.0,0.0,18.45,17.33,21.19,26.66
1357,57,27.93,370.34,-6.94,7.58,False,0.0,0.0,0.0,19.08,16.59,21.49,25.51
1358,57,25.84,336.17,-6.61,5.92,False,0.0,0.0,0.0,18.68,17.51,21.75,24.63
1359,57,22.6,283.0,-6.58,5.57,False,0.0,0.0,0.0,18.86,18.11,21.53,24.48
1360,57,18.48,216.36,-6.6,6.27,False,0.0,0.0,0.0,18.68,18.13,20.98,24.74
1361,57,13.8,143.79,-7.1,7.0,False,0.0,0.0,0.0,18.85,17.94,20.11,25.46
1362,57,8.89,74.86,-7.64,7.13,False,0.0,0.0,0.0,18.74,17.01,20.72,26.01
1363,57,4.03,21.69,-8.47,7.48,False,0.0,0.0,0.0,18.63,16.98,12.27,26.91
1364,57,-0.46,0.0,-9.28,7.72,False,0.0,0.0,0.0,19.3,18.14,11.49,27.77
1365,57,-4.32,0.0,-9.75,7.3,False,0.0,0.0,0.0,18.93,12.55,12.08,28.06
1366,57,-7.3,0.0,-10.92,6.45,False,0.0,0.0,0.0,19.38,11.76,11.09,28.83
1367,57,-9.17,0.0,-11.61,5.93,False,0.0,0.0,0.0,19.56,11.56,11.43,29.26
1368,58,-10.19,0.0,-12.36,5.9,False,0.0,0.0,0.0,19.25,12.83,12.63,29.94
1369,58,-9.54,0.0,-12.7,5.44,False,0.0,0.0,0.0,19.04,11.61,12.59,30.06
1370,58,-7.66,0.0,-12.71,5.79,False,0.0,0.0,0.0,20.5,12.5,12.16,30.22
1371,58,-4.68,0.0,-12.91,6.77,False,0.0,0.0,0.0,19.34,11.79,11.64,30.82
1372,58,-0.82,0.0,-12.96,6.79,False,0.0,0.0,0.0,19.8,11.06,11.86,30.87
1373,58,3.68,18.76,-12.47,6.19,False,0.0,0.0,0.0,20.27,13.19,11.76,30.16
1374,58,8.54,70.4,-11.66,7.0,False,0.0,0.0,0.0,19.72,12.0,11.38,29.74
1375,58,13.45,138.56,-10.59,7.26,False,0.0,0.0,0.0,19.15,11.33,11.22,28.83
1376,58,18.12,210.72,-9.71,6.42,False,0.0,0.0,0.0,19.14,16.39,12.29,27.68
1377,58,22.24,277.14,-8.6,4.87,False,0.0,0.0,0.0,18.7,16.47,10.59,26.09
1378,58,25.48,330.19,-7.61,4.88,False,0.0,0.0,0.0,19.27,17.2,23.04,25.19
1379,58,27.56,364.3,-6.84,6.25,False,0.0,0.0,0.0,19.05,19.04,21.81,24.96
1380,58,28.28,376.05,-6.23,6.41,False,0.0,0.0,0.0,18.54,17.03,21.08,24.44
1381,58,27.56,364.3,-5.51,6.4,False,0.0,0.0,0.0,18.24,18.66,21.62,23.76
1382,58,25.48,330.19,-5.09,6.31,False,0.0,0.0,0.0,18.08,17.4,21.39,23.35
1383,58,22.24,277.14,-5.22,6.48,False,0.0,0.0,0.0,19.02,16.56,21.6,23.52
1384,58,18.12,210.72,-5.28,6.16,False,0.0,0.0,0.0,18.68,17.12,21.58,23.47
1385,58,13.45,138.56,-5.53,7.41,False,0.0,0.0,0.0,18.75,16.48,21.56,24.12
1386,58,8.54,70.4,-5.97,7.08,False,0.0,0.0,0.0,18.39,16.82,21.78,24.42
1387,58,3.68,18.76,-6.61,7.63,False,0.0,0.0,0.0,18.21,16.79,11.45,25.21
1388,58,-0.82,0.0,-7.54,8.4,False,0.0,0.0,0.0,19.29,15.98,12.03,26.35
1389,58,-4.68,0.0,-8.68,9.72,False,0.0,0.0,0.0,19.06,13.11,11.33,27.93
1390,58,-7.66,0.0,-9.71,11.1,False,0.0,0.0,0.0,19.53,12.07,11.73,29.46
1391,58,-9.54,0.0,-10.53,8.3,False,0.0,0.0,0.0,19.11,11.35,11.51,29.18
1392,59,-10.56,0.0,-11.19,7.51,False,0.0,0.0,0.0,19.25,12.08,11.88,29.5
1393,59,-9.92,0.0,-11.83,7.71,False,0.0,0.0,0.0,19.7,11.23,11.53,30.18
1394,59,-8.03,0.0,-12.14,7.01,False,0.0,0.0,0.0,19.75,9.76,11.05,30.19
1395,59,-5.04,0.0,-12.16,7.87,False,0.0,0.0,0.0,19.78,14.27,10.86,30.56
1396,59,-1.17,0.0,-11.91,7.55,False,0.0,0.0,0.0,19.31,12.05,11.65,30.2
1397,59,3.33,15.97,-11.54,9.79,False,0.0,0.0,0.0,19.63,11.43,12.39,30.75
1398,59,8.18,65.99,-11.03,9.82,False,0.0,0.0,0.0,19.77,10.35,11.34,30.26
1399,59,13.1,133.33,-10.31,10.33,False,0.0,0.0,0.0,19.2,10.7,11.01,29.75
1400,59,17.77,205.06,-9.3,10.24,False,0.0,0.0,0.0,18.91,18.82,11.32,28.73
1401,59,21.88,271.24,-8.37,10.41,False,0.0,0.0,0.0,19.54,18.7,11.11,27.88
1402,59,25.11,324.16,-7.25,9.54,False,0.0,0.0,0.0,18.61,18.1,21.53,26.48
1403,59,27.19,358.21,-6.35,8.31,False,0.0,0.0,0.0,19.01,16.61,20.99,25.19
1404,59,27.9,369.95,-5.47,9.38,False,0.0,0.0,0.0,18.63,18.71,21.83,24.69
1405,59,27.19,358.21,-5.04,8.49,False,0.0,0.0,0.0,17.87,17.86,22.17,24.0
1406,59,25.11,324.16,-4.93,8.72,False,0.0,0.0,0.0,19.04,18.02,21.24,23.96
1407,59,21.88,271.24,-4.92,8.64,False,0.0,0.0,0.0,17.49,17.86,21.39,23.93
1408,59,17.77,205.06,-5.19,9.1,False,0.0,0.0,0.0,17.83,16.29,21.34,24.34
1409,59,13.1,133.33,-5.41,9.25,False,0.0,0.0,0.0,18.86,16.54,21.03,24.6
1410,59,8.18,65.99,-6.08,7.85,False,0.0,0.0,0.0,18.94,17.09,21.33,24.78
1411,59,3.33,15.97,-7.15,8.67,False,0.0,0.0,0.0,18.6,18.01,11.36,26.07
1412,59,-1.17,0.0,-8.14,8.97,False,0.0,0.0,0.0,19.04,16.4,10.56,27.14
1413,59,-5.04,0.0,-9.08,7.17,False,0.0,0.0,0.0,18.08,11.76,11.4,27.38
1414,59,-8.03,0.0,-10.03,6.3,False,0.0,0.0,0.0,19.49,11.76,11.01,27.94
1415,59,-9.92,0.0,-10.74,6.28,False,0.0,0.0,0.0,19.39,12.53,10.85,28.59
1416,60,-10.94,0.0,-11.51,6.1,False,0.0,0.0,0.0,19.36,12.44,11.76,29.23
1417,60,-10.29,0.0,-12.29,4.26,False,0.0,0.0,0.0,19.48,11.09,11.05,29.2
1418,60,-8.4,0.0,-12.59,4.2,False,0.0,0.0,0.0,19.71,13.06,11.17,29.45
1419,60,-5.41,0.0,-12.64,3.84,False,0.0,0.0,0.0,19.51,10.97,12.41,29.34
1420,60,-1.53,0.0,-12.4,4.32,False,0.0,0.0,0.0,18.74,12.77,10.86,29.33
1421,60,2.97,13.43,-12.1,4.43,False,0.0,0.0,0.0,20.33,11.46,12.6,29.1
1422,60,7.83,61.64,-11.48,4.61,False,0.0,0.0,0.0,19.86,12.03,11.26,28.61
1423,60,12.74,128.11,-10.72,5.44,False,0.0,0.0,0.0,18.77,12.08,10.7,28.24
1424,60,17.41,199.38,-9.57,4.65,False,0.0,0.0,0.0,19.01,17.66,11.11,26.89
1425,60,21.51,265.31,-8.38,5.3,False,0.0,0.0,0.0,18.91,18.04,11.55,26.04
1426,60,24.74,318.09,-7.69,6.09,False,0.0,0.0,0.0,19.35,17.81,22.88,25.69
1427,60,26.81,352.07,-6.67,6.23,False,0.0,0.0,0.0,17.94,18.13,22.56,24.79
1428,60,27.53,363.79,-5.91,6.66,False,0.0,0.0,0.0,18.51,17.87,22.04,24.22
1429,60,26.81,352.07,-5.5,6.23,False,0.0,0.0,0.0,17.96,16.49,22.88,23.7
1430,60,24.74,318.09,-5.11,6.07,False,0.0,0.0,0.0,18.5,17.72,20.68,23.29
1431,60,21.51,265.31,-4.89,5.81,False,0.0,0.0,0.0,18.4,17.05,22.17,23.01
1432,60,17.41,199.38,-5.27,6.7,False,0.0,0.0,0.0,18.66,16.61,22.22,23.64
1433,60,12.74,128.11,-5.57,5.84,False,0.0,0.0,0.0,18.43,17.27,22.23,23.63
1434,60,7.83,61.64,-6.11,5.84,False,0.0,0.0,0.0,18.43,17.65,20.87,24.14
1435,60,2.97,13.43,-6.92,5.87,False,0.0,0.0,0.0,19.08,17.7,10.79,24.89
1436,60,-1.53,0.0,-7.62,6.81,False,0.0,0.0,0.0,19.1,18.34,11.38,25.87
1437,60,-5.41,0.0,-8.75,7.24,False,0.0,0.0,0.0,19.27,12.95,12.28,27.09
1438,60,-8.4,0.0,-10.03,6.32,False,0.0,0.0,0.0,19.13,12.17,12.84,27.95
1439,60,-10.29,0.0,-10.97,7.55,False,0.0,0.0,0.0,19.09,12.31,11.03,29.31
1440,61,-11.32,0.0,-11.87,7.93,False,0.0,0.0,0.0,19.38,11.98,10.58,30.31
1441,61,-10.67,0.0,-12.33,8.0,False,0.0,0.0,0.0,19.68,12.51,12.07,30.78
1442,61,-8.77,0.0,-12.56,7.48,False,0.0,0.0,0.0,18.64,12.29,13.33,30.79
1443,61,-5.78,0.0,-12.61,7.45,False,0.0,0.0,0.0,19.67,11.86,12.27,30.81
1444,61,-1.9,0.0,-12.4,7.4,False,0.0,0.0,0.0,19.61,13.62,10.98,30.6
1445,61,2.61,11.8,-12.27,6.68,False,0.0,0.0,0.0,19.5,11.46,13.5,30.18
1446,61,7.47,57.34,-11.62,7.02,False,0.0,0.0,0.0,19.33,13.06,11.98,29.71
1447,61,12.38,122.9,-10.85,7.89,False,0.0,0.0,0.0,18.28,10.82,10.95,29.32
1448,61,17.05,193.68,-9.81,9.07,False,0.0,0.0,0.0,19.0,18.15,12.85,28.78
1449,61,21.14,259.34,-8.64,8.93,False,0.0,0.0,0.0,19.75,18.65,10.89,27.6
1450,61,24.37,311.98,-7.67,9.27,False,0.0,0.0,0.0,18.93,15.97,21.57,26.79
1451,61,26.43,345.89,-6.95,8.81,False,0.0,0.0,0.0,18.71,17.61,22.51,25.93
1452,61,27.15,357.59,-6.02,8.8,False,0.0,0.0,0.0,18.73,18.07,21.98,25.04
1453,61,26.43,345.89,-5.24,9.49,False,0.0,0.0,0.0,18.77,17.7,22.03,24.51
1454,61,24.37,311.98,-4.95,8.46,False,0.0,0.0,0.0,18.86,17.8,22.03,23.9
1455,61,21.14,259.34,-4.81,8.85,False,0.0,0.0,0.0,18.49,17.61,22.78,23.89
1456,61,17.05,193.68,-5.13,8.73,False,0.0,0.0,0.0,18.79,16.62,20.37,24.16
1457,61,12.38,122.9,-5.68,8.33,False,0.0,0.0,0.0,19.35,19.39,22.2,24.55
1458,61,7.47,57.34,-6.33,8.15,False,0.0,0.0,0.0,19.16,17.1,21.8,25.11
1459,61,2.61,11.8,-7.25,6.59,False,0.0,0.0,0.0,19.81,17.85,10.97,25.45
1460,61,-1.9,0.0,-8.3,8.12,False,0.0,0.0,0.0,18.73,16.98,10.97,26.99
1461,61,-5.78,0.0,-9.46,8.21,False,0.0,0.0,0.0,19.81,10.08,9.65,28.12
1462,61,-8.77,0.0,-10.4,7.12,False,0.0,0.0,0.0,18.93,11.16,10.94,28.6
1463,61,-10.67,0.0,-11.34,7.28,False,0.0,0.0,0.0,19.5,10.74,12.4,29.54
1464,62,-11.7,0.0,-12.14,7.3,False,0.0,0.0,0.0,19.75,12.77,12.08,30.31
1465,62,-11.05,0.0,-12.54,7.69,False,0.0,0.0,0.0,19.3,11.41,11.37,30.84
1466,62,-9.15,0.0,-13.06,5.43,False,0.0,0.0,0.0,19.6,11.49,10.51,30.39
1467,62,-6.15,0.0,-13.31,4.88,False,0.0,0.0,0.0,19.96,11.05,12.08,30.39
1468,62,-2.26,0.0,-13.09,5.38,False,0.0,0.0,0.0,19.29,11.98,12.42,30.4
1469,62,2.25,10.17,-12.89,5.33,False,0.0,0.0,0.0,20.21,11.33,12.22,30.19
1470,62,7.11,53.11,-12.65,5.77,False,0.0,0.0,0.0,18.96,12.69,10.82,30.15
1471,62,12.02,117.7,-12.03,7.0,False,0.0,0.0,0.0,20.22,12.14,10.89,30.08
1472,62,16.68,187.97,-11.22,8.39,False,0.0,0.0,0.0,19.75,17.04,12.66,29.87
1473,62,20.78,253.35,-10.32,8.97,False,0.0,0.0,0.0,19.2,18.18,10.65,29.23
1474,62,23.99,305.84,-8.81,8.68,False,0.0,0.0,0.0,18.9,17.51,22.33,27.67
1475,62,26.05,339.67,-7.99,9.0,False,0.0,0.0,0.0,18.76,17.52,20.76,27.01
1476,62,26.77,351.34,-7.19,7.92,False,0.0,0.0,0.0,18.81,16.33,21.79,25.86
1477,62,26.05,339.67,-6.53,7.44,False,0.0,0.0,0.0,18.76,17.44,22.41,25.07
1478,62,23.99,305.84,-5.99,8.14,False,0.0,0.0,0.0,19.22,17.76,21.98,24.79
1479,62,20.78,253.35,-5.62,7.88,False,0.0,0.0,0.0,19.46,18.57,22.37,24.35
1480,62,16.68,187.97,-5.49,9.19,False,0.0,0.0,0.0,18.74,16.9,21.14,24.66
1481,62,12.02,117.7,-5.76,9.82,False,0.0,0.0,0.0,18.35,19.32,21.43,25.12
1482,62,7.11,53.11,-6.25,10.12,False,0.0,0.0,0.0,18.53,17.95,22.34,25.7
1483,62,2.25,10.17,-6.94,9.5,False,0.0,0.0,0.0,18.76,16.28,11.99,26.16
1484,62,-2.26,0.0,-8.05,7.54,False,0.0,0.0,0.0,18.55,16.82,11.65,26.54
1485,62,-6.15,0.0,-9.37,6.24,False,0.0,0.0,0.0,18.65,13.04,12.16,27.3
1486,62,-9.15,0.0,-10.47,5.74,False,0.0,0.0,0.0,20.1,12.89,10.34,28.13
1487,62,-11.05,0.0,-11.34,5.4,False,0.0,0.0,0.0,19.48,11.91,11.17,28.79
1488,63,-12.08,0.0,-12.28,5.67,False,0.0,0.0,0.0,19.14,12.02,12.78,29.77
1489,63,-11.43,0.0,-12.99,5.89,False,0.0,0.0,0.0,19.89,10.97,12.4,30.52
1490,63,-9.53,0.0,-13.23,6.3,False,0.0,0.0,0.0,19.12,12.96,11.94,30.91
1491,63,-6.52,0.0,-13.35,7.17,False,0.0,0.0,0.0,19.16,11.11,11.39,31.4
1492,63,-2.63,0.0,-13.06,6.77,False,0.0,0.0,0.0,19.25,12.58,12.22,30.96
1493,63,1.89,8.53,-12.71,6.69,False,0.0,0.0,0.0,20.19,12.98,11.8,30.59
1494,63,6.75,48.96,-12.17,7.25,False,0.0,0.0,0.0,19.36,11.94,10.44,30.32
1495,63,11.66,112.52,-11.41,7.08,False,0.0,0.0,0.0,18.39,12.67,12.2,29.53
1496,63,16.32,182.25,-10.7,7.61,False,0.0,0.0,0.0,19.77,18.98,10.89,29.07
1497,63,20.4,247.34,-9.57,8.55,False,0.0,0.0,0.0,19.03,17.71,12.03,28.36
1498,63,23.61,299.66,-8.49,9.38,False,0.0,0.0,0.0,18.28,17.36,20.87,27.63
1499,63,25.67,333.41,-7.44,10.44,False,0.0,0.0,0.0,18.77,17.45,23.12,26.97
1500,63,26.38,345.06,-6.49,9.42,False,0.0,0.0,0.0,18.99,16.91,21.81,25.7
1501,63,25.67,333.41,-6.16,8.6,False,0.0,0.0,0.0,18.9,16.89,21.22,25.11
1502,63,23.61,299.66,-5.51,8.04,False,0.0,0.0,0.0,19.38,17.85,21.52,24.3
1503,63,20.4,247.34,-5.27,6.78,False,0.0,0.0,0.0,18.29,17.37,21.76,23.67
1504,63,16.32,182.25,-5.46,6.96,False,0.0,0.0,0.0,18.67,17.76,22.0,23.9
1505,63,11.66,112.52,-5.74,6.34,False,0.0,0.0,0.0,18.41,16.31,22.92,23.96
1506,63,6.75,48.96,-6.3,5.96,False,0.0,0.0,0.0,18.14,17.43,22.05,24.35
1507,63,1.89,8.53,-7.02,6.24,False,0.0,0.0,0.0,19.2,18.32,9.98,25.12
1508,63,-2.63,0.0,-8.03,6.04,False,0.0,0.0,0.0,19.15,16.6,10.64,25.99
1509,63,-6.52,0.0,-8.82,6.62,False,0.0,0.0,0.0,19.17,11.91,13.43,26.93
1510,63,-9.53,0.0,-10.0,6.1,False,0.0,0.0,0.0,19.37,10.42,11.59,27.83
1511,63,-11.43,0.0,-10.98,6.6,False,0.0,0.0,0.0,19.04,10.86,12.17,28.94
1512,64,-12.47,0.0,-11.98,8.49,False,0.0,0.0,0.0,19.04,12.55,11.28,30.64
1513,64,-11.81,0.0,-12.79,8.62,False,0.0,0.0,0.0,19.55,11.65,10.8,31.48
1514,64,-9.91,0.0,-13.63,8.89,False,0.0,0.0,0.0,20.1,13.36,11.16,32.4
1515,64,-6.9,0.0,-13.97,8.24,False,0.0,0.0,0.0,20.32,12.25,11.59,32.45
1516,64,-3.0,0.0,-13.99,7.58,False,0.0,0.0,0.0,20.0,12.32,11.18,32.18
1517,64,1.52,6.88,-13.76,7.81,False,0.0,0.0,0.0,19.66,11.04,12.84,32.06
1518,64,6.39,44.9,-13.37,6.8,False,0.0,0.0,0.0,19.71,11.59,11.07,31.26
1519,64,11.3,107.37,-12.56,7.73,False,0.0,0.0,0.0,19.51,11.31,10.76,30.89
1520,64,15.95,176.53,-11.58,8.02,False,0.0,0.0,0.0,18.98,16.65,12.07,30.08
1521,64,20.03,241.3,-10.57,7.52,False,0.0,0.0,0.0,19.28,18.03,12.15,28.92
1522,64,23.24,293.45,-9.84,6.95,False,0.0,0.0,0.0,18.65,18.19,22.02,28.01
1523,64,25.29,327.12,-8.85,6.02,False,0.0,0.0,0.0,19.01,17.82,21.58,26.74
1524,64,26.0,338.74,-7.76,6.29,False,0.0,0.0,0.0,19.59,16.84,20.67,25.82
1525,64,25.29,327.12,-7.01,5.39,False,0.0,0.0,0.0,19.17,17.76,22.85,24.81
1526,64,23.24,293.45,-6.77,5.81,False,0.0,0.0,0.0,18.44,15.97,22.61,24.73
1527,64,20.03,241.3,-6.71,7.35,False,0.0,0.0,0.0,18.78,18.56,21.69,25.21
1528,64,15.95,176.53,-6.97,8.01,False,0.0,0.0,0.0,18.5,16.46,22.04,25.68
1529,64,11.3,107.37,-7.37,8.4,False,0.0,0.0,0.0,18.86,16.6,21.84,26.2
1530,64,6.39,44.9,-7.98,7.85,False,0.0,0.0,0.0,19.37,17.59,23.14,26.58
1531,64,1.52,6.88,-8.67,8.63,False,0.0,0.0,0.0,19.3,17.66,10.77,27.52
1532,64,-3.0,0.0,-9.32,8.73,False,0.0,0.0,0.0,20.11,17.44,11.07,28.19
1533,64,-6.9,0.0,-10.4,9.92,False,0.0,0.0,0.0,19.72,11.01,11.0,29.68
1534,64,-9.91,0.0,-11.48,9.81,False,0.0,0.0,0.0,19.46,12.81,11.72,30.7
1535,64,-11.81,0.0,-12.75,9.21,False,0.0,0.0,0.0,19.8,10.55,11.54,31.68
1536,65,-12.86,0.0,-13.77,8.8,False,0.0,0.0,0.0,19.57,10.71,11.64,32.5
1537,65,-12.2,0.0,-14.35,8.0,False,0.0,0.0,0.0,19.27,11.81,10.88,32.7
1538,65,-10.29,0.0,-14.93,7.85,False,0.0,0.0,0.0,20.31,10.89,12.54,33.19
1539,65,-7.27,0.0,-15.12,7.04,False,0.0,0.0,0.0,20.22,12.88,11.18,33.0
1540,65,-3.37,0.0,-15.14,7.12,False,0.0,0.0,0.0,19.72,10.96,12.33,33.06
1541,65,1.15,5.22,-14.55,6.73,False,0.0,0.0,0.0,19.86,13.15,13.7,32.33
1542,65,6.02,40.92,-13.83,6.94,False,0.0,0.0,0.0,20.16,12.73,10.89,31.75
1543,65,10.93,102.25,-12.95,7.36,False,0.0,0.0,0.0,19.89,12.89,11.74,31.1
1544,65,15.58,170.8,-12.17,6.67,False,0.0,0.0,0.0,18.87,19.01,11.41,30.08
1545,65,19.66,235.24,-11.59,5.24,False,0.0,0.0,0.0,19.49,17.56,12.92,28.96
1546,65,22.85,287.21,-10.6,5.84,False,0.0,0.0,0.0,19.2,16.69,21.8,28.29
1547,65,24.9,320.79,-9.47,5.33,False,0.0,0.0,0.0,19.58,17.42,22.17,27.06
1548,65,25.61,332.38,-8.53,5.74,False,0.0,0.0,0.0,19.44,17.05,22.16,26.34
1549,65,24.9,320.79,-7.89,6.39,False,0.0,0.0,0.0,19.47,16.93,21.93,25.98
1550,65,22.85,287.21,-7.23,6.34,False,0.0,0.0,0.0,18.42,17.62,22.53,25.35
1551,65,19.66,235.24,-7.31,6.96,False,0.0,0.0,0.0,18.56,17.25,22.07,25.63
1552,65,15.58,170.8,-7.5,6.82,False,0.0,0.0,0.0,19.35,16.9,22.34,25.77
1553,65,10.93,102.25,-7.78,8.14,False,0.0,0.0,0.0,18.7,17.3,22.15,26.5
1554,65,6.02,40.92,-8.41,7.98,False,0.0,0.0,0.0,18.4,17.94,21.58,27.04
1555,65,1.15,5.22,-9.3,7.17,False,0.0,0.0,0.0,19.33,18.27,11.31,27.58
1556,65,-3.37,0.0,-10.4,8.23,False,0.0,0.0,0.0,19.03,16.22,11.89,29.03
1557,65,-7.27,0.0,-11.3,8.54,False,0.0,0.0,0.0,20.07,11.66,11.89,30.02
1558,65,-10.29,0.0,-12.07,7.96,False,0.0,0.0,0.0,19.57,11.79,12.37,30.51
1559,65,-12.2,0.0,-13.26,6.99,False,0.0,0.0,0.0,19.66,10.95,12.8,31.23
1560,66,-13.24,0.0,-14.2,6.3,False,0.0,0.0,0.0,19.56,11.8,11.14,31.81
1561,66,-12.59,0.0,-15.13,5.83,False,0.0,0.0,0.0,20.45,12.02,11.59,32.47
1562,66,-10.67,0.0,-15.6,5.28,False,0.0,0.0,0.0,20.02,12.32,11.36,32.66
1563,66,-7.65,0.0,-15.66,3.96,False,0.0,0.0,0.0,19.72,11.96,10.72,32.11
1564,66,-3.74,0.0,-15.46,3.98,False,0.0,0.0,0.0,19.54,11.2,11.9,31.94
1565,66,0.79,3.55,-15.05,5.15,False,0.0,0.0,0.0,19.78,13.51,12.04,32.1
1566,66,5.65,37.06,-14.43,5.6,False,0.0,0.0,0.0,19.34,12.56,10.75,31.72
1567,66,10.56,97.16,-13.61,6.81,False,0.0,0.0,0.0,20.05,12.34,11.24,31.49
1568,66,15.21,165.08,-12.68,7.13,False,0.0,0.0,0.0,18.8,18.3,11.17,30.75
1569,66,19.28,229.18,-11.58,7.55,False,0.0,0.0,0.0,19.33,17.7,10.44,29.88
1570,66,22.47,280.95,-10.53,8.23,False,0.0,0.0,0.0,19.51,18.53,21.97,29.15
1571,66,24.52,314.43,-9.52,8.22,False,0.0,0.0,0.0,19.28,17.55,21.2,28.19
1572,66,25.22,325.99,-8.57,8.39,False,0.0,0.0,0.0,18.74,17.5,22.11,27.34
1573,66,24.52,314.43,-8.0,7.42,False,0.0,0.0,0.0,19.22,18.01,22.19,26.45
1574,66,22.47,280.95,-7.96,7.0,False,0.0,0.0,0.0,18.6,18.76,22.28,26.26
1575,66,19.28,229.18,-7.88,8.43,False,0.0,0.0,0.0,18.94,18.71,22.31,26.69
1576,66,15.21,165.08,-7.84,8.25,False,0.0,0.0,0.0,19.2,17.97,23.07,26.59
1577,66,10.56,97.16,-8.69,7.24,False,0.0,0.0,0.0,19.23,17.91,21.43,27.04
1578,66,5.65,37.06,-9.45,7.73,False,0.0,0.0,0.0,18.86,18.06,21.47,27.93
1579,66,0.79,3.55,-10.25,8.09,False,0.0,0.0,0.0,19.71,18.29,11.96,28.84
1580,66,-3.74,0.0,-10.96,8.21,False,0.0,0.0,0.0,19.35,18.54,11.41,29.56
1581,66,-7.65,0.0,-11.78,7.62,False,0.0,0.0,0.0,19.71,11.71,12.29,30.1
1582,66,-10.67,0.0,-13.05,7.41,False,0.0,0.0,0.0,20.18,12.95,11.89,31.22
1583,66,-12.59,0.0,-14.18,8.58,False,0.0,0.0,0.0,20.15,12.17,12.84,32.79
1584,67,-13.64,0.0,-14.87,8.66,False,0.0,0.0,0.0,20.23,12.42,11.44,33.49
1585,67,-12.98,0.0,-15.63,8.97,False,0.0,0.0,0.0,19.95,13.01,10.46,34.36
1586,67,-11.06,0.0,-16.2,8.23,False,0.0,0.0,0.0,20.26,12.5,11.74,34.57
1587,67,-8.03,0.0,-16.24,8.48,False,0.0,0.0,0.0,20.03,12.63,11.45,34.72
1588,67,-4.12,0.0,-16.15,9.56,False,0.0,0.0,0.0,19.45,11.59,11.87,35.14
1589,67,0.41,1.87,-15.82,8.32,False,0.0,0.0,0.0,20.02,13.1,11.96,34.24
1590,67,5.28,33.3,-14.84,7.89,False,0.0,0.0,0.0,19.88,12.46,11.13,33.12
1591,67,10.19,92.11,-13.98,7.31,False,0.0,0.0,0.0,19.91,12.0,10.79,32.05
1592,67,14.83,159.37,-12.85,8.37,False,0.0,0.0,0.0,19.49,18.38,11.4,31.43
1593,67,18.9,223.09,-11.86,8.09,False,0.0,0.0,0.0,19.12,19.57,9.83,30.36
1594,67,22.09,274.67,-10.95,6.37,False,0.0,0.0,0.0,19.58,16.56,22.06,28.82
1595,67,24.13,308.05,-9.66,7.82,False,0.0,0.0,0.0,18.63,16.86,21.71,28.17
1596,67,24.83,319.58,-8.94,7.31,False,0.0,0.0,0.0,19.66,19.65,22.6,27.29
1597,67,24.13,308.05,-8.21,8.28,False,0.0,0.0,0.0,18.89,17.84,20.61,26.96
1598,67,22.09,274.67,-7.35,7.73,False,0.0,0.0,0.0,18.98,17.65,22.0,25.95
1599,67,18.9,223.09,-7.21,7.05,False,0.0,0.0,0.0,19.09,17.41,23.1,25.57
1600,67,14.83,159.37,-7.57,7.09,False,0.0,0.0,0.0,19.14,18.47,22.47,25.93
1601,67,10.19,92.11,-7.93,5.71,False,0.0,0.0,0.0,18.39,19.59,22.69,25.78
1602,67,5.28,33.3,-8.49,6.52,False,0.0,0.0,0.0,19.35,16.97,22.24,26.59
1603,67,0.41,1.87,-9.41,6.02,False,0.0,0.0,0.0,19.25,17.42,10.34,27.26
1604,67,-4.12,0.0,-10.68,5.44,False,0.0,0.0,0.0,19.03,17.22,11.62,28.2
1605,67,-8.03,0.0,-11.7,5.04,False,0.0,0.0,0.0,19.1,12.49,11.79,28.98
1606,67,-11.06,0.0,-12.83,4.84,False,0.0,0.0,0.0,19.41,12.88,10.75,29.94
1607,67,-12.98,0.0,-13.56,5.85,False,0.0,0.0,0.0,19.11,13.2,11.41,31.03
1608,68,-14.03,0.0,-14.34,5.95,False,0.0,0.0,0.0,20.41,12.51,9.47,31.79
1609,68,-13.37,0.0,-14.95,5.05,False,0.0,0.0,0.0,20.39,13.92,11.27,31.96
1610,68,-11.45,0.0,-14.92,5.8,False,0.0,0.0,0.0,19.97,11.44,11.19,32.27
1611,68,-8.41,0.0,-15.12,5.73,False,0.0,0.0,0.0,19.72,11.23,12.48,32.42
1612,68,-4.5,0.0,-14.99,7.45,False,0.0,0.0,0.0,19.72,13.08,11.08,33.06
1613,68,0.04,0.19,-14.26,7.94,False,0.0,0.0,0.0,20.01,12.0,11.31,32.59
1614,68,4.91,29.67,-13.58,7.92,False,0.0,0.0,0.0,20.33,10.8,11.44,31.93
1615,68,9.82,87.1,-12.85,9.78,False,0.0,0.0,0.0,19.31,11.65,11.09,32.02
1616,68,14.46,153.66,-11.95,10.3,False,0.0,0.0,0.0,18.99,17.7,12.0,31.35
1617,68,18.52,217.01,-10.9,11.71,False,0.0,0.0,0.0,19.93,16.98,10.11,30.88
1618,68,21.7,268.37,-9.78,10.89,False,0.0,0.0,0.0,18.46,16.69,22.8,29.44
1619,68,23.74,301.64,-8.85,9.63,False,0.0,0.0,0.0,18.66,17.33,21.99,28.06
1620,68,24.44,313.13,-8.08,8.81,False,0.0,0.0,0.0,18.87,16.65,22.91,27.02
1621,68,23.74,301.64,-7.11,7.48,False,0.0,0.0,0.0,18.23,18.01,20.08,25.63
1622,68,21.7,268.37,-6.73,7.09,False,0.0,0.0,0.0,19.25,15.94,20.29,25.13
1623,68,18.52,217.01,-6.53,5.87,False,0.0,0.0,0.0,19.13,17.57,21.8,24.54
1624,68,14.46,153.66,-6.42,5.36,False,0.0,0.0,0.0,18.54,17.92,22.35,24.27
1625,68,9.82,87.1,-6.88,5.62,False,0.0,0.0,0.0,19.34,17.43,21.61,24.78
1626,68,4.91,29.67,-7.7,5.65,False,0.0,0.0,0.0,19.5,18.37,22.41,25.54
1627,68,0.04,0.19,-8.74,6.08,False,0.0,0.0,0.0,19.0,16.4,12.19,26.66
1628,68,-4.5,0.0,-9.7,6.89,False,0.0,0.0,0.0,18.98,16.94,11.97,27.86
1629,68,-8.41,0.0,-10.8,7.9,False,0.0,0.0,0.0,20.2,11.64,11.57,29.28
1630,68,-11.45,0.0,-11.63,8.58,False,0.0,0.0,0.0,19.68,12.47,11.57,30.35
1631,68,-13.37,0.0,-12.64,8.77,False,0.0,0.0,0.0,19.62,12.07,11.07,31.39
1632,69,-14.42,0.0,-13.24,9.19,False,0.0,0.0,0.0,20.13,13.61,11.46,32.14
1633,69,-13.76,0.0,-13.84,8.52,False,0.0,0.0,0.0,19.78,11.26,10.78,32.44
1634,69,-11.84,0.0,-14.6,8.38,False,0.0,0.0,0.0,19.55,10.78,10.95,33.11
1635,69,-8.8,0.0,-14.77,7.51,False,0.0,0.0,0.0,19.8,13.33,11.86,32.88
1636,69,-4.87,0.0,-14.59,6.5,False,0.0,0.0,0.0,20.17,10.76,11.18,32.26
1637,69,-0.33,0.0,-14.09,6.82,False,0.0,0.0,0.0,18.89,12.45,10.98,31.94
1638,69,4.54,26.18,-13.58,6.3,False,0.0,0.0,0.0,19.51,11.12,11.81,31.24
1639,69,9.45,82.15,-12.7,6.61,False,0.0,0.0,0.0,20.08,10.24,11.77,30.55
1640,69,14.08,147.98,-11.37,4.79,False,0.0,0.0,0.0,19.16,17.2,11.35,28.58
1641,69,18.14,210.91,-10.48,4.58,False,0.0,0.0,0.0,19.88,18.22,11.4,27.69
1642,69,21.31,262.05,-9.18,4.76,False,0.0,0.0,0.0,19.67,16.52,22.29,26.58
1643,69,23.34,295.21,-8.22,3.46,False,0.0,0.0,0.0,18.96,17.96,22.68,25.23
1644,69,24.04,306.67,-7.48,4.28,False,0.0,0.0,0.0,18.67,18.11,22.14,24.85
1645,69,23.34,295.21,-6.99,5.18,False,0.0,0.0,0.0,18.72,16.48,21.17,24.72
1646,69,21.31,262.05,-6.78,5.9,False,0.0,0.0,0.0,19.88,17.32,21.85,24.78
1647,69,18.14,210.91,-6.5,7.34,False,0.0,0.0,0.0,19.53,18.76,21.71,25.01
1648,69,14.08,147.98,-6.76,7.41,False,0.0,0.0,0.0,18.86,18.02,21.26,25.27
1649,69,9.45,82.15,-7.36,7.96,False,0.0,0.0,0.0,18.64,17.29,22.35,26.03
1650,69,4.54,26.18,-8.01,7.1,False,0.0,0.0,0.0,19.01,17.83,22.4,26.34
1651,69,-0.33,0.0,-8.75,6.61,False,0.0,0.0,0.0,19.15,16.95,12.01,26.86
1652,69,-4.87,0.0,-9.84,6.69,False,0.0,0.0,0.0,18.68,18.39,10.81,27.91
1653,69,-8.8,0.0,-10.96,6.06,False,0.0,0.0,0.0,19.35,12.79,11.61,28.71
1654,69,-11.84,0.0,-12.08,7.03,False,0.0,0.0,0.0,19.98,12.0,11.5,30.14
1655,69,-13.76,0.0,-13.06,7.38,False,0.0,0.0,0.0,18.85,12.08,11.72,31.21
1656,70,-14.82,0.0,-14.11,8.19,False,0.0,0.0,0.0,20.02,11.1,11.59,32.56
1657,70,-14.16,0.0,-14.86,9.09,False,0.0,0.0,0.0,20.33,10.82,11.49,33.67
1658,70,-12.23,0.0,-15.22,8.89,False,0.0,0.0,0.0,19.6,11.6,11.41,33.93
1659,70,-9.18,0.0,-15.24,8.47,False,0.0,0.0,0.0,20.51,11.83,12.27,33.76
1660,70,-5.25,0.0,-15.09,8.38,False,0.0,0.0,0.0,19.54,12.75,10.9,33.58
1661,70,-0.71,0.0,-14.55,8.49,False,0.0,0.0,0.0,19.92,12.64,11.38,33.11
1662,70,4.17,22.84,-13.98,7.73,False,0.0,0.0,0.0,19.55,12.05,12.26,32.23
1663,70,9.07,77.26,-12.93,6.44,False,0.0,0.0,0.0,19.43,12.85,10.93,30.69
1664,70,13.7,142.31,-11.95,6.71,False,0.0,0.0,0.0,19.19,16.75,10.97,29.89
1665,70,17.75,204.82,-10.92,6.8,False,0.0,0.0,0.0,19.59,18.36,12.01,28.97
1666,70,20.92,255.72,-9.89,5.87,False,0.0,0.0,0.0,19.53,16.87,21.0,27.64
1667,70,22.95,288.76,-9.12,6.72,False,0.0,0.0,0.0,19.07,18.49,22.46,27.25
1668,70,23.65,300.18,-8.39,7.75,False,0.0,0.0,0.0,18.46,17.49,21.66,26.94
1669,70,22.95,288.76,-7.83,7.92,False,0.0,0.0,0.0,19.1,15.9,22.29,26.46
1670,70,20.92,255.72,-7.42,8.29,False,0.0,0.0,0.0,19.06,18.08,21.15,26.2
1671,70,17.75,204.82,-7.27,9.32,False,0.0,0.0,0.0,18.79,18.15,22.83,26.42
1672,70,13.7,142.31,-7.41,9.24,False,0.0,0.0,0.0,19.64,17.13,21.15,26.53
1673,70,9.07,77.26,-7.83,7.8,False,0.0,0.0,0.0,18.31,17.2,22.51,26.42
1674,70,4.17,22.84,-8.54,7.37,False,0.0,0.0,0.0,18.14,17.37,21.18,26.95
1675,70,-0.71,0.0,-9.37,7.99,False,0.0,0.0,0.0,18.83,15.96,12.77,27.96
1676,70,-5.25,0.0,-10.72,6.78,False,0.0,0.0,0.0,19.57,15.61,11.45,28.77
1677,70,-9.18,0.0,-11.73,7.47,False,0.0,0.0,0.0,18.99,12.94,12.87,29.99
1678,70,-12.23,0.0,-12.77,8.01,False,0.0,0.0,0.0,19.14,11.24,10.93,31.21
1679,70,-14.16,0.0,-14.09,8.2,False,0.0,0.0,0.0,20.07,13.38,11.19,32.54
1680,71,-15.22,0.0,-15.06,7.79,False,0.0,0.0,0.0,19.99,13.0,12.35,33.28
1681,71,-14.55,0.0,-15.47,6.66,False,0.0,0.0,0.0,20.01,13.15,10.5,33.16
1682,71,-12.62,0.0,-15.82,8.12,False,0.0,0.0,0.0,20.21,11.38,11.01,34.16
1683,71,-9.57,0.0,-16.09,7.77,False,0.0,0.0,0.0,19.76,10.61,11.85,34.25
1684,71,-5.63,0.0,-15.89,7.7,False,0.0,0.0,0.0,19.76,11.03,10.79,34.04
1685,71,-1.08,0.0,-15.29,9.15,False,0.0,0.0,0.0,20.16,11.54,11.87,34.11
1686,71,3.79,19.66,-14.43,10.13,False,0.0,0.0,0.0,19.19,10.0,11.62,33.71
1687,71,8.7,72.44,-13.59,10.65,False,0.0,0.0,0.0,18.77,11.52,10.44,33.11
1688,71,13.32,136.66,-12.64,10.39,False,0.0,0.0,0.0,19.34,17.34,12.18,32.06
1689,71,17.37,198.73,-11.42,9.04,False,0.0,0.0,0.0,19.74,16.46,10.62,30.33
1690,71,20.53,249.39,-10.05,9.28,False,0.0,0.0,0.0,19.31,16.67,22.54,29.1
1691,71,22.55,282.3,-8.98,7.24,False,0.0,0.0,0.0,19.42,17.32,22.09,27.31
1692,71,23.25,293.68,-8.09,6.94,False,0.0,0.0,0.0,18.16,17.79,21.68,26.36
1693,71,22.55,282.3,-7.47,6.13,False,0.0,0.0,0.0,19.02,16.79,21.23,25.49
1694,71,20.53,249.39,-7.02,6.46,False,0.0,0.0,0.0,19.1,17.73,22.23,25.19
1695,71,17.37,198.73,-7.25,7.22,False,0.0,0.0,0.0,18.33,17.61,21.39,25.67
1696,71,13.32,136.66,-7.48,6.69,False,0.0,0.0,0.0,19.24,17.54,22.85,25.71
1697,71,8.7,72.44,-8.1,7.23,False,0.0,0.0,0.0,18.93,16.98,22.87,26.47
1698,71,3.79,19.66,-8.76,6.85,False,0.0,0.0,0.0,20.28,16.43,23.15,26.96
1699,71,-1.08,0.0,-9.69,7.85,False,0.0,0.0,0.0,18.29,18.86,11.7,28.2
1700,71,-5.63,0.0,-10.73,6.87,False,0.0,0.0,0.0,19.83,18.0,11.22,28.81
1701,71,-9.57,0.0,-11.69,6.37,False,0.0,0.0,0.0,19.24,12.7,11.29,29.51
1702,71,-12.62,0.0,-12.91,6.47,False,0.0,0.0,0.0,18.9,11.83,11.24,30.69
1703,71,-14.55,0.0,-13.79,5.93,False,0.0,0.0,0.0,19.44,11.77,11.67,31.28
1704,72,-15.61,0.0,-14.87,4.85,False,0.0,0.0,0.0,19.9,12.29,11.81,31.8
1705,72,-14.95,0.0,-15.44,3.99,False,0.0,0.0,0.0,20.27,10.43,12.36,31.93
1706,72,-13.01,0.0,-15.84,4.9,False,0.0,0.0,0.0,20.59,11.01,11.51,32.71
1707,72,-9.95,0.0,-16.14,6.04,False,0.0,0.0,0.0,20.51,11.26,10.52,33.5
1708,72,-6.01,0.0,-15.85,6.25,False,0.0,0.0,0.0,19.52,11.54,11.21,33.33
1709,72,-1.46,0.0,-15.55,7.09,False,0.0,0.0,0.0,20.32,11.2,12.59,33.43
1710,72,3.42,16.65,-14.72,7.6,False,0.0,0.0,0.0,19.92,12.17,10.41,32.88
1711,72,8.32,67.69,-13.88,8.39,False,0.0,0.0,0.0,19.4,11.97,12.02,32.42
1712,72,12.94,131.04,-12.48,7.22,False,0.0,0.0,0.0,19.41,18.61,11.23,30.6
1713,72,16.98,192.65,-11.39,6.11,False,0.0,0.0,0.0,19.08,19.48,10.88,29.13
1714,72,20.14,243.04,-10.52,7.32,False,0.0,0.0,0.0,19.28,16.49,22.28,28.79
1715,72,22.16,275.82,-9.36,6.79,False,0.0,0.0,0.0,18.83,17.62,23.09,27.5
1716,72,22.85,287.17,-8.42,7.89,False,0.0,0.0,0.0,18.6,17.62,22.24,27.02
1717,72,22.16,275.82,-7.7,6.85,False,0.0,0.0,0.0,19.12,17.49,21.82,25.97
1718,72,20.14,243.04,-7.47,7.26,False,0.0,0.0,0.0,19.15,16.63,21.09,25.89
1719,72,16.98,192.65,-7.49,6.39,False,0.0,0.0,0.0,18.82,16.77,21.93,25.6
1720,72,12.94,131.04,-7.82,5.07,False,0.0,0.0,0.0,19.49,17.69,21.07,25.44
1721,72,8.32,67.69,-8.23,5.02,False,0.0,0.0,0.0,18.88,16.74,21.78,25.8
1722,72,3.42,16.65,-8.87,4.32,False,0.0,0.0,0.0,18.94,17.63,21.96,26.13
1723,72,-1.46,0.0,-9.85,5.14,False,0.0,0.0,0.0,19.45,17.3,9.85,27.33
1724,72,-6.01,0.0,-10.91,5.02,False,0.0,0.0,0.0,19.26,17.61,12.47,28.25
1725,72,-9.95,0.0,-12.13,5.97,False,0.0,0.0,0.0,19.49,11.14,10.63,29.76
1726,72,-13.01,0.0,-13.36,7.21,False,0.0,0.0,0.0,18.6,12.03,11.37,31.43
1727,72,-14.95,0.0,-14.52,7.6,False,0.0,0.0,0.0,19.75,11.2,11.87,32.69
1728,73,-16.01,0.0,-15.31,7.29,False,0.0,0.0,0.0,19.11,12.03,12.42,33.3
1729,73,-15.35,0.0,-16.04,7.05,False,0.0,0.0,0.0,19.44,12.97,10.95,33.88
1730,73,-13.4,0.0,-16.42,8.12,False,0.0,0.0,0.0,19.44,12.11,9.74,34.73
1731,73,-10.34,0.0,-16.32,7.97,False,0.0,0.0,0.0,19.54,12.16,12.26,34.56
1732,73,-6.4,0.0,-16.17,6.89,False,0.0,0.0,0.0,19.72,12.55,10.63,33.92
1733,73,-1.84,0.0,-15.98,6.45,False,0.0,0.0,0.0,19.72,10.78,11.75,33.54
1734,73,3.04,13.84,-15.2,6.88,False,0.0,0.0,0.0,20.09,13.28,11.8,33.01
1735,73,7.94,63.01,-14.41,6.9,False,0.0,0.0,0.0,19.82,11.06,9.22,32.27
1736,73,12.56,125.46,-13.58,7.3,False,0.0,0.0,0.0,18.87,18.2,10.37,31.67
1737,73,16.59,186.57,-12.47,8.03,False,0.0,0.0,0.0,19.53,18.1,11.18,30.92
1738,73,19.75,236.7,-11.13,7.36,False,0.0,0.0,0.0,19.46,16.78,20.19,29.38
1739,73,21.76,269.34,-10.14,7.98,False,0.0,0.0,0.0,19.09,18.31,21.06,28.69
1740,73,22.45,280.64,-9.1,7.61,False,0.0,0.0,0.0,19.07,17.9,22.09,27.56
1741,73,21.76,269.34,-8.31,7.83,False,0.0,0.0,0.0,19.07,19.01,21.94,26.89
1742,73,19.75,236.7,-7.8,7.5,False,0.0,0.0,0.0,19.24,17.65,22.21,26.29
1743,73,16.59,186.57,-7.37,6.7,False,0.0,0.0,0.0,18.25,17.41,22.31,25.6
1744,73,12.56,125.46,-7.57,7.17,False,0.0,0.0,0.0,18.81,17.09,20.82,25.96
1745,73,7.94,63.01,-7.95,6.67,False,0.0,0.0,0.0,19.56,16.11,21.1,26.14
1746,73,3.04,13.84,-8.94,7.7,False,0.0,0.0,0.0,19.64,17.25,22.53,27.44
1747,73,-1.84,0.0,-9.93,8.06,False,0.0,0.0,0.0,19.53,17.28,12.57,28.52
1748,73,-6.4,0.0,-11.31,7.18,False,0.0,0.0,0.0,19.57,17.71,10.82,29.48
1749,73,-10.34,0.0,-12.2,6.68,False,0.0,0.0,0.0,20.13,10.76,11.68,30.11
1750,73,-13.4,0.0,-13.34,6.68,False,0.0,0.0,0.0,20.37,11.71,12.06,31.18
1751,73,-15.35,0.0,-14.41,8.44,False,0.0,0.0,0.0,19.68,12.36,11.67,32.95
1752,74,-16.41,0.0,-15.24,7.88,False,0.0,0.0,0.0,19.44,12.44,11.33,33.5
1753,74,-15.75,0.0,-16.04,7.51,False,0.0,0.0,0.0,19.82,10.41,11.05,34.09
1754,74,-13.8,0.0,-16.13,7.6,False,0.0,0.0,0.0,21.17,12.47,12.89,34.21
1755,74,-10.73,0.0,-16.25,8.59,False,0.0,0.0,0.0,19.32,11.7,11.57,34.78
1756,74,-6.78,0.0,-15.97,8.6,False,0.0,0.0,0.0,19.73,11.75,11.77,34.52
1757,74,-2.22,0.0,-15.72,6.79,False,0.0,0.0,0.0,19.32,10.01,11.73,33.46
1758,74,2.66,12.03,-15.36,6.9,False,0.0,0.0,0.0,19.89,13.09,10.93,33.17
1759,74,7.56,58.43,-14.51,7.35,False,0.0,0.0,0.0,19.26,12.04,11.54,32.56
1760,74,12.18,119.92,-13.43,7.69,False,0.0,0.0,0.0,19.57,16.27,11.27,31.7
1761,74,16.21,180.51,-12.34,8.0,False,0.0,0.0,0.0,18.7,17.8,11.26,30.79
1762,74,19.35,230.36,-11.41,8.06,False,0.0,0.0,0.0,19.62,17.78,22.22,29.92
1763,74,21.36,262.85,-10.4,7.82,False,0.0,0.0,0.0,19.74,18.48,21.36,28.87
1764,74,22.05,274.11,-9.52,8.95,False,0.0,0.0,0.0,18.99,17.25,21.16,28.46
1765,74,21.36,262.85,-9.09,8.55,False,0.0,0.0,0.0,19.04,17.51,22.35,27.9
1766,74,19.35,230.36,-8.63,8.38,False,0.0,0.0,0.0,18.97,16.99,21.63,27.39
1767,74,16.21,180.51,-8.5,7.83,False,0.0,0.0,0.0,19.09,17.98,21.76,27.07
1768,74,12.18,119.92,-8.93,8.11,False,0.0,0.0,0.0,19.06,16.87,20.65,27.58
1769,74,7.56,58.43,-9.12,8.39,False,0.0,0.0,0.0,19.4,16.79,22.67,27.87
1770,74,2.66,12.03,-10.0,7.6,False,0.0,0.0,0.0,19.69,17.45,22.37,28.41
1771,74,-2.22,0.0,-10.83,8.31,False,0.0,0.0,0.0,18.97,16.52,12.0,29.47
1772,74,-6.78,0.0,-11.56,8.18,False,0.0,0.0,0.0,19.26,18.78,11.77,30.12
1773,74,-10.73,0.0,-12.99,7.87,False,0.0,0.0,0.0,19.92,13.44,10.44,31.36
1774,74,-13.8,0.0,-14.3,7.12,False,0.0,0.0,0.0,19.15,11.54,11.66,32.27
1775,74,-15.75,0.0,-15.39,6.87,False,0.0,0.0,0.0,19.06,10.79,11.07,33.18
1776,75,-16.82,0.0,-16.36,6.13,False,0.0,0.0,0.0,20.05,12.17,10.83,33.75
1777,75,-16.15,0.0,-17.24,5.23,False,0.0,0.0,0.0,20.27,11.51,11.85,34.14
1778,75,-14.19,0.0,-17.93,6.37,False,0.0,0.0,0.0,19.86,12.84,12.66,35.32
1779,75,-11.12,0.0,-18.31,6.93,False,0.0,0.0,0.0,19.97,11.27,12.55,35.95
1780,75,-7.17,0.0,-18.34,7.88,False,0.0,0.0,0.0,19.9,12.34,11.94,36.44
1781,75,-2.6,0.0,-17.79,8.66,False,0.0,0.0,0.0,19.79,11.99,11.48,36.29
1782,75,2.28,10.32,-16.91,8.36,False,0.0,0.0,0.0,20.31,11.36,11.35,35.31
1783,75,7.18,53.94,-15.76,10.16,False,0.0,0.0,0.0,19.42,12.09,10.87,35.02
1784,75,11.79,114.41,-14.6,8.73,False,0.0,0.0,0.0,19.65,18.2,11.31,33.26
1785,75,15.82,174.47,-13.77,7.5,False,0.0,0.0,0.0,19.29,17.57,12.14,31.93
1786,75,18.96,224.02,-12.76,7.21,False,0.0,0.0,0.0,18.95,17.58,23.28,30.86
1787,75,20.96,256.36,-11.91,7.99,False,0.0,0.0,0.0,19.78,16.8,21.43,30.37
1788,75,21.65,267.57,-11.22,9.42,False,0.0,0.0,0.0,19.14,18.42,20.6,30.29
1789,75,20.96,256.36,-10.49,6.89,False,0.0,0.0,0.0,19.33,18.34,21.63,28.6
1790,75,18.96,224.02,-10.19,7.96,False,0.0,0.0,0.0,18.62,17.17,22.63,28.72
1791,75,15.82,174.47,-10.15,8.27,False,0.0,0.0,0.0,18.92,17.4,23.45,28.81
1792,75,11.79,114.41,-10.23,7.4,False,0.0,0.0,0.0,19.53,18.63,22.92,28.55
1793,75,7.18,53.94,-10.66,7.31,False,0.0,0.0,0.0,20.31,16.59,22.9,28.92
1794,75,2.28,10.32,-11.22,7.22,False,0.0,0.0,0.0,18.56,17.98,21.41,29.42
1795,75,-2.6,0.0,-11.92,8.41,False,0.0,0.0,0.0,19.35,17.05,10.93,30.55
1796,75,-7.17,0.0,-12.91,7.67,False,0.0,0.0,0.0,19.71,18.92,10.57,31.19
1797,75,-11.12,0.0,-14.07,8.67,False,0.0,0.0,0.0,19.44,11.95,11.03,32.72
1798,75,-14.19,0.0,-15.27,10.1,False,0.0,0.0,0.0,20.17,12.91,12.14,34.52
1799,75,-16.15,0.0,-16.45,10.25,False,0.0,0.0,0.0,19.63,11.29,12.64,35.74
1800,76,-17.22,0.0,-17.46,9.56,False,0.0,0.0,0.0,20.16,10.9,11.74,36.41
1801,76,-16.55,0.0,-18.04,10.76,False,0.0,0.0,0.0,19.96,11.71,11.32,37.56
1802,76,-14.59,0.0,-18.7,12.65,False,0.0,0.0,0.0,20.73,12.11,10.75,39.14
1803,76,-11.51,0.0,-18.89,11.36,False,0.0,0.0,0.0,20.0,11.49,11.42,38.69
1804,76,-7.55,0.0,-18.58,11.54,False,0.0,0.0,0.0,20.09,12.51,11.64,38.47
1805,76,-2.98,0.0,-18.13,10.67,False,0.0,0.0,0.0,20.55,11.73,10.48,37.59
1806,76,1.9,8.6,-17.41,10.4,False,0.0,0.0,0.0,19.68,10.23,12.15,36.76
1807,76,6.8,49.55,-16.5,9.23,False,0.0,0.0,0.0,20.01,12.34,11.2,35.33
1808,76,11.41,108.96,-15.53,6.39,False,0.0,0.0,0.0,19.13,16.79,12.1,33.09
1809,76,15.43,168.45,-14.28,7.07,False,0.0,0.0,0.0,19.28,17.21,11.49,32.23
1810,76,18.56,217.69,-12.98,7.14,False,0.0,0.0,0.0,19.71,18.74,22.21,31.03
1811,76,20.56,249.87,-11.89,6.67,False,0.0,0.0,0.0,19.03,18.92,21.51,29.82
1812,76,21.25,261.03,-11.04,6.73,False,0.0,0.0,0.0,19.11,17.04,21.76,29.04
1813,76,20.56,249.87,-10.27,7.66,False,0.0,0.0,0.0,19.43,17.96,22.45,28.69
1814,76,18.56,217.69,-9.72,8.37,False,0.0,0.0,0.0,18.93,17.06,21.91,28.44
1815,76,15.43,168.45,-9.44,8.13,False,0.0,0.0,0.0,19.46,17.27,21.23,28.07
1816,76,11.41,108.96,-9.48,7.23,False,0.0,0.0,0.0,19.22,17.02,22.08,27.78
1817,76,6.8,49.55,-10.13,7.74,False,0.0,0.0,0.0,19.39,16.12,22.27,28.58
1818,76,1.9,8.6,-10.82,8.08,False,0.0,0.0,0.0,19.79,17.58,22.96,29.37
1819,76,-2.98,0.0,-12.11,7.55,False,0.0,0.0,0.0,19.58,17.73,12.31,30.38
1820,76,-7.55,0.0,-13.19,7.59,False,0.0,0.0,0.0,20.2,16.96,11.45,31.42
1821,76,-11.51,0.0,-14.3,8.45,False,0.0,0.0,0.0,20.08,12.77,11.12,32.85
1822,76,-14.59,0.0,-15.34,8.6,False,0.0,0.0,0.0,19.63,11.55,11.34,33.91
1823,76,-16.55,0.0,-16.25,8.31,False,0.0,0.0,0.0,20.47,11.39,11.13,34.66
1824,77,-17.62,0.0,-17.24,8.36,False,0.0,0.0,0.0,20.17,12.32,11.85,35.62
1825,77,-16.95,0.0,-18.06,8.16,False,0.0,0.0,0.0,20.01,10.67,12.23,36.31
1826,77,-14.99,0.0,-18.57,8.34,False,0.0,0.0,0.0,20.34,12.63,12.37,36.89
1827,77,-11.9,0.0,-18.55,6.88,False,0.0,0.0,0.0,20.67,11.58,11.21,36.14
1828,77,-7.94,0.0,-18.62,6.27,False,0.0,0.0,0.0,20.42,12.69,11.14,35.91
1829,77,-3.36,0.0,-17.98,6.18,False,0.0,0.0,0.0,20.89,12.93,11.21,35.28
1830,77,1.52,6.89,-17.38,5.55,False,0.0,0.0,0.0,20.52,12.41,10.15,34.42
1831,77,6.42,45.27,-16.52,5.46,False,0.0,0.0,0.0,20.19,11.25,10.66,33.59
1832,77,11.02,103.56,-15.49,4.39,False,0.0,0.0,0.0,19.45,16.5,11.48,32.15
1833,77,15.04,162.46,-14.37,5.69,False,0.0,0.0,0.0,19.65,16.35,11.77,31.71
1834,77,18.16,211.37,-12.9,5.86,False,0.0,0.0,0.0,19.58,18.38,22.34,30.43
1835,77,20.16,243.38,-11.71,5.91,False,0.0,0.0,0.0,19.68,17.39,21.45,29.34
1836,77,20.85,254.5,-10.6,6.3,False,0.0,0.0,0.0,19.53,17.02,21.66,28.47
1837,77,20.16,243.38,-9.75,5.53,False,0.0,0.0,0.0,19.24,17.39,21.81,27.38
1838,77,18.16,211.37,-9.27,7.36,False,0.0,0.0,0.0,19.16,18.36,21.73,27.62
1839,77,15.04,162.46,-8.95,6.14,False,0.0,0.0,0.0,19.36,18.12,22.48,26.88
1840,77,11.02,103.56,-9.15,6.43,False,0.0,0.0,0.0,18.76,17.85,21.08,27.17
1841,77,6.42,45.27,-9.56,7.47,False,0.0,0.0,0.0,19.83,18.01,21.2,27.94
1842,77,1.52,6.89,-10.19,7.62,False,0.0,0.0,0.0,18.4,17.64,21.79,28.6
1843,77,-3.36,0.0,-11.18,7.75,False,0.0,0.0,0.0,19.92,17.74,10.54,29.59
1844,77,-7.94,0.0,-12.25,6.77,False,0.0,0.0,0.0,19.45,17.68,10.17,30.2
1845,77,-11.9,0.0,-13.23,7.88,False,0.0,0.0,0.0,19.99,11.9,10.45,31.59
1846,77,-14.99,0.0,-14.78,9.4,False,0.0,0.0,0.0,19.92,12.5,11.33,33.73
1847,77,-16.95,0.0,-15.73,9.56,False,0.0,0.0,0.0,20.03,12.19,11.94,34.73
1848,78,-18.02,0.0,-16.88,9.11,False,0.0,0.0,0.0,20.25,11.2,11.96,35.63
1849,78,-17.35,0.0,-17.58,11.66,False,0.0,0.0,0.0,20.43,12.32,12.61,37.53
1850,78,-15.38,0.0,-17.95,10.69,False,0.0,0.0,0.0,20.02,12.1,11.57,37.43
1851,78,-12.29,0.0,-18.34,9.39,False,0.0,0.0,0.0,20.61,12.39,11.67,37.18
1852,78,-8.32,0.0,-18.27,8.62,False,0.0,0.0,0.0,19.76,11.82,11.32,36.74
1853,78,-3.74,0.0,-17.88,7.23,False,0.0,0.0,0.0,20.14,12.55,11.36,35.7
1854,78,1.14,5.17,-17.23,6.68,False,0.0,0.0,0.0,20.4,11.85,12.96,34.82
1855,78,6.04,41.11,-16.2,4.03,False,0.0,0.0,0.0,20.34,12.48,11.68,32.63
1856,78,10.64,98.22,-15.04,5.0,False,0.0,0.0,0.0,19.99,17.13,11.74,32.02
1857,78,14.64,156.5,-13.71,6.36,False,0.0,0.0,0.0,19.49,17.19,10.7,31.39
1858,78,17.77,205.07,-12.36,5.92,False,0.0,0.0,0.0,19.84,17.98,22.29,29.95
1859,78,19.76,236.91,-11.32,5.99,False,0.0,0.0,0.0,19.09,17.23,22.46,29.01
1860,78,20.44,247.97,-10.19,6.8,False,0.0,0.0,0.0,19.92,19.26,22.78,28.28
1861,78,19.76,236.91,-9.6,8.28,False,0.0,0.0,0.0,19.12,17.95,22.44,28.28
1862,78,17.77,205.07,-9.25,9.02,False,0.0,0.0,0.0,18.49,17.52,21.91,28.23
1863,78,14.64,156.5,-9.02,8.32,False,0.0,0.0,0.0,18.6,18.16,21.88,27.74
1864,78,10.64,98.22,-8.89,9.67,False,0.0,0.0,0.0,19.08,17.12,21.95,28.12
1865,78,6.04,41.11,-9.63,10.47,False,0.0,0.0,0.0,19.21,18.24,22.08,29.14
1866,78,1.14,5.17,-10.34,9.66,False,0.0,0.0,0.0,20.03,18.22,22.89,29.53
1867,78,-3.74,0.0,-11.41,7.71,False,0.0,0.0,0.0,18.95,18.5,12.25,29.79
1868,78,-8.32,0.0,-12.55,6.53,False,0.0,0.0,0.0,19.52,17.15,12.03,30.37
1869,78,-12.29,0.0,-13.76,7.23,False,0.0,0.0,0.0,19.23,10.92,12.92,31.81
1870,78,-15.38,0.0,-15.11,5.14,False,0.0,0.0,0.0,19.62,11.41,9.64,32.15
1871,78,-17.35,0.0,-16.15,4.79,False,0.0,0.0,0.0,20.61,11.67,11.18,32.93
1872,79,-18.43,0.0,-17.22,4.87,False,0.0,0.0,0.0,19.61,13.23,11.49,33.95
1873,79,-17.75,0.0,-18.01,6.79,False,0.0,0.0,0.0,20.4,13.66,11.03,35.6
1874,79,-15.78,0.0,-18.41,7.09,False,0.0,0.0,0.0,20.37,12.18,10.85,36.12
1875,79,-12.69,0.0,-18.78,7.63,False,0.0,0.0,0.0,20.24,11.91,10.3,36.73
1876,79,-8.71,0.0,-18.62,9.32,False,0.0,0.0,0.0,20.44,11.62,11.28,37.41
1877,79,-4.13,0.0,-18.21,8.24,False,0.0,0.0,0.0,19.72,12.56,12.13,36.49
1878,79,0.76,3.45,-17.56,8.9,False,0.0,0.0,0.0,20.77,13.65,12.04,36.19
1879,79,5.66,37.09,-16.63,6.94,False,0.0,0.0,0.0,20.77,13.33,10.97,34.38
1880,79,10.25,92.94,-15.45,8.14,False,0.0,0.0,0.0,19.87,18.41,11.65,33.81
1881,79,14.25,150.57,-14.29,7.22,False,0.0,0.0,0.0,20.68,18.4,12.45,32.31
1882,79,17.37,198.78,-12.95,5.29,False,0.0,0.0,0.0,19.39,18.17,20.94,30.23
1883,79,19.36,230.44,-11.92,5.67,False,0.0,0.0,0.0,19.59,17.46,21.89,29.44
1884,79,20.04,241.45,-10.83,5.54,False,0.0,0.0,0.0,19.87,16.91,22.2,28.38
1885,79,19.36,230.44,-10.09,7.62,False,0.0,0.0,0.0,19.03,17.48,22.01,28.5
1886,79,17.37,198.78,-9.72,7.01,False,0.0,0.0,0.0,18.61,17.84,22.6,27.92
1887,79,14.25,150.57,-9.46,7.77,False,0.0,0.0,0.0,18.49,16.34,20.95,27.96
1888,79,10.25,92.94,-9.54,8.32,False,0.0,0.0,0.0,19.97,17.38,21.3,28.24
1889,79,5.66,37.09,-10.06,8.13,False,0.0,0.0,0.0,19.0,16.84,22.48,28.67
1890,79,0.76,3.45,-10.9,9.76,False,0.0,0.0,0.0,19.23,18.31,20.81,30.11
1891,79,-4.13,0.0,-11.97,7.64,False,0.0,0.0,0.0,18.99,17.06,12.07,30.29
1892,79,-8.71,0.0,-13.16,8.48,False,0.0,0.0,0.0,19.96,17.76,11.81,31.77
1893,79,-12.69,0.0,-14.32,7.48,False,0.0,0.0,0.0,19.41,11.34,12.02,32.45
1894,79,-15.78,0.0,-15.43,6.66,False,0.0,0.0,0.0,19.66,13.18,11.17,33.13
1895,79,-17.75,0.0,-16.43,7.87,False,0.0,0.0,0.0,20.09,10.54,11.86,34.62
1896,80,-18.83,0.0,-17.32,7.96,False,0.0,0.0,0.0,19.65,12.28,10.68,35.51
1897,80,-18.15,0.0,-18.08,10.28,False,0.0,0.0,0.0,20.1,10.88,11.21,37.36
1898,80,-16.18,0.0,-18.52,8.53,False,0.0,0.0,0.0,20.78,11.49,11.53,36.93
1899,80,-13.08,0.0,-18.88,8.21,False,0.0,0.0,0.0,20.44,12.06,10.87,37.12
1900,80,-9.09,0.0,-18.99,9.35,False,0.0,0.0,0.0,20.33,12.1,11.65,37.79
1901,80,-4.51,0.0,-18.42,9.25,False,0.0,0.0,0.0,20.3,12.08,10.7,37.19
1902,80,0.38,1.72,-17.68,8.16,False,0.0,0.0,0.0,19.97,12.02,11.69,35.95
1903,80,5.27,33.2,-16.95,6.29,False,0.0,0.0,0.0,20.83,11.39,12.72,34.37
1904,80,9.87,87.73,-15.79,8.14,False,0.0,0.0,0.0,19.57,17.37,10.62,34.14
1905,80,13.86,144.68,-14.64,8.91,False,0.0,0.0,0.0,19.84,17.53,11.48,33.37
1906,80,16.97,192.52,-13.47,9.52,False,0.0,0.0,0.0,19.66,17.66,20.87,32.51
1907,80,18.96,223.99,-12.08,9.35,False,0.0,0.0,0.0,19.85,17.45,21.42,31.09
1908,80,19.64,234.94,-11.23,8.77,False,0.0,0.0,0.0,19.79,18.08,22.49,30.04
1909,80,18.96,223.99,-10.84,10.78,False,0.0,0.0,0.0,19.29,17.57,21.7,30.46
1910,80,16.97,192.52,-10.42,9.65,False,0.0,0.0,0.0,19.37,17.66,22.52,29.6
1911,80,13.86,144.68,-10.1,10.19,False,0.0,0.0,0.0,19.34,17.19,22.25,29.5
1912,80,9.87,87.73,-10.04,10.7,False,0.0,0.0,0.0,18.3,16.66,21.95,29.63
1913,80,5.27,33.2,-10.64,10.94,False,0.0,0.0,0.0,18.64,17.62,21.28,30.32
1914,80,0.38,1.72,-11.29,11.16,False,0.0,0.0,0.0,19.11,18.47,22.48,31.05
1915,80,-4.51,0.0,-12.29,8.59,False,0.0,0.0,0.0,19.25,17.86,11.71,30.98
1916,80,-9.09,0.0,-13.61,7.57,False,0.0,0.0,0.0,19.15,16.85,10.43,31.81
1917,80,-13.08,0.0,-14.59,6.28,False,0.0,0.0,0.0,20.05,12.55,10.82,32.17
1918,80,-16.18,0.0,-15.94,4.54,False,0.0,0.0,0.0,19.91,11.63,9.56,32.63
1919,80,-18.15,0.0,-17.12,3.83,False,0.0,0.0,0.0,19.97,12.47,10.54,33.36
1920,81,-19.23,0.0,-18.0,3.43,False,0.0,0.0,0.0,19.66,11.6,11.28,33.97
1921,81,-18.55,0.0,-18.76,4.3,False,0.0,0.0,0.0,20.23,12.18,10.76,35.08
1922,81,-16.58,0.0,-19.27,5.06,False,0.0,0.0,0.0,19.26,11.49,10.92,35.91
1923,81,-13.47,0.0,-19.4,4.84,False,0.0,0.0,0.0,20.26,11.51,12.47,35.92
1924,81,-9.48,0.0,-19.34,4.49,False,0.0,0.0,0.0,20.35,10.65,12.22,35.69
1925,81,-4.89,0.0,-18.69,5.2,False,0.0,0.0,0.0,20.34,12.31,11.01,35.45
1926,81,0.0,0.0,-17.87,5.57,False,0.0,0.0,0.0,19.52,12.2,12.06,34.88
1927,81,4.89,29.46,-16.72,5.71,False,0.0,0.0,0.0,20.1,12.24,12.35,33.88
1928,81,9.48,82.6,-15.66,6.07,False,0.0,0.0,0.0,19.46,17.72,11.93,33.07
1929,81,13.47,138.83,-14.62,7.44,False,0.0,0.0,0.0,19.43,16.89,11.71,32.71
1930,81,16.58,186.29,-13.67,8.19,False,0.0,0.0,0.0,19.93,18.27,22.77,32.14
1931,81,18.55,217.56,-12.51,8.13,False,0.0,0.0,0.0,20.31,18.29,22.54,31.0
1932,81,19.23,228.45,-11.61,9.3,False,0.0,0.0,0.0,19.41,16.87,21.15,30.62
1933,81,18.55,217.56,-10.88,10.09,False,0.0,0.0,0.0,18.98,17.93,21.87,30.22
1934,81,16.58,186.29,-10.22,9.74,False,0.0,0.0,0.0,19.3,18.2,21.61,29.44
1935,81,13.47,138.83,-10.09,9.32,False,0.0,0.0,0.0,19.59,17.12,22.81,29.15
1936,81,9.48,82.6,-10.26,8.9,False,0.0,0.0,0.0,19.48,17.26,21.59,29.15
1937,81,4.89,29.46,-10.78,8.76,False,0.0,0.0,0.0,20.39,17.93,21.47,29.6
1938,81,0.0,0.0,-11.33,9.08,False,0.0,0.0,0.0,19.07,16.29,22.72,30.26
1939,81,-4.89,0.0,-12.32,8.41,False,0.0,0.0,0.0,19.58,16.63,11.68,30.94
1940,81,-9.48,0.0,-13.2,9.58,False,0.0,0.0,0.0,20.2,16.71,12.98,32.27
1941,81,-13.47,0.0,-14.18,9.18,False,0.0,0.0,0.0,20.3,10.46,10.9,33.05
1942,81,-16.58,0.0,-15.4,12.05,False,0.0,0.0,0.0,19.07,12.77,11.14,35.53
1943,81,-18.55,0.0,-16.78,12.08,False,0.0,0.0,0.0,20.01,10.31,12.29,36.92
1944,82,-19.64,0.0,-17.62,9.66,False,0.0,0.0,0.0,20.71,12.17,10.6,36.61
1945,82,-18.96,0.0,-18.04,9.78,False,0.0,0.0,0.0,21.32,12.55,12.42,37.08
1946,82,-16.97,0.0,-18.41,8.36,False,0.0,0.0,0.0,20.49,11.67,10.65,36.75
1947,82,-13.86,0.0,-18.65,7.6,False,0.0,0.0,0.0,20.09,11.37,11.93,36.59
1948,82,-9.87,0.0,-18.71,5.91,False,0.0,0.0,0.0,19.84,12.09,10.21,35.82
1949,82,-5.27,0.0,-18.14,5.42,False,0.0,0.0,0.0,21.06,11.9,11.53,35.05
1950,82,-0.38,0.0,-17.48,6.87,False,0.0,0.0,0.0,20.39,12.7,10.54,35.14
1951,82,4.51,25.88,-16.49,6.38,False,0.0,0.0,0.0,19.64,9.8,12.85,33.98
1952,82,9.09,77.55,-15.23,6.24,False,0.0,0.0,0.0,19.75,16.77,10.75,32.75
1953,82,13.08,133.04,-14.26,8.58,False,0.0,0.0,0.0,19.84,17.95,10.92,32.87
1954,82,16.18,180.09,-13.22,7.72,False,0.0,0.0,0.0,19.8,17.54,22.37,31.5
1955,82,18.15,211.16,-12.05,8.25,False,0.0,0.0,0.0,19.09,18.1,21.58,30.62
1956,82,18.83,221.98,-11.12,7.86,False,0.0,0.0,0.0,19.09,17.71,22.49,29.57
1957,82,18.15,211.16,-10.51,8.3,False,0.0,0.0,0.0,18.6,17.39,21.5,29.16
1958,82,16.18,180.09,-10.11,9.79,False,0.0,0.0,0.0,19.63,17.26,21.45,29.35
1959,82,13.08,133.04,-9.87,8.67,False,0.0,0.0,0.0,19.05,19.36,21.98,28.69
1960,82,9.09,77.55,-9.89,8.74,False,0.0,0.0,0.0,19.37,18.73,21.15,28.73
1961,82,4.51,25.88,-10.48,9.34,False,0.0,0.0,0.0,19.83,17.9,22.28,29.54
1962,82,-0.38,0.0,-11.16,8.62,False,0.0,0.0,0.0,19.43,17.56,22.61,29.91
1963,82,-5.27,0.0,-12.32,8.59,False,0.0,0.0,0.0,19.43,17.93,11.89,31.01
1964,82,-9.87,0.0,-13.57,8.81,False,0.0,0.0,0.0,19.71,18.16,11.95,32.31
1965,82,-13.86,0.0,-14.91,8.72,False,0.0,0.0,0.0,19.81,12.24,10.15,33.55
1966,82,-16.97,0.0,-16.04,9.5,False,0.0,0.0,0.0,20.42,11.3,11.18,35.0
1967,82,-18.96,0.0,-17.2,9.0,False,0.0,0.0,0.0,20.19,13.33,11.34,35.89
1968,83,-20.04,0.0,-18.12,10.23,False,0.0,0.0,0.0,19.96,12.1,12.52,37.38
1969,83,-19.36,0.0,-18.6,11.31,False,0.0,0.0,0.0,20.65,13.51,11.09,38.38
1970,83,-17.37,0.0,-19.17,9.74,False,0.0,0.0,0.0,20.79,12.05,9.89,38.16
1971,83,-14.25,0.0,-19.31,8.97,False,0.0,0.0,0.0,19.78,11.7,10.8,37.91
1972,83,-10.25,0.0,-19.04,8.32,False,0.0,0.0,0.0,20.9,13.01,11.04,37.33
1973,83,-5.66,0.0,-18.43,8.41,False,0.0,0.0,0.0,20.36,12.14,9.99,36.79
1974,83,-0.76,0.0,-17.76,7.26,False,0.0,0.0,0.0,20.24,12.01,12.18,35.6
1975,83,4.13,22.48,-16.43,5.02,False,0.0,0.0,0.0,20.37,10.94,10.4,33.3
1976,83,8.71,72.59,-15.58,5.13,False,0.0,0.0,0.0,19.64,18.03,11.81,32.57
1977,83,12.69,127.29,-14.45,7.06,False,0.0,0.0,0.0,20.12,17.11,10.74,32.38
1978,83,15.78,173.92,-13.15,7.43,False,0.0,0.0,0.0,19.43,17.14,23.05,31.32
1979,83,17.75,204.77,-12.02,6.91,False,0.0,0.0,0.0,18.85,17.11,21.81,30.04
1980,83,18.43,215.53,-11.18,6.85,False,0.0,0.0,0.0,18.94,17.85,21.66,29.23
1981,83,17.75,204.77,-10.52,7.71,False,0.0,0.0,0.0,19.49,16.27,22.37,28.94
1982,83,15.78,173.92,-10.21,7.4,False,0.0,0.0,0.0,18.85,17.33,21.29,28.53
1983,83,12.69,127.29,-10.2,5.34,False,0.0,0.0,0.0,19.87,18.28,22.4,27.73
1984,83,8.71,72.59,-10.4,5.94,False,0.0,0.0,0.0,19.72,16.5,21.66,28.14
1985,83,4.13,22.48,-10.94,8.25,False,0.0,0.0,0.0,19.85,17.64,21.58,29.56
1986,83,-0.76,0.0,-11.72,8.2,False,0.0,0.0,0.0,19.46,16.99,21.94,30.28
1987,83,-5.66,0.0,-12.9,7.6,False,0.0,0.0,0.0,19.65,17.18,10.74,31.15
1988,83,-10.25,0.0,-14.15,7.88,False,0.0,0.0,0.0,19.22,18.82,11.37,32.46
1989,83,-14.25,0.0,-15.45,8.5,False,0.0,0.0,0.0,20.25,10.58,11.74,33.97
1990,83,-17.37,0.0,-16.45,7.07,False,0.0,0.0,0.0,20.13,12.51,9.88,34.26
1991,83,-19.36,0.0,-17.6,4.6,False,0.0,0.0,0.0,20.34,11.52,12.26,34.16
1992,84,-20.44,0.0,-18.5,4.67,False,0.0,0.0,0.0,20.9,11.48,12.07,35.02
1993,84,-19.76,0.0,-19.44,6.02,False,0.0,0.0,0.0,20.09,11.01,10.2,36.55
1994,84,-17.77,0.0,-19.97,6.68,False,0.0,0.0,0.0,20.35,12.5,10.09,37.38
1995,84,-14.64,0.0,-20.35,6.97,False,0.0,0.0,0.0,20.57,11.75,12.09,37.89
1996,84,-10.64,0.0,-20.41,7.28,False,0.0,0.0,0.0,20.08,11.65,12.04,38.1
1997,84,-6.04,0.0,-19.77,8.56,False,0.0,0.0,0.0,20.3,11.99,11.94,38.15
1998,84,-1.14,0.0,-19.1,10.43,False,0.0,0.0,0.0,20.49,11.76,10.5,38.44
1999,84,3.74,19.26,-18.06,9.37,False,0.0,0.0,0.0,20.04,10.3,12.78,36.89
2000,84,8.32,67.72,-17.0,8.53,False,0.0,0.0,0.0,20.56,17.11,10.97,35.47
2001,84,12.29,121.6,-15.64,8.34,False,0.0,0.0,0.0,19.27,18.22,11.67,34.08
2002,84,15.38,167.79,-14.66,7.79,False,0.0,0.0,0.0,20.21,16.29,22.18,32.91
2003,84,17.35,198.42,-13.63,6.73,False,0.0,0.0,0.0,19.9,16.63,23.12,31.47
2004,84,18.02,209.11,-12.69,5.49,False,0.0,0.0,0.0,19.29,17.16,22.09,30.07
2005,84,17.35,198.42,-11.87,6.07,False,0.0,0.0,0.0,19.06,16.92,22.29,29.56
2006,84,15.38,167.79,-11.61,6.25,False,0.0,0.0,0.0,18.56,17.48,21.95,29.39
2007,84,12.29,121.6,-11.73,6.28,False,0.0,0.0,0.0,19.09,16.63,21.16,29.51
2008,84,8.32,67.72,-11.93,8.28,False,0.0,0.0,0.0,19.85,17.19,20.38,30.51
2009,84,3.74,19.26,-12.3,7.9,False,0.0,0.0,0.0,19.45,17.46,22.02,30.71
2010,84,-1.14,0.0,-13.01,8.03,False,0.0,0.0,0.0,20.03,18.02,21.01,31.44
2011,84,-6.04,0.0,-14.11,7.12,False,0.0,0.0,0.0,19.45,18.5,11.75,32.09
2012,84,-10.64,0.0,-15.4,6.6,False,0.0,0.0,0.0,20.13,17.29,11.6,33.07
2013,84,-14.64,0.0,-16.59,6.62,False,0.0,0.0,0.0,19.7,13.41,11.59,34.19
2014,84,-17.77,0.0,-18.05,4.65,False,0.0,0.0,0.0,19.78,11.75,10.76,34.6
2015,84,-19.76,0.0,-19.15,4.18,False,0.0,0.0,0.0,20.26,12.56,12.23,35.37
2016,85,-20.85,0.0,-19.99,3.36,False,0.0,0.0,0.0,20.13,13.45,11.83,35.71
2017,85,-20.16,0.0,-20.62,4.34,False,0.0,0.0,0.0,19.86,12.01,10.67,36.78
2018,85,-18.16,0.0,-20.72,5.5,False,0.0,0.0,0.0,20.41,10.8,12.95,37.47
2019,85,-15.04,0.0,-20.78,4.92,False,0.0,0.0,0.0,20.54,11.97,11.35,37.22
2020,85,-11.02,0.0,-20.67,5.91,False,0.0,0.0,0.0,20.99,11.41,10.57,37.63
2021,85,-6.42,0.0,-20.12,6.34,False,0.0,0.0,0.0,20.79,11.68,10.97,37.34
2022,85,-1.52,0.0,-19.54,7.08,False,0.0,0.0,0.0,20.83,13.49,10.44,37.18
2023,85,3.36,16.23,-18.43,6.83,False,0.0,0.0,0.0,20.5,10.92,12.45,36.01
2024,85,7.94,62.95,-17.37,6.73,False,0.0,0.0,0.0,20.22,17.74,12.26,34.97
2025,85,11.9,115.97,-16.21,9.17,False,0.0,0.0,0.0,19.45,16.8,12.02,35.01
2026,85,14.99,161.7,-14.88,9.99,False,0.0,0.0,0.0,19.85,17.25,22.39,34.09
2027,85,16.95,192.1,-13.91,9.43,False,0.0,0.0,0.0,19.91,18.1,22.87,32.9
2028,85,17.62,202.72,-12.91,10.1,False,0.0,0.0,0.0,20.13,17.75,21.83,32.22
2029,85,16.95,192.1,-11.99,9.45,False,0.0,0.0,0.0,19.71,17.32,22.3,31.04
2030,85,14.99,161.7,-11.44,10.4,False,0.0,0.0,0.0,19.87,16.98,21.43,30.9
2031,85,11.9,115.97,-11.24,8.1,False,0.0,0.0,0.0,18.94,17.75,21.89,29.78
2032,85,7.94,62.95,-11.29,6.8,False,0.0,0.0,0.0,19.22,18.87,22.32,29.31
2033,85,3.36,16.23,-11.78,7.16,False,0.0,0.0,0.0,19.59,16.78,19.84,29.91
2034,85,-1.52,0.0,-12.62,5.62,False,0.0,0.0,0.0,19.98,19.03,21.57,30.07
2035,85,-6.42,0.0,-13.66,6.83,False,0.0,0.0,0.0,19.58,18.46,11.62,31.54
2036,85,-11.02,0.0,-14.63,6.77,False,0.0,0.0,0.0,19.72,18.6,11.45,32.43
2037,85,-15.04,0.0,-16.1,7.31,False,0.0,0.0,0.0,20.21,12.15,11.18,34.05
2038,85,-18.16,0.0,-17.3,7.89,False,0.0,0.0,0.0,19.63,12.84,11.91,35.45
2039,85,-20.16,0.0,-18.52,9.11,False,0.0,0.0,0.0,20.86,11.09,11.0,37.21
2040,86,-21.25,0.0,-19.45,9.4,False,0.0,0.0,0.0,19.98,11.37,10.64,38.26
2041,86,-20.56,0.0,-20.34,8.12,False,0.0,0.0,0.0,19.67,12.51,12.33,38.47
2042,86,-18.56,0.0,-20.66,5.84,False,0.0,0.0,0.0,20.48,12.14,12.23,37.59
2043,86,-15.43,0.0,-20.41,5.42,False,0.0,0.0,0.0,21.13,11.78,11.08,37.14
2044,86,-11.41,0.0,-20.29,4.6,False,0.0,0.0,0.0,20.67,9.9,11.45,36.62
2045,86,-6.8,0.0,-19.99,3.31,False,0.0,0.0,0.0,20.7,11.55,12.09,35.67
2046,86,-1.9,0.0,-19.39,3.16,False,0.0,0.0,0.0,20.34,10.96,11.53,35.07
2047,86,2.98,13.47,-18.41,3.37,False,0.0,0.0,0.0,20.15,12.29,11.87,34.29
2048,86,7.55,58.29,-17.28,5.47,False,0.0,0.0,0.0,19.46,17.35,11.83,34.29
2049,86,11.51,110.41,-16.41,5.1,False,0.0,0.0,0.0,19.07,17.0,11.28,33.32
2050,86,14.59,155.66,-15.09,5.59,False,0.0,0.0,0.0,19.89,19.61,22.36,32.33
2051,86,16.55,185.82,-13.85,6.55,False,0.0,0.0,0.0,20.19,18.33,21.32,31.6
2052,86,17.22,196.36,-12.82,7.15,False,0.0,0.0,0.0,19.68,18.34,22.28,30.89
2053,86,16.55,185.82,-12.08,7.1,False,0.0,0.0,0.0,19.7,19.26,21.95,30.17
2054,86,14.59,155.66,-11.79,5.82,False,0.0,0.0,0.0,20.05,18.14,21.75,29.38
2055,86,11.51,110.41,-11.67,5.59,False,0.0,0.0,0.0,19.53,16.88,21.13,29.17
2056,86,7.55,58.29,-11.76,5.36,False,0.0,0.0,0.0,19.36,16.79,22.09,29.17
2057,86,2.98,13.47,-12.32,4.69,False,0.0,0.0,0.0,19.15,18.27,22.03,29.4
2058,86,-1.9,0.0,-12.93,4.72,False,0.0,0.0,0.0,20.36,15.85,21.41,29.97
2059,86,-6.8,0.0,-13.78,5.77,False,0.0,0.0,0.0,19.86,17.44,10.38,31.2
2060,86,-11.41,0.0,-14.77,6.11,False,0.0,0.0,0.0,19.39,15.76,10.35,32.26
2061,86,-15.43,0.0,-15.98,6.85,False,0.0,0.0,0.0,19.45,11.98,11.32,33.72
2062,86,-18.56,0.0,-17.29,6.83,False,0.0,0.0,0.0,20.58,12.58,11.71,34.95
2063,86,-20.56,0.0,-18.37,8.06,False,0.0,0.0,0.0,19.79,12.12,12.79,36.55
2064,87,-21.65,0.0,-19.43,7.49,False,0.0,0.0,0.0,21.07,12.65,11.47,37.28
2065,87,-20.96,0.0,-20.36,7.58,False,0.0,0.0,0.0,19.34,13.47,10.36,38.21
2066,87,-18.96,0.0,-21.11,8.01,False,0.0,0.0,0.0,21.1,11.79,11.36,39.14
2067,87,-15.82,0.0,-21.31,7.98,False,0.0,0.0,0.0,20.75,14.15,12.38,39.32
2068,87,-11.79,0.0,-21.31,7.84,False,0.0,0.0,0.0,20.6,12.07,11.02,39.24
2069,87,-7.18,0.0,-20.99,7.09,False,0.0,0.0,0.0,20.45,12.66,12.28,38.55
2070,87,-2.28,0.0,-20.16,6.82,False,0.0,0.0,0.0,21.18,11.41,11.62,37.63
2071,87,2.6,11.75,-19.16,5.54,False,0.0,0.0,0.0,20.58,13.2,11.95,36.05
2072,87,7.17,53.74,-17.82,4.38,False,0.0,0.0,0.0,19.78,18.33,12.8,34.26
2073,87,11.12,104.92,-16.4,3.99,False,0.0,0.0,0.0,19.28,18.68,10.21,32.79
2074,87,14.19,149.67,-15.05,4.32,False,0.0,0.0,0.0,19.88,17.54,22.63,31.72
2075,87,16.15,179.58,-13.78,5.1,False,0.0,0.0,0.0,19.65,16.5,21.93,30.91
2076,87,16.82,190.04,-13.02,5.39,False,0.0,0.0,0.0,18.95,17.87,21.34,30.34
2077,87,16.15,179.58,-12.18,7.34,False,0.0,0.0,0.0,19.44,16.14,21.93,30.37
2078,87,14.19,149.67,-11.74,9.26,False,0.0,0.0,0.0,19.18,17.23,23.18,30.73
2079,87,11.12,104.92,-11.61,11.05,False,0.0,0.0,0.0,19.4,17.65,22.93,31.32
2080,87,7.17,53.74,-11.89,11.74,False,0.0,0.0,0.0,19.72,19.4,20.6,31.88
2081,87,2.6,11.75,-12.6,10.79,False,0.0,0.0,0.0,20.11,17.75,21.46,32.19
2082,87,-2.28,0.0,-13.27,10.45,False,0.0,0.0,0.0,19.96,17.61,22.66,32.71
2083,87,-7.18,0.0,-14.26,9.46,False,0.0,0.0,0.0,19.42,17.45,11.48,33.26
2084,87,-11.79,0.0,-15.47,8.32,False,0.0,0.0,0.0,20.0,16.43,11.49,33.91
2085,87,-15.82,0.0,-16.55,7.78,False,0.0,0.0,0.0,20.01,11.97,10.4,34.69
2086,87,-18.96,0.0,-17.66,9.09,False,0.0,0.0,0.0,19.59,11.98,10.98,36.38
2087,87,-20.96,0.0,-19.13,9.33,False,0.0,0.0,0.0,20.45,11.13,10.55,37.91
2088,88,-22.05,0.0,-20.05,9.85,False,0.0,0.0,0.0,21.15,10.95,10.34,39.08
2089,88,-21.36,0.0,-21.04,9.22,False,0.0,0.0,0.0,20.54,11.51,10.62,39.7
2090,88,-19.35,0.0,-21.6,8.04,False,0.0,0.0,0.0,19.95,11.95,10.85,39.62
2091,88,-16.21,0.0,-21.82,7.32,False,0.0,0.0,0.0,20.63,11.53,10.97,39.45
2092,88,-12.18,0.0,-21.62,5.41,False,0.0,0.0,0.0,20.11,11.06,10.91,38.25
2093,88,-7.56,0.0,-21.15,6.05,False,0.0,0.0,0.0,20.88,12.13,12.21,38.15
2094,88,-2.66,0.0,-20.38,6.31,False,0.0,0.0,0.0,20.66,12.33,10.86,37.57
2095,88,2.22,10.03,-19.46,7.83,False,0.0,0.0,0.0,20.27,12.0,12.5,37.47
2096,88,6.78,49.32,-18.55,9.12,False,0.0,0.0,0.0,20.09,17.05,11.16,37.25
2097,88,10.73,99.5,-17.22,9.81,False,0.0,0.0,0.0,19.98,17.98,11.81,36.29
2098,88,13.8,143.73,-15.99,9.12,False,0.0,0.0,0.0,19.92,17.35,22.33,34.78
2099,88,15.75,173.38,-14.87,9.21,False,0.0,0.0,0.0,19.47,16.55,21.37,33.73
2100,88,16.41,183.77,-14.06,9.51,False,0.0,0.0,0.0,19.13,18.33,21.77,33.08
2101,88,15.75,173.38,-13.42,7.97,False,0.0,0.0,0.0,20.07,17.78,21.65,31.81
2102,88,13.8,143.73,-12.72,7.23,False,0.0,0.0,0.0,19.37,17.4,22.26,30.83
2103,88,10.73,99.5,-12.24,7.58,False,0.0,0.0,0.0,19.54,16.24,21.91,30.52
2104,88,6.78,49.32,-12.19,7.26,False,0.0,0.0,0.0,19.58,16.9,21.48,30.34
2105,88,2.22,10.03,-12.63,6.45,False,0.0,0.0,0.0,19.64,19.11,22.08,30.42
2106,88,-2.66,0.0,-13.42,5.84,False,0.0,0.0,0.0,19.14,16.29,22.24,30.9
2107,88,-7.56,0.0,-14.38,6.69,False,0.0,0.0,0.0,19.05,17.3,12.8,32.15
2108,88,-12.18,0.0,-15.65,7.9,False,0.0,0.0,0.0,19.64,17.49,11.55,33.9
2109,88,-16.21,0.0,-17.08,6.63,False,0.0,0.0,0.0,20.21,12.16,11.51,34.65
2110,88,-19.35,0.0,-18.25,7.42,False,0.0,0.0,0.0,19.9,10.7,11.8,36.13
2111,88,-21.36,0.0,-19.42,9.04,False,0.0,0.0,0.0,20.19,12.04,10.84,38.05
2112,89,-22.45,0.0,-20.22,9.89,False,0.0,0.0,0.0,21.28,10.55,10.29,39.26
2113,89,-21.76,0.0,-21.07,10.5,False,0.0,0.0,0.0,19.79,11.98,11.28,40.41
2114,89,-19.75,0.0,-21.55,9.7,False,0.0,0.0,0.0,20.28,11.38,12.25,40.46
2115,89,-16.59,0.0,-21.73,9.49,False,0.0,0.0,0.0,21.37,11.21,12.36,40.52
2116,89,-12.56,0.0,-21.39,9.47,False,0.0,0.0,0.0,20.55,12.57,10.18,40.18
2117,89,-7.94,0.0,-20.79,8.31,False,0.0,0.0,0.0,20.21,11.71,11.97,38.99
2118,89,-3.04,0.0,-20.19,7.08,False,0.0,0.0,0.0,20.89,12.28,9.97,37.79
2119,89,1.84,8.32,-19.23,5.8,False,0.0,0.0,0.0,20.33,12.31,11.82,36.24
2120,89,6.4,45.03,-17.8,5.04,False,0.0,0.0,0.0,20.0,18.52,11.78,34.56
2121,89,10.34,94.17,-16.6,5.37,False,0.0,0.0,0.0,20.07,16.53,10.29,33.62
2122,89,13.4,137.85,-15.65,6.17,False,0.0,0.0,0.0,19.61,18.24,22.7,33.11
2123,89,15.35,167.23,-14.35,4.84,False,0.0,0.0,0.0,19.31,17.51,23.22,31.31
2124,89,16.01,177.54,-13.53,5.83,False,0.0,0.0,0.0,19.58,17.2,21.96,30.99
2125,89,15.35,167.23,-12.65,7.28,False,0.0,0.0,0.0,19.11,16.58,22.1,30.79
2126,89,13.4,137.85,-12.23,7.71,False,0.0,0.0,0.0,19.47,17.99,23.04,30.56
2127,89,10.34,94.17,-12.06,8.16,False,0.0,0.0,0.0,19.59,16.76,21.21,30.59
2128,89,6.4,45.03,-12.14,8.95,False,0.0,0.0,0.0,19.8,17.91,21.23,30.98
2129,89,1.84,8.32,-12.75,11.2,False,0.0,0.0,0.0,19.98,19.04,21.41,32.51
2130,89,-3.04,0.0,-13.6,10.46,False,0.0,0.0,0.0,19.47,18.28,22.03,33.04
2131,89,-7.94,0.0,-14.63,8.67,False,0.0,0.0,0.0,19.96,18.61,11.52,33.27
2132,89,-12.56,0.0,-15.88,8.5,False,0.0,0.0,0.0,20.1,16.92,11.11,34.39
2133,89,-16.59,0.0,-17.25,8.52,False,0.0,0.0,0.0,20.2,12.51,11.29,35.71
2134,89,-19.75,0.0,-18.28,7.48,False,0.0,0.0,0.0,20.0,10.98,11.12,36.19
2135,89,-21.76,0.0,-19.43,6.48,False,0.0,0.0,0.0,19.92,11.71,11.16,36.77
2136,90,-22.85,0.0,-20.31,6.65,False,0.0,0.0,0.0,20.64,13.29,10.96,37.68
2137,90,-22.16,0.0,-20.95,6.8,False,0.0,0.0,0.0,19.83,11.41,10.97,38.36
2138,90,-20.14,0.0,-21.49,7.54,False,0.0,0.0,0.0,20.47,12.79,10.1,39.25
2139,90,-16.98,0.0,-21.98,7.15,False,0.0,0.0,0.0,19.62,12.71,11.34,39.51
2140,90,-12.94,0.0,-21.95,7.16,False,0.0,0.0,0.0,20.1,12.76,10.13,39.48
2141,90,-8.32,0.0,-21.33,6.75,False,0.0,0.0,0.0,20.21,10.89,12.03,38.69
2142,90,-3.42,0.0,-20.48,6.76,False,0.0,0.0,0.0,20.9,12.32,11.11,37.9
2143,90,1.46,6.6,-19.61,6.98,False,0.0,0.0,0.0,20.63,11.77,11.42,37.2
2144,90,6.01,40.87,-18.49,6.37,False,0.0,0.0,0.0,20.0,18.37,11.24,35.84
2145,90,9.95,88.92,-17.06,6.01,False,0.0,0.0,0.0,20.34,16.18,11.33,34.34
2146,90,13.01,132.04,-15.81,4.88,False,0.0,0.0,0.0,20.25,17.79,22.88,32.67
2147,90,14.95,161.14,-14.56,4.73,False,0.0,0.0,0.0,19.68,17.68,21.05,31.45
2148,90,15.61,171.35,-13.75,4.09,False,0.0,0.0,0.0,19.1,15.91,20.86,30.45
2149,90,14.95,161.14,-13.13,3.9,False,0.0,0.0,0.0,19.49,16.79,22.08,29.81
2150,90,13.01,132.04,-12.8,4.84,False,0.0,0.0,0.0,19.5,16.04,21.65,29.9
2151,90,9.95,88.92,-12.75,4.94,False,0.0,0.0,0.0,19.04,16.92,22.25,29.9
2152,90,6.01,40.87,-12.94,5.95,False,0.0,0.0,0.0,19.7,17.94,22.5,30.49
2153,90,1.46,6.6,-13.28,6.59,False,0.0,0.0,0.0,19.71,17.66,21.23,31.09
2154,90,-3.42,0.0,-14.01,7.62,False,0.0,0.0,0.0,19.86,17.64,22.42,32.21
2155,90,-8.32,0.0,-15.08,9.41,False,0.0,0.0,0.0,19.92,16.67,10.78,34.02
2156,90,-12.94,0.0,-16.42,7.99,False,0.0,0.0,0.0,20.26,18.4,11.55,34.66
2157,90,-16.98,0.0,-17.64,8.71,False,0.0,0.0,0.0,20.05,11.88,10.63,36.18
2158,90,-20.14,0.0,-18.52,9.69,False,0.0,0.0,0.0,20.3,11.93,11.59,37.5
2159,90,-22.16,0.0,-19.9,10.07,False,0.0,0.0,0.0,20.23,12.65,11.49,39.03
2160,91,-23.25,0.0,-20.9,9.37,False,0.0,0.0,0.0,20.27,11.11,10.73,39.66
2161,91,-22.55,0.0,-21.48,7.82,False,0.0,0.0,0.0,21.11,12.08,10.55,39.4
2162,91,-20.53,0.0,-22.01,8.24,False,0.0,0.0,0.0,19.82,12.24,12.03,40.12
2163,91,-17.37,0.0,-22.18,7.97,False,0.0,0.0,0.0,21.01,11.46,11.18,40.14
2164,91,-13.32,0.0,-22.23,7.08,False,0.0,0.0,0.0,20.42,12.42,12.21,39.71
2165,91,-8.7,0.0,-21.6,6.01,False,0.0,0.0,0.0,20.29,12.28,11.12,38.55
2166,91,-3.79,0.0,-20.6,6.64,False,0.0,0.0,0.0,20.58,11.82,12.41,37.94
2167,91,1.08,4.9,-19.83,7.25,False,0.0,0.0,0.0,19.78,11.79,10.84,37.54
2168,91,5.63,36.85,-18.32,7.68,False,0.0,0.0,0.0,19.87,17.92,12.53,36.32
2169,91,9.57,83.76,-17.21,8.25,False,0.0,0.0,0.0,19.73,18.13,11.62,35.54
2170,91,12.62,126.29,-16.17,8.38,False,0.0,0.0,0.0,19.85,17.55,22.28,34.61
2171,91,14.55,155.1,-15.06,7.88,False,0.0,0.0,0.0,19.49,18.4,21.3,33.32
2172,91,15.22,165.23,-14.02,8.02,False,0.0,0.0,0.0,20.32,18.03,22.51,32.4
2173,91,14.55,155.1,-13.3,7.25,False,0.0,0.0,0.0,20.31,16.07,22.53,31.38
2174,91,12.62,126.29,-12.7,7.47,False,0.0,0.0,0.0,18.72,16.38,21.77,30.91
2175,91,9.57,83.76,-12.28,7.98,False,0.0,0.0,0.0,19.69,18.45,20.51,30.72
2176,91,5.63,36.85,-12.57,8.3,False,0.0,0.0,0.0,19.85,17.3,21.22,31.13
2177,91,1.08,4.9,-13.19,8.94,False,0.0,0.0,0.0,19.8,17.63,21.22,32.0
2178,91,-3.79,0.0,-14.11,8.4,False,0.0,0.0,0.0,19.43,18.41,22.31,32.65
2179,91,-8.7,0.0,-14.97,8.4,False,0.0,0.0,0.0,19.7,17.49,11.17,33.46
2180,91,-13.32,0.0,-16.18,8.36,False,0.0,0.0,0.0,19.64,17.53,11.19,34.61
2181,91,-17.37,0.0,-17.58,6.43,False,0.0,0.0,0.0,19.94,11.21,11.1,35.02
2182,91,-20.53,0.0,-18.93,5.68,False,0.0,0.0,0.0,19.79,12.2,12.53,35.91
2183,91,-22.55,0.0,-20.09,4.7,False,0.0,0.0,0.0,20.36,12.37,11.53,36.48
2184,92,-23.65,0.0,-21.02,4.76,False,0.0,0.0,0.0,19.92,11.44,11.64,37.36
2185,92,-22.95,0.0,-21.64,4.73,False,0.0,0.0,0.0,20.52,11.16,11.07,37.9
2186,92,-20.92,0.0,-22.14,6.08,False,0.0,0.0,0.0,20.16,14.0,11.48,39.09
2187,92,-17.75,0.0,-22.4,7.16,False,0.0,0.0,0.0,20.77,11.83,10.82,39.91
2188,92,-13.7,0.0,-22.25,6.84,False,0.0,0.0,0.0,20.4,11.35,11.74,39.59
2189,92,-9.07,0.0,-21.72,7.25,False,0.0,0.0,0.0,20.72,12.47,10.7,39.31
2190,92,-4.17,0.0,-20.9,7.56,False,0.0,0.0,0.0,20.94,11.86,12.02,38.71
2191,92,0.71,3.2,-19.9,7.54,False,0.0,0.0,0.0,21.02,11.03,10.99,37.76
2192,92,5.25,33.0,-18.76,6.21,False,0.0,0.0,0.0,19.24,17.89,12.16,36.01
2193,92,9.18,78.7,-17.55,6.48,False,0.0,0.0,0.0,19.77,16.82,12.84,35.02
2194,92,12.23,120.61,-16.46,6.92,False,0.0,0.0,0.0,19.85,18.76,22.0,34.21
2195,92,14.16,149.12,-15.02,7.87,False,0.0,0.0,0.0,19.99,17.9,22.92,33.28
2196,92,14.82,159.15,-14.09,7.91,False,0.0,0.0,0.0,19.03,17.28,22.53,32.41
2197,92,14.16,149.12,-13.6,9.43,False,0.0,0.0,0.0,19.24,17.59,21.0,32.6
2198,92,12.23,120.61,-13.09,10.45,False,0.0,0.0,0.0,19.62,18.22,22.08,32.54
2199,92,9.18,78.7,-12.96,9.78,False,0.0,0.0,0.0,19.59,17.65,22.35,32.13
2200,92,5.25,7.92,-13.11,9.27,True,2.0,0.4,0.5,19.72,19.2,11.92,32.06
2201,92,0.71,0.77,-13.85,10.27,True,2.0,0.4,0.5,19.84,18.41,11.62,33.2
2202,92,-4.17,0.0,-15.31,10.97,True,2.0,0.4,0.5,19.97,17.89,11.62,34.95
2203,92,-9.07,0.0,-16.61,11.43,True,2.0,0.4,0.5,20.07,16.75,11.5,36.46
2204,92,-13.7,0.0,-18.53,11.62,True,2.0,0.4,0.5,20.25,17.38,11.59,38.46
2205,92,-17.75,0.0,-20.04,12.14,True,2.0,0.4,0.5,20.67,12.28,10.64,40.23
2206,92,-20.92,0.0,-21.77,13.18,True,2.0,0.4,0.5,19.72,11.24,11.33,42.53
2207,92,-22.95,0.0,-23.44,14.4,True,2.0,0.4,0.5,21.43,12.93,10.48,44.9
2208,93,-24.04,0.0,-24.83,16.94,True,2.0,0.4,0.5,20.1,11.12,11.15,47.79
2209,93,-23.34,0.0,-25.71,17.94,True,2.0,0.4,0.5,20.65,11.39,11.09,49.31
2210,93,-21.31,0.0,-26.74,19.34,True,2.0,0.4,0.5,21.12,11.45,11.04,51.26
2211,93,-18.14,0.0,-27.75,20.81,True,2.0,0.4,0.5,21.6,12.5,10.76,53.25
2212,93,-14.08,0.0,-27.7,22.41,True,2.0,0.4,0.5,20.13,11.26,11.69,54.18
2213,93,-9.45,0.0,-27.68,23.29,True,2.0,0.4,0.5,21.31,10.46,11.28,54.68
2214,93,-4.54,0.0,-27.08,23.57,True,2.0,0.4,0.5,21.57,12.77,11.21,54.17
2215,93,0.33,0.36,-26.65,23.43,True,2.0,0.4,0.5,21.6,11.54,10.51,53.59
2216,93,4.87,7.03,-25.67,23.84,True,2.0,0.4,0.5,20.8,16.65,11.29,52.71
2217,93,8.8,17.7,-24.74,24.45,True,2.0,0.4,0.5,20.85,16.9,12.3,51.98
2218,93,11.84,27.6,-23.69,24.67,True,2.0,0.4,0.5,20.6,18.87,12.31,50.87
2219,93,13.76,34.37,-22.92,26.58,True,2.0,0.4,0.5,20.59,16.97,11.76,51.03
2220,93,14.42,36.75,-22.18,26.24,True,2.0,0.4,0.5,20.25,17.4,11.29,49.97
2221,93,13.76,34.37,-21.69,27.17,True,2.0,0.4,0.5,20.25,17.14,11.89,49.88
2222,93,11.84,27.6,-21.11,27.52,True,2.0,0.4,0.5,20.71,16.51,11.03,49.37
2223,93,8.8,17.7,-20.93,28.86,True,2.0,0.4,0.5,20.56,16.91,11.29,49.85
2224,93,4.87,7.03,-21.15,29.16,True,2.0,0.4,0.5,20.74,16.46,10.98,50.28
2225,93,0.33,0.36,-21.63,28.4,True,2.0,0.4,0.5,20.68,18.26,12.14,50.46
2226,93,-4.54,0.0,-22.63,29.69,True,2.0,0.4,0.5,21.0,17.58,12.05,52.38
2227,93,-9.45,0.0,-23.42,29.6,True,2.0,0.4,0.5,21.16,19.49,11.48,53.29
2228,93,-14.08,0.0,-24.54,29.26,True,2.0,0.4,0.5,20.25,16.93,12.71,54.47
2229,93,-18.14,0.0,-25.69,28.01,True,2.0,0.4,0.5,20.74,11.21,11.79,55.16
2230,93,-21.31,0.0,-27.07,28.51,True,2.0,0.4,0.5,21.16,13.13,11.75,57.12
2231,93,-23.34,0.0,-28.24,26.8,True,2.0,0.4,0.5,21.38,12.75,11.67,57.48
2232,94,-24.44,0.0,-28.93,25.27,True,2.0,0.4,0.5,21.2,12.21,10.62,57.36
2233,94,-23.74,0.0,-29.48,25.36,True,2.0,0.4,0.5,21.9,11.01,10.87,58.06
2234,94,-21.7,0.0,-29.61,25.03,True,2.0,0.4,0.5,22.35,13.3,11.46,58.0
2235,94,-18.52,0.0,-29.65,24.47,True,2.0,0.4,0.5,21.63,11.84,11.47,57.69
2236,94,-14.46,0.0,-29.2,23.11,True,2.0,0.4,0.5,21.54,11.56,11.91,56.32
2237,94,-9.82,0.0,-28.79,22.67,True,2.0,0.4,0.5,21.79,12.81,11.03,55.57
2238,94,-4.91,0.0,-27.62,21.99,True,2.0,0.4,0.5,20.57,11.88,11.55,53.83
2239,94,-0.04,0.0,-26.12,20.75,True,2.0,0.4,0.5,21.15,10.97,11.56,51.4
2240,94,4.5,6.18,-24.55,20.58,True,2.0,0.4,0.5,21.34,17.53,11.59,49.56
2241,94,8.41,16.53,-23.27,19.26,True,2.0,0.4,0.5,20.53,16.87,11.51,47.4
2242,94,11.45,26.28,-21.55,18.91,True,2.0,0.4,0.5,20.1,15.09,10.52,45.34
2243,94,13.37,32.96,-19.83,18.54,True,2.0,0.4,0.5,20.31,16.79,9.92,43.27
2244,94,14.03,35.33,-18.49,16.53,True,2.0,0.4,0.5,20.19,17.08,10.84,40.82
2245,94,13.37,32.96,-17.28,15.74,True,2.0,0.4,0.5,19.71,16.58,11.13,39.18
2246,94,11.45,26.28,-16.39,12.7,True,2.0,0.4,0.5,20.81,17.96,10.68,36.83
2247,94,8.41,16.53,-15.48,13.97,True,2.0,0.4,0.5,19.67,16.88,11.46,36.48
2248,94,4.5,6.18,-15.16,12.72,True,2.0,0.4,0.5,19.36,17.88,12.26,35.58
2249,94,-0.04,0.0,-15.29,10.87,True,2.0,0.4,0.5,19.8,16.51,12.01,34.89
2250,94,-4.91,0.0,-15.65,10.15,True,2.0,0.4,0.5,20.24,18.23,11.83,34.92
2251,94,-9.82,0.0,-16.02,8.26,True,2.0,0.4,0.5,19.93,16.48,12.19,34.41
2252,94,-14.46,0.0,-17.33,8.93,False,0.0,0.4,0.5,20.27,15.63,10.85,35.98
2253,94,-18.52,0.0,-18.44,6.6,False,0.0,0.4,0.5,19.86,12.89,11.18,35.91
2254,94,-21.7,0.0,-19.86,5.5,False,0.0,0.4,0.5,20.98,11.22,11.93,36.68
2255,94,-23.74,0.0,-21.14,6.03,False,0.0,0.4,0.5,20.76,13.31,11.17,38.13
2256,95,-24.83,0.0,-22.06,5.86,False,0.0,0.4,0.5,21.07,12.35,11.21,38.9
2257,95,-24.13,0.0,-22.93,6.77,False,0.0,0.4,0.5,20.9,12.53,12.8,40.2
2258,95,-22.09,0.0,-23.63,7.62,False,0.0,0.4,0.5,21.17,12.74,11.57,41.33
2259,95,-18.9,0.0,-23.75,7.79,False,0.0,0.4,0.5,20.5,11.99,12.73,41.53
2260,95,-14.83,0.0,-23.79,8.82,False,0.0,0.4,0.5,20.66,12.0,10.22,42.14
2261,95,-10.19,0.0,-23.45,8.2,False,0.0,0.4,0.5,21.35,12.93,11.06,41.48
2262,95,-5.28,0.0,-22.46,7.79,False,0.0,0.4,0.5,21.32,11.99,11.79,40.3
2263,95,-0.41,0.0,-21.82,7.27,False,0.0,0.4,0.5,20.16,11.32,11.57,39.42
2264,95,4.12,22.42,-20.73,6.58,False,0.0,0.4,0.5,20.59,17.97,10.06,38.04
2265,95,8.03,64.14,-19.24,6.73,False,0.0,0.4,0.5,20.14,15.81,11.34,36.72
2266,95,11.06,104.05,-17.93,6.91,False,0.0,0.4,0.5,19.87,18.56,23.73,35.58
2267,95,12.98,131.58,-16.79,8.7,False,0.0,0.4,0.5,20.13,18.57,22.17,35.35
2268,95,13.64,141.31,-15.83,9.92,False,0.0,0.4,0.5,20.36,18.46,22.42,34.98
2269,95,12.98,131.58,-14.96,10.21,False,0.0,0.4,0.5,19.98,18.43,21.55,34.26
2270,95,11.06,104.05,-14.67,9.53,False,0.0,0.4,0.5,19.63,17.43,22.17,33.68
2271,95,8.03,64.14,-14.42,8.85,False,0.0,0.4,0.5,19.94,17.41,21.99,33.14
2272,95,4.12,22.42,-14.44,8.36,False,0.0,0.4,0.5,19.59,16.52,22.78,32.95
2273,95,-0.41,0.0,-14.61,6.87,False,0.0,0.4,0.5,19.92,18.9,22.76,32.45
2274,95,-5.28,0.0,-15.34,6.55,False,0.0,0.4,0.5,20.4,17.11,22.29,32.99
2275,95,-10.19,0.0,-16.46,5.74,False,0.0,0.4,0.5,19.14,17.77,11.55,33.66
2276,95,-14.83,0.0,-17.7,6.67,False,0.0,0.4,0.5,20.44,17.7,10.32,35.26
2277,95,-18.9,0.0,-18.8,6.72,False,0.0,0.4,0.5,19.64,10.83,10.3,36.3
2278,95,-22.09,0.0,-20.05,6.51,False,0.0,0.4,0.5,20.9,10.5,11.56,37.36
2279,95,-24.13,0.0,-21.25,6.07,False,0.0,0.4,0.5,20.3,11.9,12.11,38.26
2280,96,-25.22,0.0,-22.18,5.36,False,0.0,0.4,0.5,20.17,11.54,12.43,38.73
2281,96,-24.52,0.0,-23.04,5.39,False,0.0,0.4,0.5,21.04,11.83,10.88,39.54
2282,96,-22.47,0.0,-23.59,4.77,False,0.0,0.4,0.5,20.98,12.75,10.44,39.7
2283,96,-19.28,0.0,-23.73,6.17,False,0.0,0.4,0.5,20.45,12.08,12.15,40.61
2284,96,-15.21,0.0,-23.82,5.12,False,0.0,0.4,0.5,20.36,12.51,10.93,40.11
2285,96,-10.56,0.0,-23.18,5.13,False,0.0,0.4,0.5,20.71,12.26,10.4,39.53
2286,96,-5.65,0.0,-22.42,6.01,False,0.0,0.4,0.5,20.21,11.65,11.15,39.31
2287,96,-0.79,0.0,-21.13,6.25,False,0.0,0.4,0.5,20.11,11.1,11.14,38.24
2288,96,3.74,19.27,-19.6,5.83,False,0.0,0.0,0.5,20.4,17.71,12.42,36.6
2289,96,7.65,59.52,-18.3,3.91,False,0.0,0.0,0.5,19.81,17.57,12.11,34.46
2290,96,10.67,98.71,-17.0,6.42,False,0.0,0.0,0.5,20.21,18.23,21.48,34.48
2291,96,12.59,125.88,-15.69,7.24,False,0.0,0.0,0.5,20.48,17.38,22.98,33.63
2292,96,13.24,135.51,-14.58,6.94,False,0.0,0.0,0.5,19.69,17.26,22.09,32.46
2293,96,12.59,125.88,-13.72,6.93,False,0.0,0.0,0.5,19.7,17.32,22.74,31.64
2294,96,10.67,98.71,-12.92,7.41,False,0.0,0.0,0.5,20.36,16.77,22.93,31.09
2295,96,7.65,59.52,-12.81,8.21,False,0.0,0.0,0.5,19.06,18.66,21.82,31.33
2296,96,3.74,19.27,-12.81,6.78,False,0.0,0.0,0.5,20.01,18.41,22.4,30.73
2297,96,-0.79,0.0,-13.32,7.35,False,0.0,0.0,0.5,20.03,16.53,21.72,31.44
2298,96,-5.65,0.0,-14.12,7.04,False,0.0,0.0,0.5,20.04,18.14,22.65,32.06
2299,96,-10.56,0.0,-14.87,7.79,False,0.0,0.0,0.5,20.3,16.02,11.56,33.1
2300,96,-15.21,0.0,-16.07,7.52,False,0.0,0.0,0.0,20.04,18.29,12.17,34.11
2301,96,-19.28,0.0,-17.55,7.3,False,0.0,0.0,0.0,19.87,11.34,12.57,35.41
2302,96,-22.47,0.0,-18.86,6.15,False,0.0,0.0,0.0,20.7,12.19,11.88,36.07
2303,96,-24.52,0.0,-19.96,4.69,False,0.0,0.0,0.0,20.85,10.36,11.43,36.36
2304,97,-25.61,0.0,-20.96,6.21,False,0.0,0.0,0.0,20.96,10.94,11.45,38.06
2305,97,-24.9,0.0,-21.8,5.44,False,0.0,0.0,0.0,20.63,12.27,9.43,38.43
2306,97,-22.85,0.0,-22.09,5.34,False,0.0,0.0,0.0,20.36,11.34,11.0,38.64
2307,97,-19.66,0.0,-22.2,7.08,False,0.0,0.0,0.0,20.74,11.23,12.15,39.69
2308,97,-15.58,0.0,-22.13,8.81,False,0.0,0.0,0.0,21.03,13.02,12.18,40.54
2309,97,-10.93,0.0,-21.97,9.9,False,0.0,0.0,0.0,21.05,13.67,10.99,40.97
2310,97,-6.02,0.0,-21.34,9.99,False,0.0,0.0,0.0,20.39,12.65,11.62,40.41
2311,97,-1.15,0.0,-20.26,9.59,False,0.0,0.0,0.0,20.56,11.03,11.37,39.15
2312,97,3.37,16.31,-18.9,11.04,False,0.0,0.0,0.0,19.74,18.91,11.98,38.54
2313,97,7.27,55.02,-17.57,10.1,False,0.0,0.0,0.0,20.5,16.25,13.05,36.77
2314,97,10.29,93.45,-16.37,10.07,False,0.0,0.0,0.0,19.65,17.26,22.5,35.58
2315,97,12.2,120.25,-15.4,10.17,False,0.0,0.0,0.0,20.16,17.54,21.53,34.68
2316,97,12.86,129.77,-14.58,8.84,False,0.0,0.0,0.0,19.29,19.04,21.95,33.29
2317,97,12.2,120.25,-13.78,9.82,False,0.0,0.0,0.0,20.07,18.23,22.98,32.94
2318,97,10.29,93.45,-13.06,8.74,False,0.0,0.0,0.0,19.7,17.13,21.01,31.79
2319,97,7.27,55.02,-12.97,8.13,False,0.0,0.0,0.0,19.24,16.74,21.57,31.44
2320,97,3.37,16.31,-13.03,6.65,False,0.0,0.0,0.0,19.84,18.3,22.5,30.88
2321,97,-1.15,0.0,-13.5,7.16,False,0.0,0.0,0.0,19.38,17.07,22.91,31.53
2322,97,-6.02,0.0,-14.4,7.07,False,0.0,0.0,0.0,20.03,17.67,22.43,32.34
2323,97,-10.93,0.0,-15.58,6.59,False,0.0,0.0,0.0,19.76,16.4,11.08,33.23
2324,97,-15.58,0.0,-17.08,6.8,False,0.0,0.0,0.0,19.36,17.96,11.88,34.73
2325,97,-19.66,0.0,-18.39,8.35,False,0.0,0.0,0.0,19.81,12.29,11.79,36.72
2326,97,-22.85,0.0,-19.72,8.77,False,0.0,0.0,0.0,20.19,10.91,11.75,38.21
2327,97,-24.9,0.0,-21.23,8.21,False,0.0,0.0,0.0,21.09,12.73,11.43,39.36
2328,98,-26.0,0.0,-22.24,9.3,False,0.0,0.0,0.0,21.03,12.34,11.54,40.91
2329,98,-25.29,0.0,-23.06,9.16,False,0.0,0.0,0.0,21.42,12.49,10.86,41.63
2330,98,-23.24,0.0,-23.86,9.14,False,0.0,0.0,0.0,21.53,11.6,13.24,42.39
2331,98,-20.03,0.0,-23.99,8.32,False,0.0,0.0,0.0,20.67,12.04,11.61,42.06
2332,98,-15.95,0.0,-23.94,9.56,False,0.0,0.0,0.0,20.8,11.95,11.88,42.7
2333,98,-11.3,0.0,-23.41,9.5,False,0.0,0.0,0.0,20.64,11.78,11.35,42.16
2334,98,-6.39,0.0,-22.61,8.31,False,0.0,0.0,0.0,20.44,12.04,12.09,40.73
2335,98,-1.52,0.0,-21.62,9.28,False,0.0,0.0,0.0,19.86,12.91,10.59,40.3
2336,98,3.0,13.56,-20.51,9.29,False,0.0,0.0,0.0,20.46,18.36,10.28,39.24
2337,98,6.9,50.65,-19.05,8.96,False,0.0,0.0,0.0,19.77,16.55,11.48,37.65
2338,98,9.91,88.29,-17.62,8.66,False,0.0,0.0,0.0,20.1,18.29,23.44,36.13
2339,98,11.81,114.71,-16.53,7.66,False,0.0,0.0,0.0,20.83,18.45,22.85,34.62
2340,98,12.47,124.12,-15.58,8.66,False,0.0,0.0,0.0,19.67,17.38,21.43,34.18
2341,98,11.81,114.71,-15.06,7.95,False,0.0,0.0,0.0,19.88,17.91,22.36,33.35
2342,98,9.91,88.29,-14.71,9.02,False,0.0,0.0,0.0,20.13,17.9,21.55,33.5
2343,98,6.9,50.65,-14.67,8.35,False,0.0,0.0,0.0,19.87,16.82,22.3,33.16
2344,98,3.0,13.56,-15.07,7.54,False,0.0,0.0,0.0,19.93,17.19,22.35,33.19
2345,98,-1.52,0.0,-15.63,8.74,False,0.0,0.0,0.0,19.73,18.1,22.65,34.26
2346,98,-6.39,0.0,-16.26,7.22,False,0.0,0.0,0.0,19.86,17.1,20.9,34.16
2347,98,-11.3,0.0,-17.45,6.38,False,0.0,0.0,0.0,19.71,18.28,10.61,34.88
2348,98,-15.95,0.0,-18.58,7.25,False,0.0,0.0,0.0,20.57,18.54,11.45,36.36
2349,98,-20.03,0.0,-19.91,7.45,False,0.0,0.0,0.0,19.69,12.81,10.78,37.71
2350,98,-23.24,0.0,-21.39,9.03,False,0.0,0.0,0.0,20.95,13.48,10.72,39.94
2351,98,-25.29,0.0,-22.55,7.82,False,0.0,0.0,0.0,20.14,11.83,11.69,40.41
2352,99,-26.38,0.0,-23.41,8.57,False,0.0,0.0,0.0,21.19,12.04,10.86,41.65
2353,99,-25.67,0.0,-24.33,9.72,False,0.0,0.0,0.0,20.78,12.16,13.08,43.17
2354,99,-23.61,0.0,-24.96,8.23,False,0.0,0.0,0.0,20.5,11.85,11.13,42.94
2355,99,-20.4,0.0,-25.18,8.72,False,0.0,0.0,0.0,21.25,12.33,11.31,43.43
2356,99,-16.32,0.0,-24.98,7.32,False,0.0,0.0,0.0,21.37,10.53,11.71,42.43
2357,99,-11.66,0.0,-24.37,8.56,False,0.0,0.0,0.0,20.75,12.06,10.44,42.56
2358,99,-6.75,0.0,-23.36,8.35,False,0.0,0.0,0.0,21.09,10.8,11.86,41.47
2359,99,-1.89,0.0,-22.46,7.78,False,0.0,0.0,0.0,19.78,11.13,11.74,40.3
2360,99,2.63,11.89,-21.47,6.93,False,0.0,0.0,0.0,20.05,18.09,11.26,38.91
2361,99,6.52,46.41,-20.3,6.95,False,0.0,0.0,0.0,20.95,17.34,11.69,37.82
2362,99,9.53,83.23,-18.93,6.5,False,0.0,0.0,0.0,20.18,18.06,22.3,36.32
2363,99,11.43,109.26,-17.62,5.52,False,0.0,0.0,0.0,19.37,17.32,23.0,34.62
2364,99,12.08,118.55,-16.83,5.91,False,0.0,0.0,0.0,19.74,18.39,23.75,34.08
2365,99,11.43,109.26,-15.96,5.06,False,0.0,0.0,0.0,19.55,17.31,21.26,32.88
2366,99,9.53,83.23,-15.38,4.92,False,0.0,0.0,0.0,19.78,15.94,21.09,32.29
2367,99,6.52,46.41,-15.3,5.09,False,0.0,0.0,0.0,19.69,17.68,22.07,32.29
2368,99,2.63,11.89,-15.52,5.38,False,0.0,0.0,0.0,19.93,15.76,20.54,32.63
2369,99,-1.89,0.0,-16.17,6.43,False,0.0,0.0,0.0,19.91,16.34,22.45,33.71
2370,99,-6.75,0.0,-17.14,6.82,False,0.0,0.0,0.0,20.6,16.79,22.08,34.8
2371,99,-11.66,0.0,-18.16,6.71,False,0.0,0.0,0.0,20.35,16.69,11.76,35.7
2372,99,-16.32,0.0,-19.11,7.63,False,0.0,0.0,0.0,20.48,17.06,11.29,37.05
2373,99,-20.4,0.0,-20.75,6.58,False,0.0,0.0,0.0,20.96,11.07,11.68,38.05
2374,99,-23.61,0.0,-22.18,7.24,False,0.0,0.0,0.0,20.51,10.78,11.83,39.74
2375,99,-25.67,0.0,-23.51,8.25,False,0.0,0.0,0.0,20.32,13.13,11.64,41.56
2376,100,-26.77,0.0,-24.64,7.95,False,0.0,0.0,0.0,21.44,11.36,10.56,42.47
2377,100,-26.05,0.0,-25.26,9.32,False,0.0,0.0,0.0,21.09,10.12,11.62,43.85
2378,100,-23.99,0.0,-25.97,8.69,False,0.0,0.0,0.0,21.17,11.61,12.8,44.17
2379,100,-20.78,0.0,-26.14,9.31,False,0.0,0.0,0.0,20.88,11.0,11.67,44.7
2380,100,-16.68,0.0,-25.95,9.53,False,0.0,0.0,0.0,20.87,11.19,11.6,44.64
2381,100,-12.02,0.0,-25.27,7.18,False,0.0,0.0,0.0,21.37,12.47,12.59,42.62
2382,100,-7.11,0.0,-24.61,6.75,False,0.0,0.0,0.0,21.35,11.54,10.98,41.75
2383,100,-2.25,0.0,-23.6,6.33,False,0.0,0.0,0.0,21.15,10.98,12.12,40.58
2384,100,2.26,10.23,-22.56,7.15,False,0.0,0.0,0.0,21.02,17.86,11.13,40.06
2385,100,6.15,42.32,-21.29,7.05,False,0.0,0.0,0.0,20.78,18.42,12.26,38.81
2386,100,9.15,78.28,-19.86,7.35,False,0.0,0.0,0.0,20.44,17.93,22.56,37.61
2387,100,11.05,103.9,-18.36,7.19,False,0.0,0.0,0.0,20.13,15.54,21.71,36.12
2388,100,11.7,113.07,-17.33,7.36,False,0.0,0.0,0.0,20.56,16.61,21.81,35.23
2389,100,11.05,103.9,-16.68,7.83,False,0.0,0.0,0.0,19.85,17.54,22.68,34.83
2390,100,9.15,78.28,-16.04,6.99,False,0.0,0.0,0.0,20.07,17.3,20.7,33.84
2391,100,6.15,42.32,-15.81,7.47,False,0.0,0.0,0.0,19.58,17.24,21.69,33.84
2392,100,2.26,10.23,-16.17,5.85,False,0.0,0.0,0.0,19.68,16.71,22.43,33.44
2393,100,-2.25,0.0,-16.71,5.74,False,0.0,0.0,0.0,19.91,16.38,21.78,33.89
2394,100,-7.11,0.0,-17.51,5.29,False,0.0,0.0,0.0,19.78,19.11,22.09,34.41
2395,100,-12.02,0.0,-18.63,5.98,False,0.0,0.0,0.0,20.56,17.52,10.07,35.79
2396,100,-16.68,0.0,-19.8,6.52,False,0.0,0.0,0.0,19.84,18.01,10.9,37.14
2397,100,-20.78,0.0,-20.94,6.82,False,0.0,0.0,0.0,20.55,11.91,11.98,38.36
2398,100,-23.99,0.0,-22.24,7.12,False,0.0,0.0,0.0,20.72,11.94,10.97,39.74
2399,100,-26.05,0.0,-23.29,8.1,False,0.0,0.0,0.0,20.07,11.85,10.59,41.27
2400,101,-27.15,0.0,-24.19,8.75,False,0.0,0.0,0.0,20.73,11.0,12.24,42.49
2401,101,-26.43,0.0,-24.99,8.85,False,0.0,0.0,0.0,21.1,10.69,11.86,43.31
2402,101,-24.37,0.0,-25.64,9.22,False,0.0,0.0,0.0,21.25,12.21,10.74,44.16
2403,101,-21.14,0.0,-25.71,9.07,False,0.0,0.0,0.0,21.0,12.05,11.6,44.13
2404,101,-17.05,0.0,-25.34,8.48,False,0.0,0.0,0.0,21.31,12.65,10.76,43.44
2405,101,-12.38,0.0,-24.85,8.4,False,0.0,0.0,0.0,20.94,12.49,11.39,42.93
2406,101,-7.47,0.0,-23.97,8.36,False,0.0,0.0,0.0,20.88,11.25,11.62,42.06
2407,101,-2.61,0.0,-23.22,8.25,False,0.0,0.0,0.0,20.89,12.81,10.93,41.28
2408,101,1.9,8.58,-22.09,7.39,False,0.0,0.0,0.0,21.02,18.11,12.02,39.74
2409,101,5.78,38.37,-20.55,6.6,False,0.0,0.0,0.0,20.2,18.05,12.13,37.87
2410,101,8.77,73.44,-19.17,7.31,False,0.0,0.0,0.0,20.11,19.3,22.18,36.95
2411,101,10.67,98.64,-17.69,6.81,False,0.0,0.0,0.0,19.86,19.14,22.29,35.31
2412,101,11.32,107.67,-16.64,6.23,False,0.0,0.0,0.0,19.86,18.05,20.98,34.05
2413,101,10.67,98.64,-15.78,5.93,False,0.0,0.0,0.0,20.46,17.95,22.95,33.12
2414,101,8.77,73.44,-15.25,6.42,False,0.0,0.0,0.0,20.06,18.37,21.94,32.85
2415,101,5.78,38.37,-14.99,7.56,False,0.0,0.0,0.0,19.35,17.03,21.35,33.12
2416,101,1.9,8.58,-15.08,8.38,False,0.0,0.0,0.0,19.57,17.04,22.1,33.57
2417,101,-2.61,0.0,-15.59,8.45,False,0.0,0.0,0.0,20.02,18.04,22.52,34.08
2418,101,-7.47,0.0,-16.44,9.16,False,0.0,0.0,0.0,19.61,16.81,22.36,35.23
2419,101,-12.38,0.0,-17.42,7.66,False,0.0,0.0,0.0,19.8,17.97,10.74,35.46
2420,101,-17.05,0.0,-18.56,8.55,False,0.0,0.0,0.0,20.77,17.63,12.03,36.98
2421,101,-21.14,0.0,-19.85,7.63,False,0.0,0.0,0.0,20.14,11.22,11.46,37.75
2422,101,-24.37,0.0,-21.3,6.78,False,0.0,0.0,0.0,20.94,11.92,11.85,38.68
2423,101,-26.43,0.0,-22.51,6.82,False,0.0,0.0,0.0,21.2,12.94,10.94,39.83
2424,102,-27.53,0.0,-23.55,6.67,False,0.0,0.0,0.0,20.53,11.97,12.23,40.72
2425,102,-26.81,0.0,-24.35,7.02,False,0.0,0.0,0.0,20.57,11.97,11.63,41.67
2426,102,-24.74,0.0,-24.88,5.83,False,0.0,0.0,0.0,20.88,12.16,12.33,41.48
2427,102,-21.51,0.0,-25.21,6.57,False,0.0,0.0,0.0,20.59,12.27,10.43,42.21
2428,102,-17.41,0.0,-24.89,7.42,False,0.0,0.0,0.0,21.04,11.64,10.52,42.41
2429,102,-12.74,0.0,-24.47,7.42,False,0.0,0.0,0.0,20.85,12.18,11.33,42.01
2430,102,-7.83,0.0,-23.88,7.44,False,0.0,0.0,0.0,21.01,11.06,12.53,41.46
2431,102,-2.97,0.0,-22.83,8.66,False,0.0,0.0,0.0,21.3,11.26,12.87,41.13
2432,102,1.53,6.94,-21.61,8.02,False,0.0,0.0,0.0,20.92,16.96,10.88,39.62
2433,102,5.41,34.58,-20.55,8.3,False,0.0,0.0,0.0,20.66,17.88,11.54,38.76
2434,102,8.4,68.71,-19.39,7.16,False,0.0,0.0,0.0,19.54,17.63,22.11,37.08
2435,102,10.29,93.47,-18.27,7.79,False,0.0,0.0,0.0,20.37,17.39,22.5,36.33
2436,102,10.94,102.38,-17.36,7.98,False,0.0,0.0,0.0,20.77,18.05,22.62,35.56
2437,102,10.29,93.47,-16.55,7.25,False,0.0,0.0,0.0,18.78,17.8,21.22,34.45
2438,102,8.4,68.71,-15.75,8.85,False,0.0,0.0,0.0,20.17,17.27,22.05,34.42
2439,102,5.41,34.58,-15.77,7.28,False,0.0,0.0,0.0,19.83,16.67,20.59,33.73
2440,102,1.53,6.94,-16.06,7.5,False,0.0,0.0,0.0,19.59,16.84,22.57,34.1
2441,102,-2.97,0.0,-16.49,7.24,False,0.0,0.0,0.0,20.3,16.33,21.76,34.39
2442,102,-7.83,0.0,-17.24,7.72,False,0.0,0.0,0.0,20.75,17.61,21.16,35.32
2443,102,-12.74,0.0,-18.1,7.17,False,0.0,0.0,0.0,20.48,16.81,11.73,35.87
2444,102,-17.41,0.0,-19.29,7.0,False,0.0,0.0,0.0,20.17,17.1,11.24,36.91
2445,102,-21.51,0.0,-20.61,7.54,False,0.0,0.0,0.0,20.1,11.8,12.38,38.42
2446,102,-24.74,0.0,-22.04,7.27,False,0.0,0.0,0.0,20.7,12.74,10.88,39.63
2447,102,-26.81,0.0,-23.29,7.69,False,0.0,0.0,0.0,21.14,12.64,13.06,41.04
2448,103,-27.9,0.0,-24.2,6.35,False,0.0,0.0,0.0,20.75,11.86,12.1,41.14
2449,103,-27.19,0.0,-25.15,6.84,False,0.0,0.0,0.0,20.9,12.91,12.4,42.31
2450,103,-25.11,0.0,-25.54,5.44,False,0.0,0.0,0.0,22.19,10.29,10.78,41.87
2451,103,-21.88,0.0,-25.65,5.37,False,0.0,0.0,0.0,21.51,13.4,12.75,41.93
2452,103,-17.77,0.0,-25.49,6.06,False,0.0,0.0,0.0,21.52,12.45,10.65,42.18
2453,103,-13.1,0.0,-24.91,5.67,False,0.0,0.0,0.0,20.41,11.98,11.35,41.42
2454,103,-8.18,0.0,-23.83,6.24,False,0.0,0.0,0.0,20.58,11.19,12.41,40.74
2455,103,-3.33,0.0,-22.88,6.1,False,0.0,0.0,0.0,20.78,11.55,11.85,39.78
2456,103,1.17,5.31,-21.93,6.46,False,0.0,0.0,0.0,20.23,17.99,10.63,39.09
2457,103,5.04,30.95,-20.57,6.62,False,0.0,0.0,0.0,21.11,18.01,12.29,37.91
2458,103,8.03,64.11,-19.03,7.67,False,0.0,0.0,0.0,20.85,18.03,22.24,36.99
2459,103,9.92,88.41,-18.06,8.31,False,0.0,0.0,0.0,19.95,16.92,21.71,36.38
2460,103,10.56,97.18,-17.03,7.86,False,0.0,0.0,0.0,20.76,16.76,20.92,35.18
2461,103,9.92,88.41,-16.25,7.05,False,0.0,0.0,0.0,19.95,17.66,22.3,34.07
2462,103,8.03,64.11,-15.77,8.59,False,0.0,0.0,0.0,20.93,18.12,21.89,34.32
2463,103,5.04,30.95,-15.62,8.7,False,0.0,0.0,0.0,19.93,17.5,22.11,34.23
2464,103,1.17,5.31,-15.64,7.54,False,0.0,0.0,0.0,20.11,18.69,20.89,33.72
2465,103,-3.33,0.0,-15.96,7.35,False,0.0,0.0,0.0,20.48,17.53,21.71,33.94
2466,103,-8.18,0.0,-16.83,7.65,False,0.0,0.0,0.0,20.53,17.5,22.34,34.89
2467,103,-13.1,0.0,-17.85,8.54,False,0.0,0.0,0.0,20.35,18.04,12.81,36.29
2468,103,-17.77,0.0,-18.89,8.83,False,0.0,0.0,0.0,20.21,18.48,11.36,37.43
2469,103,-21.88,0.0,-20.14,9.08,False,0.0,0.0,0.0,20.62,10.82,12.51,38.76
2470,103,-25.11,0.0,-21.35,8.44,False,0.0,0.0,0.0,20.24,11.01,12.05,39.6
2471,103,-27.19,0.0,-22.56,7.27,False,0.0,0.0,0.0,20.77,11.65,11.66,40.12
2472,104,-28.28,0.0,-23.74,7.08,False,0.0,0.0,0.0,20.41,14.43,10.79,41.13
2473,104,-27.56,0.0,-24.62,7.61,False,0.0,0.0,0.0,20.24,11.69,10.82,42.26
2474,104,-25.48,0.0,-25.38,5.91,False,0.0,0.0,0.0,21.07,11.8,11.93,41.99
2475,104,-22.24,0.0,-25.55,4.65,False,0.0,0.0,0.0,21.57,12.39,11.13,41.42
2476,104,-18.12,0.0,-25.26,6.39,False,0.0,0.0,0.0,21.4,12.68,11.07,42.16
2477,104,-13.45,0.0,-24.97,6.47,False,0.0,0.0,0.0,20.96,12.04,11.37,41.93
2478,104,-8.54,0.0,-24.15,5.92,False,0.0,0.0,0.0,21.6,12.83,11.39,40.86
2479,104,-3.68,0.0,-23.16,4.99,False,0.0,0.0,0.0,20.55,10.94,12.13,39.43
2480,104,0.82,3.69,-22.09,4.88,False,0.0,0.0,0.0,19.88,16.89,11.15,38.39
2481,104,4.68,27.48,-20.77,5.72,False,0.0,0.0,0.0,19.62,18.43,12.06,37.63
2482,104,7.66,59.62,-19.31,5.58,False,0.0,0.0,0.0,19.85,17.51,22.31,36.21
2483,104,9.54,83.45,-18.15,6.96,False,0.0,0.0,0.0,20.51,16.49,20.83,35.82
2484,104,10.19,92.08,-17.12,7.93,False,0.0,0.0,0.0,19.8,16.44,22.21,35.31
2485,104,9.54,83.45,-16.29,8.21,False,0.0,0.0,0.0,20.14,16.85,20.13,34.65
2486,104,7.66,59.62,-15.88,8.74,False,0.0,0.0,0.0,20.56,17.5,21.37,34.49
2487,104,4.68,27.48,-15.92,8.45,False,0.0,0.0,0.0,19.47,17.87,22.32,34.4
2488,104,0.82,3.69,-16.17,6.59,False,0.0,0.0,0.0,20.13,17.24,21.99,33.78
2489,104,-3.68,0.0,-16.47,6.88,False,0.0,0.0,0.0,20.19,17.81,20.76,34.2
2490,104,-8.54,0.0,-17.4,6.43,False,0.0,0.0,0.0,19.74,17.15,21.22,34.86
2491,104,-13.45,0.0,-18.51,6.08,False,0.0,0.0,0.0,20.76,18.48,9.67,35.72
2492,104,-18.12,0.0,-19.72,5.94,False,0.0,0.0,0.0,20.25,19.54,10.56,36.77
2493,104,-22.24,0.0,-21.01,6.35,False,0.0,0.0,0.0,20.37,11.59,11.91,38.17
2494,104,-25.48,0.0,-22.33,6.21,False,0.0,0.0,0.0,21.52,12.28,11.11,39.33
2495,104,-27.56,0.0,-23.46,4.48,False,0.0,0.0,0.0,21.02,12.22,11.62,39.43
2496,105,-28.65,0.0,-24.7,4.81,False,0.0,0.0,0.0,21.33,12.01,11.51,40.74
2497,105,-27.93,0.0,-25.37,5.63,False,0.0,0.0,0.0,21.59,12.42,11.52,41.83
2498,105,-25.84,0.0,-25.92,5.23,False,0.0,0.0,0.0,20.85,12.28,12.22,42.1
2499,105,-22.6,0.0,-26.03,5.12,False,0.0,0.0,0.0,21.62,11.52,11.36,42.13
2500,105,-18.48,0.0,-26.31,6.2,False,0.0,0.0,0.0,20.96,12.95,12.14,43.02
2501,105,-13.8,0.0,-26.07,7.66,False,0.0,0.0,0.0,20.91,12.06,9.77,43.66
2502,105,-8.89,0.0,-25.3,7.58,False,0.0,0.0,0.0,20.93,11.59,12.28,42.88
2503,105,-4.03,0.0,-24.19,6.63,False,0.0,0.0,0.0,20.65,13.85,10.6,41.3
2504,105,0.46,2.08,-22.76,7.05,False,0.0,0.0,0.0,21.06,17.41,10.75,40.2
2505,105,4.32,24.19,-21.4,7.64,False,0.0,0.0,0.0,20.67,17.7,11.01,39.22
2506,105,7.3,55.27,-20.15,6.86,False,0.0,0.0,0.0,20.22,17.64,22.76,37.64
2507,105,9.17,78.6,-18.85,5.87,False,0.0,0.0,0.0,20.53,17.4,21.38,35.93
2508,105,9.82,87.08,-17.56,5.17,False,0.0,0.0,0.0,20.0,17.86,21.54,34.4
2509,105,9.17,78.6,-16.73,4.89,False,0.0,0.0,0.0,19.88,16.82,21.33,33.51
2510,105,7.3,55.27,-16.1,4.88,False,0.0,0.0,0.0,19.95,17.98,22.18,32.93
2511,105,4.32,24.19,-15.66,4.1,False,0.0,0.0,0.0,20.06,16.09,22.52,32.17
2512,105,0.46,2.08,-16.13,5.49,False,0.0,0.0,0.0,20.09,16.46,23.19,33.24
2513,105,-4.03,0.0,-16.45,5.79,False,0.0,0.0,0.0,19.83,18.96,23.68,33.67
2514,105,-8.89,0.0,-17.45,6.69,False,0.0,0.0,0.0,20.43,16.5,22.46,35.03
2515,105,-13.8,0.0,-18.4,7.45,False,0.0,0.0,0.0,20.12,15.93,11.76,36.29
2516,105,-18.48,0.0,-19.69,7.48,False,0.0,0.0,0.0,20.1,16.51,10.65,37.52
2517,105,-22.6,0.0,-21.13,6.92,False,0.0,0.0,0.0,19.95,13.29,12.84,38.59
2518,105,-25.84,0.0,-22.51,7.09,False,0.0,0.0,0.0,21.09,10.47,11.65,39.98
2519,105,-27.93,0.0,-23.68,9.15,False,0.0,0.0,0.0,20.85,11.14,11.3,42.23
2520,106,-29.02,0.0,-24.73,8.7,False,0.0,0.0,0.0,21.05,10.73,11.77,42.98
2521,106,-28.29,0.0,-25.64,8.19,False,0.0,0.0,0.0,21.5,11.68,11.05,43.56
2522,106,-26.2,0.0,-26.08,7.59,False,0.0,0.0,0.0,20.94,11.55,9.86,43.62
2523,106,-22.95,0.0,-26.22,8.75,False,0.0,0.0,0.0,20.6,11.52,11.9,44.44
2524,106,-18.83,0.0,-26.11,8.14,False,0.0,0.0,0.0,21.16,13.38,12.44,43.98
2525,106,-14.15,0.0,-25.98,6.63,False,0.0,0.0,0.0,21.24,10.94,11.89,42.97
2526,106,-9.23,0.0,-25.37,7.63,False,0.0,0.0,0.0,20.94,11.82,11.5,42.98
2527,106,-4.38,0.0,-23.92,8.21,False,0.0,0.0,0.0,21.46,12.17,11.51,41.93
2528,106,0.11,0.49,-22.53,9.01,False,0.0,0.0,0.0,19.71,16.72,11.62,41.04
2529,106,3.96,21.08,-21.46,9.06,False,0.0,0.0,0.0,21.02,17.89,11.6,40.03
2530,106,6.93,51.05,-20.3,8.8,False,0.0,0.0,0.0,20.75,17.18,21.96,38.78
2531,106,8.81,73.87,-19.05,8.03,False,0.0,0.0,0.0,20.47,17.8,22.02,37.2
2532,106,9.45,82.2,-17.77,7.82,False,0.0,0.0,0.0,18.8,17.41,23.09,35.87
2533,106,8.81,73.87,-17.15,7.99,False,0.0,0.0,0.0,20.57,15.86,22.33,35.36
2534,106,6.93,51.05,-16.91,8.05,False,0.0,0.0,0.0,19.62,18.54,22.07,35.16
2535,106,3.96,21.08,-16.55,7.91,False,0.0,0.0,0.0,19.78,19.16,22.46,34.75
2536,106,0.11,0.49,-16.44,8.28,False,0.0,0.0,0.0,19.91,17.36,22.46,34.83
2537,106,-4.38,0.0,-17.03,8.57,False,0.0,0.0,0.0,20.21,16.78,22.66,35.52
2538,106,-9.23,0.0,-17.68,8.35,False,0.0,0.0,0.0,20.38,18.7,21.47,36.04
2539,106,-14.15,0.0,-19.04,8.58,False,0.0,0.0,0.0,20.64,19.01,11.16,37.45
2540,106,-18.83,0.0,-20.59,8.25,False,0.0,0.0,0.0,20.8,17.36,10.93,38.77
2541,106,-22.95,0.0,-21.9,7.63,False,0.0,0.0,0.0,20.73,11.73,12.04,39.69
2542,106,-26.2,0.0,-23.07,6.11,False,0.0,0.0,0.0,20.93,11.84,12.0,39.96
2543,106,-28.29,0.0,-24.5,5.96,False,0.0,0.0,0.0,20.5,10.56,10.61,41.21
2544,107,-29.38,0.0,-25.59,6.08,False,0.0,0.0,0.0,20.77,11.67,11.77,42.29
2545,107,-28.66,0.0,-26.55,7.17,False,0.0,0.0,0.0,21.54,13.27,12.46,43.82
2546,107,-26.56,0.0,-27.1,7.03,False,0.0,0.0,0.0,21.59,11.77,11.34,44.26
2547,107,-23.31,0.0,-27.61,7.28,False,0.0,0.0,0.0,21.6,11.07,11.72,44.89
2548,107,-19.18,0.0,-27.37,7.91,False,0.0,0.0,0.0,21.08,12.3,12.01,45.05
2549,107,-14.49,0.0,-27.05,7.03,False,0.0,0.0,0.0,21.61,11.37,10.58,44.21
2550,107,-9.58,0.0,-26.09,7.4,False,0.0,0.0,0.0,20.67,11.85,11.61,43.53
2551,107,-4.73,0.0,-25.03,5.58,False,0.0,0.0,0.0,21.44,10.88,12.39,41.48
2552,107,-0.24,0.0,-23.76,5.99,False,0.0,0.0,0.0,20.75,16.67,11.08,40.54
2553,107,3.61,18.15,-22.43,6.49,False,0.0,0.0,0.0,21.37,18.09,12.08,39.58
2554,107,6.57,46.96,-21.28,6.94,False,0.0,0.0,0.0,19.94,17.59,22.02,38.74
2555,107,8.44,69.25,-20.23,8.54,False,0.0,0.0,0.0,21.13,16.88,21.53,38.57
2556,107,9.08,77.43,-19.31,7.93,False,0.0,0.0,0.0,20.17,17.6,21.93,37.39
2557,107,8.44,69.25,-18.1,7.99,False,0.0,0.0,0.0,20.02,17.01,21.63,36.27
2558,107,6.57,46.96,-17.74,8.71,False,0.0,0.0,0.0,20.21,16.87,21.38,36.27
2559,107,3.61,18.15,-17.34,9.15,False,0.0,0.0,0.0,19.8,18.43,21.82,36.1
2560,107,-0.24,0.0,-17.27,8.63,False,0.0,0.0,0.0,20.04,18.13,22.05,35.78
2561,107,-4.73,0.0,-17.73,6.87,False,0.0,0.0,0.0,19.83,17.48,21.88,35.37
2562,107,-9.58,0.0,-18.31,6.23,False,0.0,0.0,0.0,19.92,17.62,21.81,35.6
2563,107,-14.49,0.0,-19.58,6.23,False,0.0,0.0,0.0,20.54,17.49,11.66,36.79
2564,107,-19.18,0.0,-20.81,6.74,False,0.0,0.0,0.0,20.14,17.89,11.87,38.19
2565,107,-23.31,0.0,-21.97,6.07,False,0.0,0.0,0.0,20.33,11.26,10.7,38.92
2566,107,-26.56,0.0,-23.07,6.43,False,0.0,0.0,0.0,20.22,12.59,11.32,40.14
2567,107,-28.66,0.0,-24.28,8.24,False,0.0,0.0,0.0,20.71,12.18,10.12,42.29
2568,108,-29.74,0.0,-25.63,8.89,False,0.0,0.0,0.0,21.6,11.69,11.39,43.96
2569,108,-29.02,0.0,-26.41,8.94,False,0.0,0.0,0.0,20.83,11.51,11.61,44.74
2570,108,-26.92,0.0,-26.73,8.67,False,0.0,0.0,0.0,20.92,12.57,11.9,44.89
2571,108,-23.66,0.0,-27.21,9.3,False,0.0,0.0,0.0,21.34,11.78,11.61,45.73
2572,108,-19.52,0.0,-27.11,10.21,False,0.0,0.0,0.0,21.1,11.34,11.88,46.17
2573,108,-14.84,0.0,-26.38,9.36,False,0.0,0.0,0.0,22.06,11.59,11.55,44.96
2574,108,-9.92,0.0,-25.71,10.0,False,0.0,0.0,0.0,21.02,12.52,11.03,44.68
2575,108,-5.07,0.0,-24.4,9.76,False,0.0,0.0,0.0,21.06,10.61,10.72,43.27
2576,108,-0.59,0.0,-23.2,8.75,False,0.0,0.0,0.0,21.16,17.22,11.32,41.54
2577,108,3.25,15.42,-21.86,9.61,False,0.0,0.0,0.0,20.99,18.36,10.96,40.71
2578,108,6.21,43.02,-20.93,8.56,False,0.0,0.0,0.0,20.61,17.37,21.92,39.26
2579,108,8.08,64.76,-19.69,9.11,False,0.0,0.0,0.0,20.3,17.72,21.66,38.35
2580,108,8.72,72.77,-18.66,8.54,False,0.0,0.0,0.0,21.05,18.37,22.29,37.07
2581,108,8.08,64.76,-17.64,8.19,False,0.0,0.0,0.0,20.08,18.21,22.03,35.92
2582,108,6.21,43.02,-17.23,8.56,False,0.0,0.0,0.0,19.89,17.15,22.31,35.71
2583,108,3.25,15.42,-17.18,6.42,False,0.0,0.0,0.0,19.8,17.4,22.31,34.65
2584,108,-0.59,0.0,-17.25,6.98,False,0.0,0.0,0.0,19.38,18.22,21.87,34.98
2585,108,-5.07,0.0,-17.72,5.67,False,0.0,0.0,0.0,20.46,18.25,21.92,34.79
2586,108,-9.92,0.0,-18.74,6.86,False,0.0,0.0,0.0,19.31,17.43,22.35,36.31
2587,108,-14.84,0.0,-19.95,7.4,False,0.0,0.0,0.0,20.39,17.46,13.21,37.73
2588,108,-19.52,0.0,-21.16,6.46,False,0.0,0.0,0.0,20.46,17.71,10.81,38.38
2589,108,-23.66,0.0,-22.54,6.38,False,0.0,0.0,0.0,21.6,12.99,11.53,39.62
2590,108,-26.92,0.0,-23.93,7.32,False,0.0,0.0,0.0,20.14,12.75,10.66,41.44
2591,108,-29.02,0.0,-25.01,8.44,False,0.0,0.0,0.0,20.64,12.45,11.49,43.11
2592,109,-30.1,0.0,-25.91,7.71,False,0.0,0.0,0.0,21.06,11.04,11.03,43.54
2593,109,-29.38,0.0,-26.94,8.05,False,0.0,0.0,0.0,21.15,11.68,11.42,44.71
2594,109,-27.27,0.0,-27.45,8.46,False,0.0,0.0,0.0,21.07,11.72,11.61,45.45
2595,109,-24.0,0.0,-27.82,8.41,False,0.0,0.0,0.0,21.31,13.03,11.16,45.78
2596,109,-19.87,0.0,-27.77,7.34,False,0.0,0.0,0.0,20.83,11.71,10.25,45.08
2597,109,-15.18,0.0,-27.25,6.55,False,0.0,0.0,0.0,21.41,12.9,12.5,44.11
2598,109,-10.26,0.0,-26.59,7.58,False,0.0,0.0,0.0,20.26,11.44,12.09,44.1
2599,109,-5.41,0.0,-25.69,8.16,False,0.0,0.0,0.0,21.07,11.51,11.41,43.59
2600,109,-0.93,0.0,-24.53,8.06,False,0.0,0.0,0.0,20.7,17.89,10.87,42.43
2601,109,2.91,13.13,-23.19,8.15,False,0.0,0.0,0.0,21.19,18.75,11.56,41.2
2602,109,5.86,39.22,-21.88,8.6,False,0.0,0.0,0.0,21.33,17.33,22.25,40.2
2603,109,7.72,60.39,-20.74,8.36,False,0.0,0.0,0.0,20.36,15.45,22.54,38.97
2604,109,8.36,68.24,-19.56,6.37,False,0.0,0.0,0.0,20.9,16.25,22.6,36.83
2605,109,7.72,60.39,-18.62,5.31,False,0.0,0.0,0.0,20.11,17.74,22.74,35.44
2606,109,5.86,39.22,-17.95,5.55,False,0.0,0.0,0.0,19.77,16.32,20.78,34.94
2607,109,2.91,13.13,-17.66,6.69,False,0.0,0.0,0.0,20.82,16.81,21.79,35.22
2608,109,-0.93,0.0,-17.93,5.84,False,0.0,0.0,0.0,20.36,17.51,22.7,35.07
2609,109,-5.41,0.0,-18.42,5.75,False,0.0,0.0,0.0,20.21,15.54,21.35,35.48
2610,109,-10.26,0.0,-19.1,6.21,False,0.0,0.0,0.0,20.57,17.2,22.85,36.33
2611,109,-15.18,0.0,-20.19,7.15,False,0.0,0.0,0.0,20.53,16.57,12.77,37.83
2612,109,-19.87,0.0,-21.47,6.6,False,0.0,0.0,0.0,20.55,16.3,12.33,38.74
2613,109,-24.0,0.0,-22.84,5.58,False,0.0,0.0,0.0,20.21,11.26,11.96,39.46
2614,109,-27.27,0.0,-23.84,7.06,False,0.0,0.0,0.0,20.75,11.04,11.19,41.21
2615,109,-29.38,0.0,-24.97,9.04,False,0.0,0.0,0.0,21.25,12.28,11.7,43.4
2616,110,-30.46,0.0,-26.0,10.85,False,0.0,0.0,0.0,21.07,12.86,10.56,45.47
2617,110,-29.73,0.0,-26.75,11.0,False,0.0,0.0,0.0,21.57,11.61,10.95,46.3
2618,110,-27.62,0.0,-27.09,10.93,False,0.0,0.0,0.0,21.4,11.42,11.0,46.59
2619,110,-24.35,0.0,-27.04,10.92,False,0.0,0.0,0.0,20.89,11.57,11.54,46.54
2620,110,-20.2,0.0,-26.85,9.48,False,0.0,0.0,0.0,20.69,11.01,11.23,45.49
2621,110,-15.51,0.0,-26.41,7.96,False,0.0,0.0,0.0,21.11,10.87,11.68,44.16
2622,110,-10.59,0.0,-25.45,7.46,False,0.0,0.0,0.0,20.84,10.58,12.11,42.95
2623,110,-5.75,0.0,-24.16,7.41,False,0.0,0.0,0.0,21.03,10.84,11.0,41.7
2624,110,-1.28,0.0,-22.97,8.33,False,0.0,0.0,0.0,20.47,18.81,11.6,41.09
2625,110,2.56,11.57,-21.71,8.28,False,0.0,0.0,0.0,20.36,16.95,11.21,39.86
2626,110,5.51,35.58,-20.26,9.5,False,0.0,0.0,0.0,20.85,15.15,22.13,39.1
2627,110,7.37,56.15,-19.29,10.46,False,0.0,0.0,0.0,20.37,17.03,22.48,38.64
2628,110,8.01,63.82,-18.5,8.64,False,0.0,0.0,0.0,19.94,16.23,22.64,36.96
2629,110,7.37,56.15,-17.83,8.89,False,0.0,0.0,0.0,20.15,17.55,22.47,36.44
2630,110,5.51,35.58,-17.37,8.11,False,0.0,0.0,0.0,20.64,17.46,22.29,35.63
2631,110,2.56,11.57,-17.19,7.88,False,0.0,0.0,0.0,20.18,17.54,21.01,35.35
2632,110,-1.28,0.0,-17.27,7.19,False,0.0,0.0,0.0,20.31,17.47,21.24,35.1
2633,110,-5.75,0.0,-17.95,6.79,False,0.0,0.0,0.0,19.85,17.2,21.42,35.54
2634,110,-10.59,0.0,-18.66,6.64,False,0.0,0.0,0.0,20.65,16.34,22.25,36.14
2635,110,-15.51,0.0,-19.57,5.55,False,0.0,0.0,0.0,21.28,17.44,10.6,36.43
2636,110,-20.2,0.0,-20.68,7.76,False,0.0,0.0,0.0,20.17,18.32,11.74,38.6
2637,110,-24.35,0.0,-22.11,8.82,False,0.0,0.0,0.0,20.18,13.35,11.69,40.53
2638,110,-27.62,0.0,-23.48,8.97,False,0.0,0.0,0.0,20.89,11.71,10.15,41.93
2639,110,-29.73,0.0,-24.9,8.23,False,0.0,0.0,0.0,21.34,11.8,10.74,42.87
2640,111,-30.81,0.0,-25.93,8.19,False,0.0,0.0,0.0,21.08,12.3,12.23,43.84
2641,111,-30.08,0.0,-26.73,8.12,False,0.0,0.0,0.0,20.79,13.09,11.99,44.56
2642,111,-27.97,0.0,-27.33,5.87,False,0.0,0.0,0.0,21.24,11.51,10.9,43.78
2643,111,-24.69,0.0,-27.69,5.12,False,0.0,0.0,0.0,21.56,12.45,10.78,43.65
2644,111,-20.54,0.0,-27.54,4.19,False,0.0,0.0,0.0,21.14,11.24,9.78,42.95
2645,111,-15.85,0.0,-27.14,4.79,False,0.0,0.0,0.0,21.5,12.16,12.53,42.95
2646,111,-10.92,0.0,-26.54,5.27,False,0.0,0.0,0.0,21.65,12.68,11.53,42.69
2647,111,-6.08,0.0,-25.42,6.28,False,0.0,0.0,0.0,21.15,10.87,12.82,42.24
2648,111,-1.61,0.0,-24.33,6.16,False,0.0,0.0,0.0,20.91,17.08,11.37,41.16
2649,111,2.22,10.02,-22.98,6.54,False,0.0,0.0,0.0,21.09,18.26,11.7,40.12
2650,111,5.16,32.09,-21.89,6.04,False,0.0,0.0,0.0,20.28,17.99,22.62,38.84
2651,111,7.02,52.05,-20.66,5.89,False,0.0,0.0,0.0,20.1,18.33,23.15,37.61
2652,111,7.65,59.54,-19.61,5.34,False,0.0,0.0,0.0,20.25,18.18,22.35,36.36
2653,111,7.02,52.05,-19.09,6.18,False,0.0,0.0,0.0,20.09,17.23,22.0,36.31
2654,111,5.16,32.09,-18.66,7.27,False,0.0,0.0,0.0,19.92,19.26,22.02,36.44
2655,111,2.22,10.02,-18.49,7.31,False,0.0,0.0,0.0,20.95,17.61,21.27,36.31
2656,111,-1.61,0.0,-18.84,7.58,False,0.0,0.0,0.0,21.13,15.06,21.73,36.77
2657,111,-6.08,0.0,-19.35,7.76,False,0.0,0.0,0.0,20.18,17.27,22.04,37.34
2658,111,-10.92,0.0,-20.42,9.08,False,0.0,0.0,0.0,20.49,17.12,22.97,39.03
2659,111,-15.85,0.0,-21.62,7.07,False,0.0,0.0,0.0,20.52,18.14,11.2,39.14
2660,111,-20.54,0.0,-22.99,6.63,False,0.0,0.0,0.0,21.2,17.14,12.24,40.17
2661,111,-24.69,0.0,-24.19,7.27,False,0.0,0.0,0.0,21.42,12.78,11.44,41.65
2662,111,-27.97,0.0,-25.45,8.51,False,0.0,0.0,0.0,20.34,12.35,12.37,43.56
2663,111,-30.08,0.0,-26.47,8.95,False,0.0,0.0,0.0,21.37,11.1,11.97,44.8
2664,112,-31.16,0.0,-27.46,9.3,False,0.0,0.0,0.0,20.77,11.79,11.93,45.97
2665,112,-30.43,0.0,-28.26,10.93,False,0.0,0.0,0.0,22.09,11.28,12.19,47.74
2666,112,-28.31,0.0,-28.53,10.66,False,0.0,0.0,0.0,21.6,12.05,12.08,47.85
2667,112,-25.03,0.0,-28.68,10.15,False,0.0,0.0,0.0,21.11,11.27,12.24,47.68
2668,112,-20.87,0.0,-28.59,10.21,False,0.0,0.0,0.0,21.33,11.96,12.99,47.62
2669,112,-16.17,0.0,-27.95,9.96,False,0.0,0.0,0.0,21.24,11.68,12.63,46.85
2670,112,-11.25,0.0,-27.5,11.11,False,0.0,0.0,0.0,21.51,11.78,11.83,47.11
2671,112,-6.42,0.0,-26.46,8.99,False,0.0,0.0,0.0,21.59,13.54,11.19,44.81
2672,112,-1.95,0.0,-25.31,8.9,False,0.0,0.0,0.0,20.58,17.21,11.76,43.66
2673,112,1.88,8.48,-24.07,8.44,False,0.0,0.0,0.0,21.62,15.95,10.15,42.2
2674,112,4.82,28.75,-22.92,7.49,False,0.0,0.0,0.0,21.39,18.31,22.58,40.58
2675,112,6.67,48.07,-21.61,6.68,False,0.0,0.0,0.0,20.24,18.31,21.26,38.91
2676,112,7.3,55.38,-20.7,5.08,False,0.0,0.0,0.0,20.51,15.92,22.79,37.24
2677,112,6.67,48.07,-19.91,5.34,False,0.0,0.0,0.0,21.07,16.94,23.39,36.64
2678,112,4.82,28.75,-19.32,6.02,False,0.0,0.0,0.0,20.81,17.85,20.98,36.44
2679,112,1.88,8.48,-18.91,6.72,False,0.0,0.0,0.0,20.14,17.92,21.96,36.41
2680,112,-1.95,0.0,-19.14,6.7,False,0.0,0.0,0.0,20.62,17.5,21.25,36.62
2681,112,-6.42,0.0,-19.65,6.76,False,0.0,0.0,0.0,21.56,17.51,20.79,37.12
2682,112,-11.25,0.0,-20.2,6.6,False,0.0,0.0,0.0,20.47,16.75,21.93,37.55
2683,112,-16.17,0.0,-21.25,7.84,False,0.0,0.0,0.0,20.3,15.58,11.94,39.19
2684,112,-20.87,0.0,-22.2,8.21,False,0.0,0.0,0.0,20.73,19.14,12.03,40.29
2685,112,-25.03,0.0,-23.37,8.61,False,0.0,0.0,0.0,20.9,11.13,11.61,41.62
2686,112,-28.31,0.0,-24.42,10.34,False,0.0,0.0,0.0,20.72,12.04,10.34,43.61
2687,112,-30.43,0.0,-25.67,10.88,False,0.0,0.0,0.0,21.26,11.77,11.59,45.15
2688,113,-31.51,0.0,-26.66,11.62,False,0.0,0.0,0.0,20.7,12.62,10.46,46.58
2689,113,-30.77,0.0,-27.38,11.73,False,0.0,0.0,0.0,21.02,11.99,10.5,47.36
2690,113,-28.65,0.0,-27.95,11.8,False,0.0,0.0,0.0,21.66,12.02,10.8,47.97
2691,113,-25.36,0.0,-28.2,10.05,False,0.0,0.0,0.0,20.68,9.79,12.23,47.14
2692,113,-21.2,0.0,-27.81,10.06,False,0.0,0.0,0.0,21.7,11.23,11.88,46.76
2693,113,-16.5,0.0,-27.3,9.88,False,0.0,0.0,0.0,20.47,12.5,11.73,46.16
2694,113,-11.58,0.0,-26.13,9.5,False,0.0,0.0,0.0,20.44,12.42,10.9,44.8
2695,113,-6.74,0.0,-25.09,8.25,False,0.0,0.0,0.0,20.81,11.14,11.23,43.07
2696,113,-2.28,0.0,-23.89,7.19,False,0.0,0.0,0.0,20.98,16.24,10.54,41.33
2697,113,1.54,6.96,-22.58,7.84,False,0.0,0.0,0.0,21.24,17.6,12.46,40.45
2698,113,4.48,25.59,-21.51,6.16,False,0.0,0.0,0.0,20.6,15.17,23.54,38.54
2699,113,6.33,44.24,-20.32,5.55,False,0.0,0.0,0.0,20.34,16.58,22.39,37.13
2700,113,6.96,51.36,-19.17,5.57,False,0.0,0.0,0.0,20.53,18.91,22.51,36.08
2701,113,6.33,44.24,-18.42,5.18,False,0.0,0.0,0.0,19.86,18.66,21.89,35.2
2702,113,4.48,25.59,-18.0,5.04,False,0.0,0.0,0.0,20.22,17.89,20.87,34.75
2703,113,1.54,6.96,-17.67,4.87,False,0.0,0.0,0.0,19.64,17.75,21.41,34.36
2704,113,-2.28,0.0,-17.94,5.36,False,0.0,0.0,0.0,20.19,15.94,21.67,34.84
2705,113,-6.74,0.0,-18.62,5.61,False,0.0,0.0,0.0,20.18,16.91,21.73,35.59
2706,113,-11.58,0.0,-19.09,4.61,False,0.0,0.0,0.0,19.97,17.26,21.57,35.52
2707,113,-16.5,0.0,-20.0,5.63,False,0.0,0.0,0.0,20.47,16.92,11.53,36.87
2708,113,-21.2,0.0,-21.28,6.2,False,0.0,0.0,0.0,20.62,17.22,10.9,38.35
2709,113,-25.36,0.0,-22.35,6.09,False,0.0,0.0,0.0,21.15,12.94,13.02,39.29
2710,113,-28.65,0.0,-23.48,5.4,False,0.0,0.0,0.0,20.18,11.47,10.54,39.95
2711,113,-30.77,0.0,-24.77,5.38,False,0.0,0.0,0.0,20.94,11.63,12.12,41.13
2712,114,-31.85,0.0,-25.85,7.21,False,0.0,0.0,0.0,20.8,12.49,11.32,43.18
2713,114,-31.11,0.0,-26.55,7.06,False,0.0,0.0,0.0,21.53,10.76,11.82,43.76
2714,114,-28.99,0.0,-27.03,6.96,False,0.0,0.0,0.0,21.55,11.23,11.86,44.15
2715,114,-25.69,0.0,-27.27,7.2,False,0.0,0.0,0.0,21.48,11.31,11.61,44.52
2716,114,-21.53,0.0,-27.07,7.72,False,0.0,0.0,0.0,20.97,11.94,10.71,44.64
2717,114,-16.82,0.0,-26.43,7.36,False,0.0,0.0,0.0,21.53,11.62,11.27,43.82
2718,114,-11.9,0.0,-25.86,5.03,False,0.0,0.0,0.0,20.49,11.65,11.62,41.92
2719,114,-7.07,0.0,-24.92,5.14,False,0.0,0.0,0.0,20.3,11.37,11.57,41.13
2720,114,-2.61,0.0,-23.82,4.81,False,0.0,0.0,0.0,20.35,16.64,10.78,39.93
2721,114,1.21,5.46,-22.59,4.62,False,0.0,0.0,0.0,20.7,17.99,12.4,38.71
2722,114,4.14,22.59,-21.33,4.96,False,0.0,0.0,0.0,20.83,17.23,20.25,37.75
2723,114,5.99,40.55,-20.13,7.58,False,0.0,0.0,0.0,19.23,18.0,21.82,37.99
2724,114,6.62,47.47,-19.18,8.31,False,0.0,0.0,0.0,20.83,16.61,21.36,37.45
2725,114,5.99,40.55,-18.41,8.58,False,0.0,0.0,0.0,20.26,16.97,22.13,36.85
2726,114,4.14,22.59,-17.87,10.05,False,0.0,0.0,0.0,19.52,17.32,22.71,37.04
2727,114,1.21,5.46,-17.95,11.35,False,0.0,0.0,0.0,20.19,17.4,21.02,37.75
2728,114,-2.61,0.0,-18.34,10.95,False,0.0,0.0,0.0,20.64,18.1,23.65,37.94
2729,114,-7.07,0.0,-18.73,9.55,False,0.0,0.0,0.0,20.49,17.16,22.14,37.64
2730,114,-11.9,0.0,-19.83,9.08,False,0.0,0.0,0.0,20.82,18.1,22.27,38.47
2731,114,-16.82,0.0,-20.89,8.88,False,0.0,0.0,0.0,19.96,17.8,10.49,39.38
2732,114,-21.53,0.0,-21.96,7.21,False,0.0,0.0,0.0,20.47,17.41,11.47,39.53
2733,114,-25.69,0.0,-23.11,5.97,False,0.0,0.0,0.0,20.4,11.14,12.18,39.92
2734,114,-28.99,0.0,-24.0,5.91,False,0.0,0.0,0.0,21.57,12.51,11.65,40.71
2735,114,-31.11,0.0,-25.33,4.84,False,0.0,0.0,0.0,21.3,11.16,11.6,41.33
2736,115,-32.19,0.0,-26.49,5.83,False,0.0,0.0,0.0,22.32,11.88,11.46,42.97
2737,115,-31.45,0.0,-27.23,5.74,False,0.0,0.0,0.0,21.08,11.86,10.54,43.6
2738,115,-29.32,0.0,-27.8,6.15,False,0.0,0.0,0.0,21.05,11.73,10.53,44.38
2739,115,-26.02,0.0,-28.18,6.12,False,0.0,0.0,0.0,21.32,11.59,12.32,44.71
2740,115,-21.85,0.0,-28.05,5.63,False,0.0,0.0,0.0,21.92,11.24,12.12,44.29
2741,115,-17.14,0.0,-27.57,6.4,False,0.0,0.0,0.0,21.16,10.61,12.22,44.32
2742,115,-12.22,0.0,-26.89,7.66,False,0.0,0.0,0.0,21.28,13.02,10.92,44.44
2743,115,-7.39,0.0,-26.02,7.02,False,0.0,0.0,0.0,21.16,11.51,11.39,43.24
2744,115,-2.93,0.0,-24.93,6.62,False,0.0,0.0,0.0,21.01,17.4,12.36,41.98
2745,115,0.88,3.97,-23.66,8.02,False,0.0,0.0,0.0,20.58,17.39,10.64,41.58
2746,115,3.8,19.76,-22.61,7.86,False,0.0,0.0,0.0,20.66,18.38,22.79,40.49
2747,115,5.65,37.01,-21.32,8.54,False,0.0,0.0,0.0,20.49,19.05,21.59,39.61
2748,115,6.28,43.72,-20.15,6.96,False,0.0,0.0,0.0,20.42,17.63,21.4,37.69
2749,115,5.65,37.01,-19.52,7.53,False,0.0,0.0,0.0,20.72,17.37,21.98,37.38
2750,115,3.8,19.76,-19.17,7.57,False,0.0,0.0,0.0,21.0,16.6,21.22,37.07
2751,115,0.88,3.97,-19.13,6.44,False,0.0,0.0,0.0,19.96,16.35,20.67,36.48
2752,115,-2.93,0.0,-19.24,6.9,False,0.0,0.0,0.0,20.15,16.08,22.05,36.81
2753,115,-7.39,0.0,-19.99,6.94,False,0.0,0.0,0.0,20.07,16.86,22.37,37.53
2754,115,-12.22,0.0,-20.82,7.31,False,0.0,0.0,0.0,20.57,15.83,22.85,38.5
2755,115,-17.14,0.0,-21.84,7.75,False,0.0,0.0,0.0,20.41,18.36,11.92,39.7
2756,115,-21.85,0.0,-23.26,8.64,False,0.0,0.0,0.0,20.89,17.84,12.88,41.54
2757,115,-26.02,0.0,-24.78,8.57,False,0.0,0.0,0.0,21.42,11.7,12.45,42.96
2758,115,-29.32,0.0,-26.2,9.09,False,0.0,0.0,0.0,20.13,12.79,12.02,44.63
2759,115,-31.45,0.0,-27.49,8.17,False,0.0,0.0,0.0,21.5,11.04,11.83,45.31
2760,116,-32.52,0.0,-28.6,8.3,False,0.0,0.0,0.0,21.25,11.24,12.36,46.46
2761,116,-31.78,0.0,-29.42,7.7,False,0.0,0.0,0.0,21.71,10.35,9.95,46.86
2762,116,-29.65,0.0,-29.93,7.36,False,0.0,0.0,0.0,21.23,12.52,11.16,47.13
2763,116,-26.34,0.0,-29.73,8.6,False,0.0,0.0,0.0,22.05,11.25,10.2,47.73
2764,116,-22.17,0.0,-29.62,8.24,False,0.0,0.0,0.0,21.92,11.91,11.96,47.39
2765,116,-17.46,0.0,-29.29,7.51,False,0.0,0.0,0.0,21.74,12.7,10.98,46.62
2766,116,-12.54,0.0,-28.51,7.0,False,0.0,0.0,0.0,21.74,13.0,13.61,45.56
2767,116,-7.7,0.0,-27.59,7.06,False,0.0,0.0,0.0,21.01,11.88,11.14,44.73
2768,116,-3.25,0.0,-26.42,7.11,False,0.0,0.0,0.0,20.92,17.81,11.57,43.67
2769,116,0.55,2.5,-25.43,7.48,False,0.0,0.0,0.0,21.35,16.78,11.22,42.95
2770,116,3.47,17.1,-24.48,7.61,False,0.0,0.0,0.0,20.63,18.85,21.66,42.12
2771,116,5.31,33.61,-23.29,8.35,False,0.0,0.0,0.0,21.37,17.37,21.13,41.41
2772,116,5.94,40.11,-22.24,8.59,False,0.0,0.0,0.0,20.54,17.56,21.1,40.53
2773,116,5.31,33.61,-21.39,8.14,False,0.0,0.0,0.0,20.77,17.17,20.47,39.48
2774,116,3.47,17.1,-20.92,7.44,False,0.0,0.0,0.0,21.35,18.46,22.38,38.66
2775,116,0.55,2.5,-20.83,7.24,False,0.0,0.0,0.0,20.22,17.66,21.7,38.48
2776,116,-3.25,0.0,-21.03,7.56,False,0.0,0.0,0.0,20.55,18.11,23.35,38.83
2777,116,-7.7,0.0,-21.42,6.61,False,0.0,0.0,0.0,20.99,17.78,21.13,38.7
2778,116,-12.54,0.0,-22.38,5.85,False,0.0,0.0,0.0,21.07,17.32,23.03,39.19
2779,116,-17.46,0.0,-23.43,6.87,False,0.0,0.0,0.0,20.68,18.24,12.6,40.72
2780,116,-22.17,0.0,-24.74,7.77,False,0.0,0.0,0.0,20.76,17.78,12.39,42.46
2781,116,-26.34,0.0,-26.17,7.46,False,0.0,0.0,0.0,21.05,11.13,11.66,43.64
2782,116,-29.65,0.0,-27.36,6.83,False,0.0,0.0,0.0,21.86,11.11,11.26,44.38
2783,116,-31.78,0.0,-28.58,8.91,False,0.0,0.0,0.0,21.32,12.02,12.39,46.81
2784,117,-32.85,0.0,-29.41,9.49,False,0.0,0.0,0.0,21.56,12.63,10.95,47.97
2785,117,-32.11,0.0,-30.16,9.51,False,0.0,0.0,0.0,21.45,13.21,11.69,48.72
2786,117,-29.97,0.0,-30.83,9.18,False,0.0,0.0,0.0,21.98,10.48,11.47,49.16
2787,117,-26.66,0.0,-30.97,7.83,False,0.0,0.0,0.0,21.78,11.92,10.88,48.41
2788,117,-22.48,0.0,-30.98,9.47,False,0.0,0.0,0.0,21.32,12.29,11.69,49.49
2789,117,-17.77,0.0,-30.49,7.75,False,0.0,0.0,0.0,21.27,12.14,12.02,47.9
2790,117,-12.85,0.0,-29.72,7.26,False,0.0,0.0,0.0,20.77,12.71,10.85,46.87
2791,117,-8.02,0.0,-28.59,7.54,False,0.0,0.0,0.0,21.1,12.42,11.82,45.97
2792,117,-3.57,0.0,-27.29,7.57,False,0.0,0.0,0.0,21.59,16.71,9.94,44.77
2793,117,0.23,1.05,-25.98,8.92,False,0.0,0.0,0.0,21.65,16.69,10.77,44.32
2794,117,3.15,14.63,-24.76,7.64,False,0.0,0.0,0.0,21.24,17.75,21.68,42.4
2795,117,4.99,30.37,-23.35,8.09,False,0.0,0.0,0.0,21.02,18.29,22.25,41.32
2796,117,5.61,36.65,-22.35,9.51,False,0.0,0.0,0.0,20.63,17.61,22.61,41.13
2797,117,4.99,30.37,-21.37,7.99,False,0.0,0.0,0.0,20.87,16.24,22.06,39.38
2798,117,3.15,14.63,-20.85,8.54,False,0.0,0.0,0.0,20.62,16.66,22.4,39.17
2799,117,0.23,1.05,-20.73,7.41,False,0.0,0.0,0.0,21.21,18.05,21.89,38.47
2800,117,-3.57,0.0,-20.8,8.11,False,0.0,0.0,0.0,20.46,17.22,22.28,38.9
2801,117,-8.02,0.0,-21.13,7.69,False,0.0,0.0,0.0,21.07,17.59,22.25,38.99
2802,117,-12.85,0.0,-22.03,6.8,False,0.0,0.0,0.0,20.99,18.35,21.64,39.37
2803,117,-17.77,0.0,-23.04,8.56,False,0.0,0.0,0.0,21.06,16.54,11.25,41.28
2804,117,-22.48,0.0,-24.11,7.77,False,0.0,0.0,0.0,20.09,17.17,11.92,41.86
2805,117,-26.66,0.0,-25.32,8.67,False,0.0,0.0,0.0,21.41,11.48,12.77,43.53
2806,117,-29.97,0.0,-26.63,8.54,False,0.0,0.0,0.0,21.14,12.18,12.34,44.71
2807,117,-32.11,0.0,-27.78,9.59,False,0.0,0.0,0.0,21.16,12.52,10.71,46.46
2808,118,-33.18,0.0,-28.65,10.5,False,0.0,0.0,0.0,20.84,10.72,10.71,47.86
2809,118,-32.44,0.0,-29.37,9.54,False,0.0,0.0,0.0,21.52,11.9,11.13,47.98
2810,118,-30.29,0.0,-29.82,9.04,False,0.0,0.0,0.0,21.59,12.6,11.57,48.09
2811,118,-26.98,0.0,-29.85,7.73,False,0.0,0.0,0.0,21.06,10.42,11.53,47.29
2812,118,-22.79,0.0,-29.63,6.72,False,0.0,0.0,0.0,20.97,11.85,12.37,46.44
2813,118,-18.08,0.0,-29.34,5.67,False,0.0,0.0,0.0,21.72,10.93,12.41,45.51
2814,118,-13.15,0.0,-28.57,4.73,False,0.0,0.0,0.0,21.78,11.39,11.5,44.22
2815,118,-8.33,0.0,-27.45,4.29,False,0.0,0.0,0.0,21.37,9.9,11.34,42.93
2816,118,-3.88,0.0,-26.11,3.95,False,0.0,0.0,0.0,21.59,18.61,11.86,41.51
2817,118,-0.09,0.0,-24.83,3.91,False,0.0,0.0,0.0,20.94,17.22,12.24,40.34
2818,118,2.83,12.77,-23.63,5.0,False,0.0,0.0,0.0,20.81,16.85,22.39,39.86
2819,118,4.66,27.28,-22.26,5.76,False,0.0,0.0,0.0,20.3,17.76,21.7,39.02
2820,118,5.29,33.33,-21.37,5.43,False,0.0,0.0,0.0,19.94,16.67,21.57,38.03
2821,118,4.66,27.28,-20.39,6.85,False,0.0,0.0,0.0,21.19,16.59,21.22,37.86
2822,118,2.83,12.77,-19.81,6.95,False,0.0,0.0,0.0,20.83,18.71,22.14,37.37
2823,118,-0.09,0.0,-19.61,9.38,False,0.0,0.0,0.0,19.8,18.95,22.44,38.41
2824,118,-3.88,0.0,-19.77,8.9,False,0.0,0.0,0.0,20.43,17.03,22.51,38.31
2825,118,-8.33,0.0,-20.1,8.22,False,0.0,0.0,0.0,20.37,18.35,22.81,38.29
2826,118,-13.15,0.0,-20.93,8.76,False,0.0,0.0,0.0,20.4,17.78,23.04,39.37
2827,118,-18.08,0.0,-22.04,8.37,False,0.0,0.0,0.0,20.48,16.37,10.54,40.22
2828,118,-22.79,0.0,-23.3,9.04,False,0.0,0.0,0.0,20.95,16.76,11.78,41.8
2829,118,-26.98,0.0,-24.65,8.28,False,0.0,0.0,0.0,21.28,13.14,11.81,42.66
2830,118,-30.29,0.0,-25.96,7.49,False,0.0,0.0,0.0,21.28,10.76,11.45,43.45
2831,118,-32.44,0.0,-27.42,7.66,False,0.0,0.0,0.0,21.24,13.72,10.92,44.93
2832,119,-33.5,0.0,-28.47,6.62,False,0.0,0.0,0.0,21.35,11.44,12.51,45.29
2833,119,-32.76,0.0,-29.53,5.65,False,0.0,0.0,0.0,21.92,13.16,11.09,45.67
2834,119,-30.61,0.0,-30.03,5.34,False,0.0,0.0,0.0,21.79,11.66,9.97,45.93
2835,119,-27.29,0.0,-30.39,5.57,False,0.0,0.0,0.0,21.68,12.54,11.51,46.41
2836,119,-23.1,0.0,-30.25,5.4,False,0.0,0.0,0.0,21.62,13.02,11.33,46.17
2837,119,-18.38,0.0,-29.68,5.64,False,0.0,0.0,0.0,21.7,13.01,12.8,45.8
2838,119,-13.46,0.0,-28.75,6.41,False,0.0,0.0,0.0,21.26,11.43,11.84,45.42
2839,119,-8.63,0.0,-27.79,7.8,False,0.0,0.0,0.0,21.66,11.21,11.29,45.37
2840,119,-4.19,0.0,-26.73,10.38,False,0.0,0.0,0.0,20.78,17.44,11.36,45.91
2841,119,-0.4,0.0,-25.33,9.85,False,0.0,0.0,0.0,20.88,16.46,11.35,44.23
2842,119,2.51,11.34,-23.89,12.01,False,0.0,0.0,0.0,21.11,17.69,23.55,44.03
2843,119,4.34,24.35,-22.77,12.68,False,0.0,0.0,0.0,20.28,16.84,22.47,43.27
2844,119,4.96,30.17,-21.9,13.94,False,0.0,0.0,0.0,20.0,18.37,21.01,43.06
2845,119,4.34,24.35,-21.39,13.4,False,0.0,0.0,0.0,20.59,17.04,21.83,42.25
2846,119,2.51,11.34,-20.83,10.49,False,0.0,0.0,0.0,19.82,16.11,21.98,40.17
2847,119,-0.4,0.0,-20.73,9.86,False,0.0,0.0,0.0,19.97,18.62,21.22,39.74
2848,119,-4.19,0.0,-20.91,8.72,False,0.0,0.0,0.0,20.81,17.65,20.75,39.32
2849,119,-8.63,0.0,-21.32,7.92,False,0.0,0.0,0.0,20.48,17.52,22.42,39.29
2850,119,-13.46,0.0,-22.11,6.24,False,0.0,0.0,0.0,21.17,18.38,21.44,39.14
2851,119,-18.38,0.0,-23.25,6.0,False,0.0,0.0,0.0,20.31,18.2,12.37,40.07
2852,119,-23.1,0.0,-24.28,7.84,False,0.0,0.0,0.0,20.88,16.89,11.51,42.07
2853,119,-27.29,0.0,-25.61,7.1,False,0.0,0.0,0.0,21.23,11.54,11.17,42.9
2854,119,-30.61,0.0,-26.81,7.36,False,0.0,0.0,0.0,20.75,11.01,9.81,44.18
2855,119,-32.76,0.0,-28.45,8.0,False,0.0,0.0,0.0,21.83,10.73,12.36,46.13
2856,120,-33.82,0.0,-29.73,9.69,False,0.0,0.0,0.0,21.77,12.36,11.71,48.41
2857,120,-33.07,0.0,-30.77,10.63,False,0.0,0.0,0.0,21.05,12.21,11.19,50.04
2858,120,-30.92,0.0,-31.36,10.04,False,0.0,0.0,0.0,21.75,12.51,10.88,50.23
2859,120,-27.59,0.0,-31.67,10.97,False,0.0,0.0,0.0,21.96,12.93,12.62,51.15
2860,120,-23.4,0.0,-31.42,9.97,False,0.0,0.0,0.0,21.53,12.52,10.76,50.25
2861,120,-18.68,0.0,-31.07,9.64,False,0.0,0.0,0.0,21.14,12.59,11.24,49.69
2862,120,-13.76,0.0,-30.2,8.82,False,0.0,0.0,0.0,21.73,10.24,11.9,48.31
2863,120,-8.93,0.0,-29.46,8.65,False,0.0,0.0,0.0,22.42,11.65,12.52,47.5
2864,120,-4.5,0.0,-28.4,8.72,False,0.0,0.0,0.0,21.25,18.27,11.35,46.52
2865,120,-0.71,0.0,-27.15,8.18,False,0.0,0.0,0.0,21.89,16.57,10.99,44.99
2866,120,2.19,9.92,-25.74,8.84,False,0.0,0.0,0.0,20.79,17.57,21.93,44.04
2867,120,4.02,21.58,-24.81,8.49,False,0.0,0.0,0.0,21.06,17.92,22.63,42.94
2868,120,4.65,27.15,-23.8,6.95,False,0.0,0.0,0.0,21.16,17.85,22.79,41.11
2869,120,4.02,21.58,-23.03,5.56,False,0.0,0.0,0.0,20.76,17.8,21.04,39.63
2870,120,2.19,9.92,-22.49,4.33,False,0.0,0.0,0.0,20.58,17.98,22.08,38.46
2871,120,-0.71,0.0,-22.25,5.54,False,0.0,0.0,0.0,20.96,17.64,21.0,38.9
2872,120,-4.5,0.0,-22.42,4.98,False,0.0,0.0,0.0,21.45,16.33,22.62,38.75
2873,120,-8.93,0.0,-23.04,4.9,False,0.0,0.0,0.0,20.88,17.91,22.3,39.27
2874,120,-13.76,0.0,-24.01,7.22,False,0.0,0.0,0.0,20.67,17.73,21.36,41.46
2875,120,-18.68,0.0,-24.87,7.52,False,0.0,0.0,0.0,20.91,16.34,12.57,42.45
2876,120,-23.4,0.0,-26.02,7.16,False,0.0,0.0,0.0,22.13,18.6,11.73,43.32
2877,120,-27.59,0.0,-27.38,6.1,False,0.0,0.0,0.0,21.34,12.33,11.66,43.95
2878,120,-30.92,0.0,-28.24,5.83,False,0.0,0.0,0.0,21.15,10.8,11.37,44.59
2879,120,-33.07,0.0,-29.61,5.48,False,0.0,0.0,0.0,21.09,11.25,11.49,45.64
2880,121,-34.13,0.0,-30.5,3.44,False,0.0,0.0,0.0,20.93,11.45,11.23,45.14
2881,121,-33.39,0.0,-31.2,3.79,False,0.0,0.0,0.0,21.89,11.45,10.98,45.99
2882,121,-31.23,0.0,-31.74,4.31,False,0.0,0.0,0.0,22.07,12.13,12.36,46.82
2883,121,-27.9,0.0,-31.97,4.44,False,0.0,0.0,0.0,21.68,11.12,11.16,47.11
2884,121,-23.7,0.0,-31.83,5.87,False,0.0,0.0,0.0,21.81,12.8,11.13,47.93
2885,121,-18.98,0.0,-31.32,6.44,False,0.0,0.0,0.0,21.29,12.74,11.41,47.84
2886,121,-14.05,0.0,-30.42,8.2,False,0.0,0.0,0.0,21.7,12.4,12.5,48.12
2887,121,-9.23,0.0,-29.64,8.04,False,0.0,0.0,0.0,21.75,11.94,12.29,47.28
2888,121,-4.8,0.0,-28.53,8.39,False,0.0,0.0,0.0,21.21,18.25,11.22,46.44
2889,121,-1.01,0.0,-27.25,9.08,False,0.0,0.0,0.0,21.95,17.28,12.36,45.63
2890,121,1.88,8.52,-26.17,7.53,False,0.0,0.0,0.0,20.81,16.92,22.08,43.68
2891,121,3.71,18.98,-24.82,6.92,False,0.0,0.0,0.0,21.09,18.45,21.41,42.05
2892,121,4.33,24.29,-23.61,6.2,False,0.0,0.0,0.0,21.17,17.75,21.67,40.51
2893,121,3.71,18.98,-22.9,6.18,False,0.0,0.0,0.0,20.72,16.95,22.96,39.84
2894,121,1.88,8.52,-22.28,6.9,False,0.0,0.0,0.0,20.6,17.17,23.46,39.66
2895,121,-1.01,0.0,-22.11,7.43,False,0.0,0.0,0.0,20.08,16.91,22.22,39.78
2896,121,-4.8,0.0,-22.13,8.03,False,0.0,0.0,0.0,21.2,19.12,21.6,40.12
2897,121,-9.23,0.0,-22.58,8.92,False,0.0,0.0,0.0,20.64,17.5,21.91,41.04
2898,121,-14.05,0.0,-23.15,8.66,False,0.0,0.0,0.0,20.99,17.63,21.47,41.44
2899,121,-18.98,0.0,-23.94,10.23,False,0.0,0.0,0.0,21.14,18.08,11.07,43.08
2900,121,-23.7,0.0,-24.82,10.34,False,0.0,0.0,0.0,20.73,16.53,11.0,44.01
2901,121,-27.9,0.0,-26.02,10.32,False,0.0,0.0,0.0,21.04,12.78,11.44,45.18
2902,121,-31.23,0.0,-27.21,10.1,False,0.0,0.0,0.0,21.8,11.41,11.58,46.2
2903,121,-33.39,0.0,-28.17,10.45,False,0.0,0.0,0.0,20.93,13.36,11.4,47.37
2904,122,-34.44,0.0,-29.06,10.07,False,0.0,0.0,0.0,22.34,11.65,11.35,48.0
2905,122,-33.69,0.0,-29.81,8.04,False,0.0,0.0,0.0,21.28,12.73,12.03,47.45
2906,122,-31.53,0.0,-30.47,8.53,False,0.0,0.0,0.0,21.18,9.9,11.34,48.39
2907,122,-28.2,0.0,-30.6,6.58,False,0.0,0.0,0.0,21.72,10.96,11.38,47.25
2908,122,-23.99,0.0,-30.45,8.32,False,0.0,0.0,0.0,22.54,11.67,11.38,48.24
2909,122,-19.27,0.0,-30.01,7.2,False,0.0,0.0,0.0,20.84,10.28,12.58,47.1
2910,122,-14.34,0.0,-28.98,8.22,False,0.0,0.0,0.0,21.42,12.38,11.16,46.77
2911,122,-9.52,0.0,-27.89,8.34,False,0.0,0.0,0.0,21.54,12.15,11.92,45.8
2912,122,-5.09,0.0,-26.64,6.94,False,0.0,0.0,0.0,21.21,16.71,10.98,43.77
2913,122,-1.32,0.0,-25.35,7.45,False,0.0,0.0,0.0,21.19,17.49,11.74,42.85
2914,122,1.58,7.14,-24.58,6.26,False,0.0,0.0,0.0,20.66,18.15,22.38,41.45
2915,122,3.4,16.53,-23.28,6.61,False,0.0,0.0,0.0,20.55,15.82,22.76,40.44
2916,122,4.02,21.59,-22.37,6.24,False,0.0,0.0,0.0,20.63,16.48,21.73,39.39
2917,122,3.4,16.53,-21.48,5.61,False,0.0,0.0,0.0,20.13,17.23,21.22,38.23
2918,122,1.58,7.14,-20.87,5.05,False,0.0,0.0,0.0,20.49,17.52,21.45,37.37
2919,122,-1.32,0.0,-20.78,4.81,False,0.0,0.0,0.0,20.34,17.45,22.68,37.17
2920,122,-5.09,0.0,-20.94,4.54,False,0.0,0.0,0.0,20.32,18.21,23.46,37.17
2921,122,-9.52,0.0,-21.56,5.41,False,0.0,0.0,0.0,20.71,17.88,22.58,38.19
2922,122,-14.34,0.0,-22.42,6.0,False,0.0,0.0,0.0,19.96,18.06,21.12,39.31
2923,122,-19.27,0.0,-23.17,6.58,False,0.0,0.0,0.0,20.69,16.39,12.06,40.31
2924,122,-23.99,0.0,-24.49,7.51,False,0.0,0.0,0.0,21.87,17.62,10.84,42.07
2925,122,-28.2,0.0,-25.64,8.72,False,0.0,0.0,0.0,20.64,11.65,11.26,43.87
2926,122,-31.53,0.0,-26.81,8.51,False,0.0,0.0,0.0,21.73,13.07,11.63,44.87
2927,122,-33.69,0.0,-27.91,7.74,False,0.0,0.0,0.0,21.37,12.04,11.75,45.45
2928,123,-34.75,0.0,-29.2,6.91,False,0.0,0.0,0.0,21.26,11.36,11.55,46.15
2929,123,-34.0,0.0,-29.92,6.7,False,0.0,0.0,0.0,21.06,12.58,11.08,46.69
2930,123,-31.83,0.0,-30.79,5.63,False,0.0,0.0,0.0,21.75,12.35,12.24,46.82
2931,123,-28.49,0.0,-30.9,4.54,False,0.0,0.0,0.0,22.29,11.24,11.13,46.21
2932,123,-24.28,0.0,-31.02,5.1,False,0.0,0.0,0.0,21.57,11.62,12.38,46.68
2933,123,-19.56,0.0,-30.48,4.47,False,0.0,0.0,0.0,21.63,11.63,10.55,45.79
2934,123,-14.63,0.0,-29.84,3.92,False,0.0,0.0,0.0,21.98,12.88,11.65,44.85
2935,123,-9.81,0.0,-28.77,4.28,False,0.0,0.0,0.0,21.59,12.06,10.64,44.12
2936,123,-5.39,0.0,-27.51,4.46,False,0.0,0.0,0.0,20.67,18.08,10.92,43.09
2937,123,-1.61,0.0,-26.38,4.53,False,0.0,0.0,0.0,21.21,17.11,11.14,42.11
2938,123,1.28,5.78,-25.08,5.28,False,0.0,0.0,0.0,21.62,17.77,23.06,41.36
2939,123,3.1,14.25,-23.74,5.09,False,0.0,0.0,0.0,20.83,18.54,22.92,40.01
2940,123,3.72,19.05,-22.85,5.87,False,0.0,0.0,0.0,19.65,17.21,22.61,39.63
2941,123,3.1,14.25,-21.94,5.94,False,0.0,0.0,0.0,20.79,17.59,22.02,38.83
2942,123,1.28,5.78,-21.59,7.01,False,0.0,0.0,0.0,20.51,16.41,22.13,39.06
2943,123,-1.61,0.0,-21.54,7.67,False,0.0,0.0,0.0,19.85,16.89,22.89,39.37
2944,123,-5.39,0.0,-21.81,6.25,False,0.0,0.0,0.0,19.95,17.23,22.49,38.87
2945,123,-9.81,0.0,-22.35,7.94,False,0.0,0.0,0.0,21.07,16.65,22.01,40.29
2946,123,-14.63,0.0,-23.28,7.66,False,0.0,0.0,0.0,20.5,18.56,23.04,41.02
2947,123,-19.56,0.0,-24.34,8.5,False,0.0,0.0,0.0,20.56,16.83,12.07,42.49
2948,123,-24.28,0.0,-25.66,8.04,False,0.0,0.0,0.0,21.06,18.13,11.67,43.49
2949,123,-28.49,0.0,-26.99,9.5,False,0.0,0.0,0.0,20.98,12.05,11.18,45.63
2950,123,-31.83,0.0,-28.27,10.47,False,0.0,0.0,0.0,21.43,11.92,11.12,47.47
2951,123,-34.0,0.0,-29.55,11.09,False,0.0,0.0,0.0,21.47,13.09,11.26,49.12
2952,124,-35.05,0.0,-30.65,11.12,False,0.0,0.0,0.0,21.2,10.09,11.82,50.23
2953,124,-34.3,0.0,-31.74,10.43,False,0.0,0.0,0.0,21.6,11.74,12.09,50.86
2954,124,-32.13,0.0,-32.41,11.06,False,0.0,0.0,0.0,22.07,11.04,10.49,51.94
2955,124,-28.78,0.0,-32.67,10.29,False,0.0,0.0,0.0,21.94,10.33,10.14,51.68
2956,124,-24.57,0.0,-32.27,11.1,False,0.0,0.0,0.0,21.84,10.94,10.83,51.82
2957,124,-19.84,0.0,-31.51,9.47,False,0.0,0.0,0.0,22.56,11.91,11.21,50.01
2958,124,-14.91,0.0,-30.69,10.03,False,0.0,0.0,0.0,21.98,11.32,12.34,49.58
2959,124,-10.1,0.0,-29.67,9.6,False,0.0,0.0,0.0,21.9,12.62,11.3,48.3
2960,124,-5.67,0.0,-28.56,9.2,False,0.0,0.0,0.0,21.36,17.33,11.68,46.97
2961,124,-1.9,0.0,-27.32,7.83,False,0.0,0.0,0.0,21.37,17.24,11.79,44.95
2962,124,0.98,4.44,-26.04,6.26,False,0.0,0.0,0.0,20.95,17.24,21.28,42.8
2963,124,2.8,12.64,-24.89,7.62,False,0.0,0.0,0.0,21.3,17.42,23.02,42.51
2964,124,3.42,16.66,-23.62,6.43,False,0.0,0.0,0.0,20.79,17.17,21.53,40.66
2965,124,2.8,12.64,-22.79,7.14,False,0.0,0.0,0.0,20.82,16.82,23.09,40.27
2966,124,0.98,4.44,-21.96,7.22,False,0.0,0.0,0.0,20.7,18.29,21.91,39.53
2967,124,-1.9,0.0,-21.97,7.09,False,0.0,0.0,0.0,20.63,17.0,21.76,39.47
2968,124,-5.67,0.0,-22.07,7.06,False,0.0,0.0,0.0,21.82,17.19,21.22,39.55
2969,124,-10.1,0.0,-22.72,6.09,False,0.0,0.0,0.0,20.46,17.84,22.14,39.63
2970,124,-14.91,0.0,-23.57,6.17,False,0.0,0.0,0.0,20.56,17.75,23.58,40.47
2971,124,-19.84,0.0,-24.77,6.53,False,0.0,0.0,0.0,21.25,16.79,11.79,41.78
2972,124,-24.57,0.0,-25.85,7.79,False,0.0,0.0,0.0,20.86,18.1,11.69,43.52
2973,124,-28.78,0.0,-26.84,7.97,False,0.0,0.0,0.0,21.1,12.33,11.03,44.57
2974,124,-32.13,0.0,-28.23,7.73,False,0.0,0.0,0.0,20.95,12.04,11.91,45.75
2975,124,-34.3,0.0,-29.5,7.56,False,0.0,0.0,0.0,21.74,11.55,11.61,46.85
2976,125,-35.34,0.0,-30.51,8.54,False,0.0,0.0,0.0,21.86,11.57,11.46,48.43
2977,125,-34.59,0.0,-31.52,7.59,False,0.0,0.0,0.0,21.66,11.74,11.85,48.78
2978,125,-32.42,0.0,-31.89,5.21,False,0.0,0.0,0.0,22.11,10.91,10.23,47.55
2979,125,-29.06,0.0,-31.94,5.75,False,0.0,0.0,0.0,21.09,11.87,11.43,47.96
2980,125,-24.85,0.0,-31.86,7.52,False,0.0,0.0,0.0,21.54,12.61,10.66,49.05
2981,125,-20.12,0.0,-31.29,7.42,False,0.0,0.0,0.0,21.69,12.6,11.52,48.45
2982,125,-15.19,0.0,-30.43,6.83,False,0.0,0.0,0.0,21.18,11.6,10.99,47.26
2983,125,-10.38,0.0,-29.79,8.56,False,0.0,0.0,0.0,20.88,12.75,11.04,47.76
2984,125,-5.96,0.0,-28.7,9.87,False,0.0,0.0,0.0,21.32,19.02,10.57,47.53
2985,125,-2.19,0.0,-27.55,10.2,False,0.0,0.0,0.0,21.58,17.25,12.28,46.6
2986,125,0.69,3.12,-26.04,9.06,False,0.0,0.0,0.0,21.64,18.05,21.53,44.45
2987,125,2.5,11.31,-24.62,10.67,False,0.0,0.0,0.0,20.74,15.69,21.56,44.0
2988,125,3.12,14.43,-23.81,11.14,False,0.0,0.0,0.0,21.15,16.49,23.07,43.46
2989,125,2.5,11.31,-22.79,10.66,False,0.0,0.0,0.0,20.99,17.57,22.4,42.19
2990,125,0.69,3.12,-22.49,10.67,False,0.0,0.0,0.0,21.19,16.69,20.58,41.89
2991,125,-2.19,0.0,-22.06,10.71,False,0.0,0.0,0.0,20.51,19.13,22.97,41.49
2992,125,-5.96,0.0,-22.51,10.26,False,0.0,0.0,0.0,19.98,17.98,23.15,41.7
2993,125,-10.38,0.0,-23.12,8.5,False,0.0,0.0,0.0,20.8,18.27,23.09,41.32
2994,125,-15.19,0.0,-23.76,8.71,False,0.0,0.0,0.0,20.45,17.48,22.47,42.06
2995,125,-20.12,0.0,-25.05,7.49,False,0.0,0.0,0.0,20.72,16.7,10.73,42.6
2996,125,-24.85,0.0,-26.29,7.24,False,0.0,0.0,0.0,21.03,17.08,11.47,43.62
2997,125,-29.06,0.0,-27.68,6.4,False,0.0,0.0,0.0,21.19,12.1,10.49,44.41
2998,125,-32.42,0.0,-28.84,7.37,False,0.0,0.0,0.0,21.52,11.39,10.89,46.1
2999,125,-34.59,0.0,-30.21,7.0,False,0.0,0.0,0.0,21.91,12.44,10.72,47.17
3000,126,-35.64,0.0,-31.68,7.13,False,0.0,0.0,0.0,21.65,12.47,11.06,48.63
3001,126,-34.88,0.0,-32.59,7.63,False,0.0,0.0,0.0,22.07,11.9,11.61,49.82
3002,126,-32.7,0.0,-33.05,7.01,False,0.0,0.0,0.0,21.97,10.44,11.19,49.83
3003,126,-29.35,0.0,-32.91,7.48,False,0.0,0.0,0.0,22.32,13.27,11.16,50.02
3004,126,-25.13,0.0,-32.7,6.5,False,0.0,0.0,0.0,21.85,11.73,11.3,49.16
3005,126,-20.39,0.0,-32.26,6.89,False,0.0,0.0,0.0,21.84,14.07,12.55,49.02
3006,126,-15.46,0.0,-31.39,5.99,False,0.0,0.0,0.0,21.62,12.42,13.01,47.6
3007,126,-10.65,0.0,-30.49,5.01,False,0.0,0.0,0.0,21.59,11.73,11.18,46.14
3008,126,-6.24,0.0,-29.65,7.17,False,0.0,0.0,0.0,21.24,17.86,11.74,46.74
3009,126,-2.47,0.0,-28.56,6.18,False,0.0,0.0,0.0,21.07,15.88,10.91,45.1
3010,126,0.4,1.83,-27.34,6.82,False,0.0,0.0,0.0,21.59,18.32,22.54,44.36
3011,126,2.21,10.0,-26.26,6.9,False,0.0,0.0,0.0,20.72,19.55,21.67,43.39
3012,126,2.83,12.79,-25.25,7.39,False,0.0,0.0,0.0,20.9,15.83,21.5,42.72
3013,126,2.21,10.0,-24.67,7.96,False,0.0,0.0,0.0,21.37,17.27,23.4,42.5
3014,126,0.4,1.83,-24.28,6.63,False,0.0,0.0,0.0,20.77,17.42,21.05,41.38
3015,126,-2.47,0.0,-24.11,7.96,False,0.0,0.0,0.0,21.22,18.2,20.28,41.97
3016,126,-6.24,0.0,-24.25,8.02,False,0.0,0.0,0.0,20.67,19.18,22.51,42.14
3017,126,-10.65,0.0,-24.78,7.55,False,0.0,0.0,0.0,20.55,17.81,21.74,42.37
3018,126,-15.46,0.0,-25.49,7.57,False,0.0,0.0,0.0,20.42,19.21,21.55,43.06
3019,126,-20.39,0.0,-26.32,7.45,False,0.0,0.0,0.0,21.68,17.64,13.41,43.77
3020,126,-25.13,0.0,-27.38,6.22,False,0.0,0.0,0.0,20.83,17.86,12.01,44.02
3021,126,-29.35,0.0,-28.69,5.66,False,0.0,0.0,0.0,21.74,12.16,11.46,44.9
3022,126,-32.7,0.0,-30.18,5.21,False,0.0,0.0,0.0,21.22,12.88,11.0,45.99
3023,126,-34.88,0.0,-31.34,5.83,False,0.0,0.0,0.0,22.29,11.56,11.81,47.46
3024,127,-35.92,0.0,-32.18,5.93,False,0.0,0.0,0.0,22.74,12.55,10.29,48.3
3025,127,-35.16,0.0,-33.07,5.97,False,0.0,0.0,0.0,21.29,10.92,11.14,49.15
3026,127,-32.98,0.0,-33.37,6.6,False,0.0,0.0,0.0,21.57,11.67,11.47,49.85
3027,127,-29.62,0.0,-33.58,5.93,False,0.0,0.0,0.0,22.34,11.39,11.65,49.59
3028,127,-25.4,0.0,-33.6,6.37,False,0.0,0.0,0.0,22.24,11.97,11.4,49.91
3029,127,-20.66,0.0,-33.0,6.53,False,0.0,0.0,0.0,22.27,11.65,11.01,49.46
3030,127,-15.73,0.0,-32.43,5.92,False,0.0,0.0,0.0,21.66,12.81,12.14,48.53
3031,127,-10.92,0.0,-31.26,6.6,False,0.0,0.0,0.0,22.55,11.2,10.34,47.88
3032,127,-6.51,0.0,-29.82,6.96,False,0.0,0.0,0.0,21.63,16.11,11.31,46.77
3033,127,-2.75,0.0,-28.68,7.72,False,0.0,0.0,0.0,20.96,16.41,11.14,46.17
3034,127,0.12,0.55,-27.65,7.41,False,0.0,0.0,0.0,21.22,18.3,22.71,45.0
3035,127,1.93,8.72,-26.37,7.53,False,0.0,0.0,0.0,20.68,16.72,21.68,43.86
3036,127,2.54,11.5,-25.16,8.05,False,0.0,0.0,0.0,21.66,17.82,22.31,43.02
3037,127,1.93,8.72,-24.17,7.34,False,0.0,0.0,0.0,20.64,17.26,22.23,41.68
3038,127,0.12,0.55,-23.86,6.67,False,0.0,0.0,0.0,21.06,18.16,20.72,41.01
3039,127,-2.75,0.0,-23.9,6.14,False,0.0,0.0,0.0,20.68,17.32,21.95,40.75
3040,127,-6.51,0.0,-24.0,6.36,False,0.0,0.0,0.0,20.63,19.71,20.78,40.97
3041,127,-10.92,0.0,-24.58,6.93,False,0.0,0.0,0.0,20.19,19.02,22.25,41.84
3042,127,-15.73,0.0,-25.53,6.51,False,0.0,0.0,0.0,21.3,17.25,21.49,42.48
3043,127,-20.66,0.0,-26.29,6.3,False,0.0,0.0,0.0,21.67,17.14,12.33,43.06
3044,127,-25.4,0.0,-27.45,7.39,False,0.0,0.0,0.0,20.93,20.01,11.37,44.8
3045,127,-29.62,0.0,-28.73,8.65,False,0.0,0.0,0.0,20.83,11.04,10.96,46.79
3046,127,-32.98,0.0,-30.08,9.25,False,0.0,0.0,0.0,21.93,11.86,12.34,48.48
3047,127,-35.16,0.0,-31.36,8.62,False,0.0,0.0,0.0,21.1,11.92,10.89,49.3
3048,128,-36.2,0.0,-32.33,9.53,False,0.0,0.0,0.0,22.37,11.9,12.13,50.84
3049,128,-35.44,0.0,-32.63,9.09,False,0.0,0.0,0.0,21.55,10.51,11.83,50.83
3050,128,-33.26,0.0,-33.04,7.92,False,0.0,0.0,0.0,21.52,12.3,11.24,50.44
3051,128,-29.89,0.0,-33.24,6.52,False,0.0,0.0,0.0,22.09,11.12,10.56,49.68
3052,128,-25.66,0.0,-32.9,6.07,False,0.0,0.0,0.0,21.53,13.05,12.37,49.06
3053,128,-20.92,0.0,-32.58,5.1,False,0.0,0.0,0.0,21.63,10.74,11.85,48.11
3054,128,-16.0,0.0,-31.69,4.33,False,0.0,0.0,0.0,21.94,11.95,10.96,46.79
3055,128,-11.19,0.0,-30.66,5.28,False,0.0,0.0,0.0,20.71,10.13,11.67,46.47
3056,128,-6.78,0.0,-29.35,5.66,False,0.0,0.0,0.0,22.18,15.78,12.2,45.51
3057,128,-3.03,0.0,-28.1,7.18,False,0.0,0.0,0.0,21.39,16.83,11.58,45.29
3058,128,-0.16,0.0,-26.66,6.25,False,0.0,0.0,0.0,20.68,16.94,22.17,43.37
3059,128,1.65,7.45,-25.5,6.79,False,0.0,0.0,0.0,20.65,18.67,22.72,42.62
3060,128,2.26,10.23,-24.48,7.32,False,0.0,0.0,0.0,21.33,17.47,23.08,41.96
3061,128,1.65,7.45,-23.64,6.45,False,0.0,0.0,0.0,21.08,18.53,21.92,40.68
3062,128,-0.16,0.0,-23.23,7.06,False,0.0,0.0,0.0,21.34,17.2,21.06,40.64
3063,128,-3.03,0.0,-23.03,6.89,False,0.0,0.0,0.0,20.49,17.98,21.09,40.35
3064,128,-6.78,0.0,-22.96,8.52,False,0.0,0.0,0.0,20.87,16.92,21.52,41.18
3065,128,-11.19,0.0,-23.79,9.58,False,0.0,0.0,0.0,21.03,16.87,21.35,42.57
3066,128,-16.0,0.0,-24.65,8.77,False,0.0,0.0,0.0,21.24,16.04,20.82,42.94
3067,128,-20.92,0.0,-25.72,9.83,False,0.0,0.0,0.0,21.54,17.77,12.79,44.59
3068,128,-25.66,0.0,-26.97,8.76,False,0.0,0.0,0.0,20.95,17.71,11.87,45.18
3069,128,-29.89,0.0,-28.07,7.74,False,0.0,0.0,0.0,21.32,12.52,11.13,45.61
3070,128,-33.26,0.0,-29.1,5.94,False,0.0,0.0,0.0,21.25,12.07,11.48,45.45
3071,128,-35.44,0.0,-30.44,4.82,False,0.0,0.0,0.0,21.63,13.52,10.25,45.98
3072,129,-36.48,0.0,-31.34,5.93,False,0.0,0.0,0.0,22.04,12.04,12.31,47.52
3073,129,-35.72,0.0,-32.5,5.54,False,0.0,0.0,0.0,21.24,12.69,10.14,48.33
3074,129,-33.53,0.0,-32.81,6.4,False,0.0,0.0,0.0,22.38,11.64,11.86,49.2
3075,129,-30.16,0.0,-32.93,6.69,False,0.0,0.0,0.0,21.5,11.17,10.21,49.5
3076,129,-25.93,0.0,-32.75,7.34,False,0.0,0.0,0.0,21.81,12.47,11.21,49.78
3077,129,-21.18,0.0,-32.25,9.02,False,0.0,0.0,0.0,22.37,11.83,12.37,50.42
3078,129,-16.26,0.0,-31.32,7.87,False,0.0,0.0,0.0,21.89,12.57,10.36,48.77
3079,129,-11.45,0.0,-30.26,8.34,False,0.0,0.0,0.0,21.77,12.18,11.4,48.07
3080,129,-7.04,0.0,-29.03,8.1,False,0.0,0.0,0.0,21.01,16.87,11.94,46.74
3081,129,-3.29,0.0,-27.81,7.4,False,0.0,0.0,0.0,20.92,18.36,11.82,45.15
3082,129,-0.43,0.0,-26.47,7.45,False,0.0,0.0,0.0,21.55,16.8,22.05,43.92
3083,129,1.37,6.21,-25.25,6.69,False,0.0,0.0,0.0,20.79,18.0,22.35,42.32
3084,129,1.99,8.98,-24.22,6.32,False,0.0,0.0,0.0,20.71,18.53,21.57,41.15
3085,129,1.37,6.21,-23.49,5.31,False,0.0,0.0,0.0,21.2,17.19,23.35,39.91
3086,129,-0.43,0.0,-22.91,4.86,False,0.0,0.0,0.0,20.33,18.42,20.87,39.13
3087,129,-3.29,0.0,-22.87,6.16,False,0.0,0.0,0.0,20.85,17.82,22.81,39.81
3088,129,-7.04,0.0,-23.08,6.59,False,0.0,0.0,0.0,20.79,18.18,22.13,40.24
3089,129,-11.45,0.0,-23.57,6.08,False,0.0,0.0,0.0,20.83,16.83,22.43,40.41
3090,129,-16.26,0.0,-24.46,6.73,False,0.0,0.0,0.0,20.73,17.67,22.56,41.6
3091,129,-21.18,0.0,-25.42,8.39,False,0.0,0.0,0.0,20.82,16.37,11.89,43.47
3092,129,-25.93,0.0,-26.97,9.48,False,0.0,0.0,0.0,20.8,18.87,10.93,45.6
3093,129,-30.16,0.0,-28.25,9.6,False,0.0,0.0,0.0,21.58,10.29,11.3,46.92
3094,129,-33.53,0.0,-29.72,9.81,False,0.0,0.0,0.0,21.3,11.62,10.48,48.48
3095,129,-35.72,0.0,-31.0,9.95,False,0.0,0.0,0.0,22.11,11.15,11.29,49.81
3096,130,-36.75,0.0,-32.18,9.93,False,0.0,0.0,0.0,21.77,12.44,11.73,50.96
3097,130,-35.99,0.0,-32.93,9.84,False,0.0,0.0,0.0,21.53,13.44,11.92,51.63
3098,130,-33.8,0.0,-33.36,10.38,False,0.0,0.0,0.0,21.91,12.42,11.77,52.42
3099,130,-30.42,0.0,-33.68,8.82,False,0.0,0.0,0.0,21.88,14.27,10.27,51.66
3100,130,-26.18,0.0,-33.63,7.35,False,0.0,0.0,0.0,22.44,10.8,11.11,50.61
3101,130,-21.44,0.0,-32.83,8.38,False,0.0,0.0,0.0,21.79,10.86,11.04,50.55
3102,130,-16.51,0.0,-31.79,8.08,False,0.0,0.0,0.0,21.7,11.19,10.58,49.36
3103,130,-11.71,0.0,-30.85,8.12,False,0.0,0.0,0.0,22.27,12.0,10.91,48.48
3104,130,-7.3,0.0,-29.82,6.89,False,0.0,0.0,0.0,21.78,16.68,11.5,46.73
3105,130,-3.56,0.0,-28.55,7.18,False,0.0,0.0,0.0,22.09,16.9,12.49,45.71
3106,130,-0.7,0.0,-27.51,7.27,False,0.0,0.0,0.0,21.81,18.0,21.33,44.79
3107,130,1.1,4.99,-26.18,5.42,False,0.0,0.0,0.0,20.79,16.51,21.21,42.45
3108,130,1.72,7.76,-25.15,5.37,False,0.0,0.0,0.0,21.41,16.59,21.58,41.47
3109,130,1.1,4.99,-24.42,4.54,False,0.0,0.0,0.0,21.54,17.18,22.24,40.33
3110,130,-0.7,0.0,-23.9,5.08,False,0.0,0.0,0.0,21.48,17.26,22.86,40.16
3111,130,-3.56,0.0,-23.73,7.39,False,0.0,0.0,0.0,21.24,18.31,21.94,41.29
3112,130,-7.3,0.0,-24.0,8.05,False,0.0,0.0,0.0,21.27,16.78,20.99,41.91
3113,130,-11.71,0.0,-24.4,8.66,False,0.0,0.0,0.0,20.81,16.92,21.14,42.64
3114,130,-16.51,0.0,-25.3,9.1,False,0.0,0.0,0.0,20.7,17.97,22.13,43.76
3115,130,-21.44,0.0,-26.6,9.18,False,0.0,0.0,0.0,21.05,18.14,12.2,45.07
3116,130,-26.18,0.0,-27.65,8.85,False,0.0,0.0,0.0,20.65,18.64,12.77,45.88
3117,130,-30.42,0.0,-28.86,6.16,False,0.0,0.0,0.0,22.0,12.28,10.67,45.37
3118,130,-33.8,0.0,-30.11,5.14,False,0.0,0.0,0.0,21.5,12.0,11.6,45.87
3119,130,-35.99,0.0,-31.07,4.4,False,0.0,0.0,0.0,22.25,12.36,10.78,46.27
3120,131,-37.02,0.0,-32.27,3.66,False,0.0,0.0,0.0,21.38,11.69,10.87,46.87
3121,131,-36.25,0.0,-33.16,3.96,False,0.0,0.0,0.0,22.41,11.68,10.81,47.87
3122,131,-34.06,0.0,-33.79,3.45,False,0.0,0.0,0.0,21.86,10.48,11.27,48.08
3123,131,-30.67,0.0,-33.78,5.38,False,0.0,0.0,0.0,21.54,12.61,10.88,49.4
3124,131,-26.44,0.0,-33.91,7.56,False,0.0,0.0,0.0,22.72,12.07,13.24,51.02
3125,131,-21.69,0.0,-33.31,9.73,False,0.0,0.0,0.0,22.44,12.52,11.18,51.93
3126,131,-16.76,0.0,-32.71,11.56,False,0.0,0.0,0.0,22.01,9.65,12.19,52.57
3127,131,-11.96,0.0,-31.75,10.82,False,0.0,0.0,0.0,21.82,11.86,11.04,51.12
3128,131,-7.56,0.0,-30.36,11.32,False,0.0,0.0,0.0,21.82,16.82,13.06,50.08
3129,131,-3.82,0.0,-29.11,9.88,False,0.0,0.0,0.0,21.57,18.7,11.74,47.93
3130,131,-0.96,0.0,-27.95,9.43,False,0.0,0.0,0.0,21.04,17.99,22.59,46.52
3131,131,0.84,3.79,-26.8,8.84,False,0.0,0.0,0.0,21.05,17.69,21.59,45.06
3132,131,1.45,6.56,-25.81,8.45,False,0.0,0.0,0.0,21.88,17.15,22.68,43.87
3133,131,0.84,3.79,-25.02,8.71,False,0.0,0.0,0.0,22.07,17.82,22.23,43.27
3134,131,-0.96,0.0,-24.63,9.18,False,0.0,0.0,0.0,21.58,16.76,21.73,43.17
3135,131,-3.82,0.0,-24.79,9.01,False,0.0,0.0,0.0,21.17,17.42,21.24,43.22
3136,131,-7.56,0.0,-24.92,7.53,False,0.0,0.0,0.0,20.86,17.04,21.83,42.49
3137,131,-11.96,0.0,-25.63,7.13,False,0.0,0.0,0.0,20.76,19.31,21.77,42.94
3138,131,-16.76,0.0,-26.75,6.28,False,0.0,0.0,0.0,20.92,18.68,22.61,43.48
3139,131,-21.69,0.0,-27.82,8.36,False,0.0,0.0,0.0,21.12,18.35,11.34,45.75
3140,131,-26.44,0.0,-28.88,7.17,False,0.0,0.0,0.0,22.33,16.31,10.15,46.02
3141,131,-30.67,0.0,-30.02,8.63,False,0.0,0.0,0.0,22.32,12.59,11.95,48.02
3142,131,-34.06,0.0,-31.17,9.47,False,0.0,0.0,0.0,22.04,12.05,12.41,49.67
3143,131,-36.25,0.0,-32.36,9.66,False,0.0,0.0,0.0,21.5,12.88,10.33,50.96
3144,132,-37.28,0.0,-33.37,10.42,False,0.0,0.0,0.0,22.36,12.16,12.76,52.46
3145,132,-36.51,0.0,-33.97,9.43,False,0.0,0.0,0.0,21.98,11.89,12.48,52.36
3146,132,-34.31,0.0,-34.67,9.82,False,0.0,0.0,0.0,21.3,12.09,11.06,53.31
3147,132,-30.92,0.0,-34.97,10.27,False,0.0,0.0,0.0,22.31,10.46,10.72,53.92
3148,132,-26.68,0.0,-34.97,9.71,False,0.0,0.0,0.0,21.86,11.29,12.24,53.53
3149,132,-21.93,0.0,-34.55,8.3,False,0.0,0.0,0.0,21.82,12.2,10.54,52.14
3150,132,-17.0,0.0,-33.79,7.55,False,0.0,0.0,0.0,21.96,12.81,11.03,50.9
3151,132,-12.2,0.0,-32.65,7.22,False,0.0,0.0,0.0,21.72,11.46,10.58,49.61
3152,132,-7.81,0.0,-31.75,7.51,False,0.0,0.0,0.0,21.8,17.47,11.5,48.94
3153,132,-4.07,0.0,-30.66,6.98,False,0.0,0.0,0.0,21.65,16.22,12.53,47.57
3154,132,-1.21,0.0,-29.44,7.99,False,0.0,0.0,0.0,20.78,18.67,22.26,47.06
3155,132,0.58,2.62,-28.58,8.26,False,0.0,0.0,0.0,22.04,18.39,22.71,46.41
3156,132,1.19,5.38,-27.42,9.56,False,0.0,0.0,0.0,20.9,18.02,21.75,46.09
3157,132,0.58,2.62,-26.85,8.08,False,0.0,0.0,0.0,20.84,17.83,22.07,44.65
3158,132,-1.21,0.0,-26.45,9.04,False,0.0,0.0,0.0,21.04,18.74,21.14,44.84
3159,132,-4.07,0.0,-26.56,8.05,False,0.0,0.0,0.0,21.14,16.86,21.93,44.36
3160,132,-7.81,0.0,-26.55,7.63,False,0.0,0.0,0.0,21.77,16.77,21.48,44.1
3161,132,-12.2,0.0,-26.91,7.99,False,0.0,0.0,0.0,21.34,18.35,21.89,44.65
3162,132,-17.0,0.0,-27.54,6.25,False,0.0,0.0,0.0,21.53,18.3,21.84,44.2
3163,132,-21.93,0.0,-28.46,6.83,False,0.0,0.0,0.0,21.52,16.55,11.28,45.41
3164,132,-26.68,0.0,-29.59,5.41,False,0.0,0.0,0.0,21.64,17.07,12.98,45.57
3165,132,-30.92,0.0,-30.85,5.24,False,0.0,0.0,0.0,21.83,13.25,12.74,46.62
3166,132,-34.31,0.0,-32.03,4.72,False,0.0,0.0,0.0,21.07,12.23,12.49,47.35
3167,132,-36.51,0.0,-33.24,4.82,False,0.0,0.0,0.0,21.89,12.53,12.76,48.53
3168,133,-37.53,0.0,-33.97,5.96,False,0.0,0.0,0.0,22.54,10.97,12.49,49.97
3169,133,-36.76,0.0,-34.94,6.3,False,0.0,0.0,0.0,23.77,12.43,11.48,51.12
3170,133,-34.56,0.0,-35.28,7.7,False,0.0,0.0,0.0,21.75,10.76,11.41,52.41
3171,133,-31.17,0.0,-35.03,8.42,False,0.0,0.0,0.0,22.37,10.32,11.66,52.68
3172,133,-26.92,0.0,-34.63,9.28,False,0.0,0.0,0.0,21.93,12.48,11.35,52.9
3173,133,-22.17,0.0,-34.11,9.59,False,0.0,0.0,0.0,22.91,13.05,10.77,52.61
3174,133,-17.24,0.0,-33.12,8.93,False,0.0,0.0,0.0,21.43,11.7,11.71,51.19
3175,133,-12.44,0.0,-31.77,9.15,False,0.0,0.0,0.0,22.06,11.46,10.4,50.04
3176,133,-8.05,0.0,-30.74,7.47,False,0.0,0.0,0.0,21.13,18.87,11.6,47.97
3177,133,-4.32,0.0,-29.87,8.0,False,0.0,0.0,0.0,21.46,17.34,10.8,47.47
3178,133,-1.47,0.0,-28.92,8.2,False,0.0,0.0,0.0,21.46,17.45,21.94,46.69
3179,133,0.32,1.47,-27.66,7.49,False,0.0,0.0,0.0,21.75,18.86,22.13,45.06
3180,133,0.94,4.23,-26.97,8.08,False,0.0,0.0,0.0,20.81,17.22,21.75,44.76
3181,133,0.32,1.47,-26.23,6.73,False,0.0,0.0,0.0,21.41,16.98,20.85,43.26
3182,133,-1.47,0.0,-25.65,7.05,False,0.0,0.0,0.0,21.09,18.15,21.17,42.91
3183,133,-4.32,0.0,-25.36,5.49,False,0.0,0.0,0.0,21.15,16.93,22.32,41.73
3184,133,-8.05,0.0,-25.29,5.49,False,0.0,0.0,0.0,21.42,17.38,21.61,41.67
3185,133,-12.44,0.0,-25.7,6.39,False,0.0,0.0,0.0,20.57,16.44,22.39,42.56
3186,133,-17.24,0.0,-26.32,6.5,False,0.0,0.0,0.0,21.48,17.65,22.01,43.21
3187,133,-22.17,0.0,-27.39,6.43,False,0.0,0.0,0.0,21.06,17.55,11.36,44.17
3188,133,-26.92,0.0,-28.55,6.9,False,0.0,0.0,0.0,21.86,18.27,11.74,45.54
3189,133,-31.17,0.0,-29.74,8.07,False,0.0,0.0,0.0,21.7,12.59,11.03,47.4
3190,133,-34.56,0.0,-30.93,6.95,False,0.0,0.0,0.0,21.63,12.34,11.78,47.8
3191,133,-36.76,0.0,-31.81,6.73,False,0.0,0.0,0.0,21.58,12.22,11.21,48.48
3192,134,-37.78,0.0,-32.82,5.36,False,0.0,0.0,0.0,22.27,11.84,13.28,48.5
3193,134,-37.01,0.0,-33.32,5.91,False,0.0,0.0,0.0,22.5,12.39,10.71,49.34
3194,134,-34.81,0.0,-33.84,5.87,False,0.0,0.0,0.0,21.85,11.01,11.25,49.79
3195,134,-31.41,0.0,-33.66,5.77,False,0.0,0.0,0.0,21.59,10.02,11.28,49.56
3196,134,-27.16,0.0,-33.29,5.75,False,0.0,0.0,0.0,22.27,12.83,10.55,49.2
3197,134,-22.41,0.0,-32.86,4.96,False,0.0,0.0,0.0,21.36,12.44,12.01,48.28
3198,134,-17.48,0.0,-31.99,5.22,False,0.0,0.0,0.0,21.32,11.8,11.2,47.66
3199,134,-12.68,0.0,-31.34,5.33,False,0.0,0.0,0.0,21.34,12.76,9.83,47.12
3200,134,-8.29,0.0,-30.35,4.92,False,0.0,0.0,0.0,21.48,16.91,11.99,45.95
3201,134,-4.56,0.0,-29.12,4.48,False,0.0,0.0,0.0,20.96,16.94,11.05,44.56
3202,134,-1.71,0.0,-27.82,5.35,False,0.0,0.0,0.0,20.56,16.82,21.93,43.91
3203,134,0.08,0.34,-26.75,5.77,False,0.0,0.0,0.0,20.76,17.95,22.47,43.18
3204,134,0.69,3.1,-25.86,6.79,False,0.0,0.0,0.0,21.36,16.23,21.74,42.95
3205,134,0.08,0.34,-24.86,7.61,False,0.0,0.0,0.0,20.47,16.89,21.74,42.48
3206,134,-1.71,0.0,-24.43,7.42,False,0.0,0.0,0.0,20.8,17.73,23.73,41.97
3207,134,-4.56,0.0,-24.35,6.74,False,0.0,0.0,0.0,21.7,16.54,20.49,41.51
3208,134,-8.29,0.0,-24.83,7.3,False,0.0,0.0,0.0,20.96,16.97,21.1,42.28
3209,134,-12.68,0.0,-25.35,6.64,False,0.0,0.0,0.0,21.18,15.73,21.24,42.39
3210,134,-17.48,0.0,-26.04,5.52,False,0.0,0.0,0.0,20.75,17.98,23.25,42.37
3211,134,-22.41,0.0,-27.17,4.16,False,0.0,0.0,0.0,22.13,16.95,11.05,42.6
3212,134,-27.16,0.0,-28.23,5.03,False,0.0,0.0,0.0,21.17,16.62,11.67,44.09
3213,134,-31.41,0.0,-29.31,6.01,False,0.0,0.0,0.0,21.43,10.86,11.17,45.7
3214,134,-34.81,0.0,-30.53,6.84,False,0.0,0.0,0.0,22.19,11.57,11.92,47.36
3215,134,-37.01,0.0,-31.85,8.46,False,0.0,0.0,0.0,21.75,10.64,11.49,49.67
3216,135,-38.02,0.0,-32.4,8.92,False,0.0,0.0,0.0,21.91,13.45,11.68,50.5
3217,135,-37.26,0.0,-33.24,9.67,False,0.0,0.0,0.0,21.88,9.99,12.4,51.82
3218,135,-35.05,0.0,-33.74,9.12,False,0.0,0.0,0.0,21.94,11.54,11.81,51.93
3219,135,-31.65,0.0,-33.81,8.39,False,0.0,0.0,0.0,22.21,11.99,10.99,51.5
3220,135,-27.39,0.0,-33.85,6.12,False,0.0,0.0,0.0,22.28,11.28,11.72,49.98
3221,135,-22.64,0.0,-33.41,4.62,False,0.0,0.0,0.0,21.75,12.07,13.19,48.54
3222,135,-17.71,0.0,-32.72,4.1,False,0.0,0.0,0.0,21.62,11.26,11.9,47.57
3223,135,-12.91,0.0,-31.67,3.88,False,0.0,0.0,0.0,21.56,13.12,11.61,46.48
3224,135,-8.52,0.0,-30.18,3.89,False,0.0,0.0,0.0,21.06,16.6,10.54,45.15
3225,135,-4.8,0.0,-29.1,5.78,False,0.0,0.0,0.0,20.86,15.62,12.01,45.35
3226,135,-1.95,0.0,-27.9,6.53,False,0.0,0.0,0.0,21.47,16.46,22.61,44.7
3227,135,-0.17,0.0,-26.92,8.84,False,0.0,0.0,0.0,21.61,17.81,22.22,45.17
3228,135,0.44,1.99,-25.94,9.3,False,0.0,0.0,0.0,21.46,17.41,22.08,44.5
3229,135,-0.17,0.0,-25.31,9.66,False,0.0,0.0,0.0,20.08,18.1,23.98,44.09
3230,135,-1.95,0.0,-24.81,9.69,False,0.0,0.0,0.0,20.88,17.9,22.6,43.62
3231,135,-4.8,0.0,-24.83,7.86,False,0.0,0.0,0.0,20.54,16.99,22.87,42.6
3232,135,-8.52,0.0,-25.37,7.12,False,0.0,0.0,0.0,21.1,17.11,22.05,42.68
3233,135,-12.91,0.0,-25.86,6.61,False,0.0,0.0,0.0,20.94,17.19,21.91,42.84
3234,135,-17.71,0.0,-26.76,8.47,False,0.0,0.0,0.0,21.45,19.01,22.44,44.8
3235,135,-22.64,0.0,-27.47,7.68,False,0.0,0.0,0.0,21.29,18.05,11.41,44.99
3236,135,-27.39,0.0,-28.41,7.37,False,0.0,0.0,0.0,20.65,19.01,11.46,45.69
3237,135,-31.65,0.0,-29.48,7.77,False,0.0,0.0,0.0,21.15,12.57,11.82,46.96
3238,135,-35.05,0.0,-30.74,7.86,False,0.0,0.0,0.0,21.69,11.85,11.14,48.22
3239,135,-37.26,0.0,-31.84,6.48,False,0.0,0.0,0.0,21.86,11.08,11.65,48.34
3240,136,-38.26,0.0,-32.96,4.18,False,0.0,0.0,0.0,21.39,12.06,11.56,47.84
3241,136,-37.49,0.0,-33.72,4.97,False,0.0,0.0,0.0,21.43,11.85,12.18,49.07
3242,136,-35.28,0.0,-34.1,5.2,False,0.0,0.0,0.0,22.12,11.83,11.07,49.57
3243,136,-31.88,0.0,-34.33,5.08,False,0.0,0.0,0.0,21.56,11.73,10.1,49.7
3244,136,-27.62,0.0,-34.07,4.89,False,0.0,0.0,0.0,21.42,10.26,11.28,49.32
3245,136,-22.86,0.0,-33.63,4.99,False,0.0,0.0,0.0,21.86,12.91,11.78,48.99
3246,136,-17.93,0.0,-32.92,7.21,False,0.0,0.0,0.0,21.75,11.86,12.17,49.84
3247,136,-13.14,0.0,-31.99,7.0,False,0.0,0.0,0.0,21.49,10.77,11.02,48.84
3248,136,-8.75,0.0,-30.68,8.19,False,0.0,0.0,0.0,21.4,17.89,11.88,48.37
3249,136,-5.03,0.0,-29.56,9.14,False,0.0,0.0,0.0,21.55,16.82,12.29,47.9
3250,136,-2.19,0.0,-28.21,11.08,False,0.0,0.0,0.0,21.1,17.95,22.53,47.78
3251,136,-0.41,0.0,-26.97,11.75,False,0.0,0.0,0.0,21.26,18.21,21.45,46.96
3252,136,0.2,0.92,-26.18,10.45,False,0.0,0.0,0.0,20.99,18.32,21.52,45.4
3253,136,-0.41,0.0,-25.34,11.48,False,0.0,0.0,0.0,21.11,17.37,22.3,45.18
3254,136,-2.19,0.0,-25.02,9.89,False,0.0,0.0,0.0,21.35,17.17,23.14,43.94
3255,136,-5.03,0.0,-24.89,9.12,False,0.0,0.0,0.0,21.32,17.0,22.01,43.37
3256,136,-8.75,0.0,-24.84,9.62,False,0.0,0.0,0.0,21.5,16.92,21.88,43.61
3257,136,-13.14,0.0,-25.43,9.57,False,0.0,0.0,0.0,21.39,17.49,21.04,44.16
3258,136,-17.93,0.0,-26.12,10.6,False,0.0,0.0,0.0,21.23,17.33,21.74,45.43
3259,136,-22.86,0.0,-26.94,10.38,False,0.0,0.0,0.0,21.06,16.84,11.0,46.11
3260,136,-27.62,0.0,-28.36,11.96,False,0.0,0.0,0.0,21.25,16.58,11.52,48.48
3261,136,-31.88,0.0,-29.35,12.4,False,0.0,0.0,0.0,21.17,11.81,10.44,49.75
3262,136,-35.28,0.0,-30.6,11.16,False,0.0,0.0,0.0,21.67,11.55,11.27,50.21
3263,136,-37.49,0.0,-31.78,10.69,False,0.0,0.0,0.0,22.09,10.99,10.79,51.07
3264,137,-38.5,0.0,-32.82,10.43,False,0.0,0.0,0.0,21.65,12.56,12.16,51.91
3265,137,-37.73,0.0,-33.84,10.55,False,0.0,0.0,0.0,22.05,13.32,10.9,53.0
3266,137,-35.51,0.0,-34.12,10.44,False,0.0,0.0,0.0,21.82,12.67,11.1,53.21
3267,137,-32.1,0.0,-34.49,10.37,False,0.0,0.0,0.0,22.22,11.32,11.7,53.52
3268,137,-27.84,0.0,-33.97,9.57,False,0.0,0.0,0.0,21.86,11.86,11.18,52.46
3269,137,-23.08,0.0,-33.63,8.63,False,0.0,0.0,0.0,21.74,13.13,13.15,51.49
3270,137,-18.15,0.0,-32.97,8.7,False,0.0,0.0,0.0,21.68,10.96,12.15,50.9
3271,137,-13.36,0.0,-32.18,8.19,False,0.0,0.0,0.0,22.06,12.53,11.51,49.8
3272,137,-8.98,0.0,-31.24,7.15,False,0.0,0.0,0.0,21.71,16.34,11.76,48.23
3273,137,-5.26,0.0,-29.96,6.25,False,0.0,0.0,0.0,21.42,18.85,9.85,46.45
3274,137,-2.42,0.0,-29.09,7.23,False,0.0,0.0,0.0,21.6,17.16,22.86,46.26
3275,137,-0.64,0.0,-27.77,8.82,False,0.0,0.0,0.0,21.17,19.28,22.36,45.98
3276,137,-0.03,0.0,-26.72,8.35,False,0.0,0.0,0.0,21.66,18.88,21.95,44.69
3277,137,-0.64,0.0,-26.28,8.45,False,0.0,0.0,0.0,20.76,17.41,22.4,44.33
3278,137,-2.42,0.0,-26.12,8.56,False,0.0,0.0,0.0,21.06,16.92,22.48,44.24
3279,137,-5.26,0.0,-25.76,8.84,False,0.0,0.0,0.0,20.53,17.66,21.71,44.06
3280,137,-8.98,0.0,-26.04,7.13,False,0.0,0.0,0.0,20.99,17.36,22.27,43.32
3281,137,-13.36,0.0,-26.53,7.12,False,0.0,0.0,0.0,20.51,17.18,22.73,43.78
3282,137,-18.15,0.0,-27.27,5.76,False,0.0,0.0,0.0,21.57,16.17,22.32,43.65
3283,137,-23.08,0.0,-28.25,5.73,False,0.0,0.0,0.0,21.7,17.09,11.32,44.54
3284,137,-27.84,0.0,-29.67,5.96,False,0.0,0.0,0.0,21.87,16.61,11.71,46.0
3285,137,-32.1,0.0,-30.73,6.32,False,0.0,0.0,0.0,21.7,12.34,12.47,47.21
3286,137,-35.51,0.0,-31.99,8.41,False,0.0,0.0,0.0,21.49,12.69,12.05,49.76
3287,137,-37.73,0.0,-32.99,6.81,False,0.0,0.0,0.0,21.64,12.49,10.69,49.65
3288,138,-38.72,0.0,-33.89,8.07,False,0.0,0.0,0.0,22.68,12.17,11.91,51.35
3289,138,-37.95,0.0,-34.54,7.01,False,0.0,0.0,0.0,22.72,11.22,11.82,51.23
3290,138,-35.73,0.0,-34.86,6.11,False,0.0,0.0,0.0,22.23,12.06,12.31,50.91
3291,138,-32.32,0.0,-34.93,5.95,False,0.0,0.0,0.0,21.98,12.53,11.52,50.86
3292,138,-28.05,0.0,-34.86,4.1,False,0.0,0.0,0.0,22.73,11.43,11.24,49.5
3293,138,-23.29,0.0,-34.45,5.57,False,0.0,0.0,0.0,21.86,12.0,10.54,50.15
3294,138,-18.36,0.0,-33.84,5.1,False,0.0,0.0,0.0,22.15,11.78,11.01,49.27
3295,138,-13.57,0.0,-32.82,5.02,False,0.0,0.0,0.0,22.48,13.23,12.35,48.27
3296,138,-9.19,0.0,-31.87,5.03,False,0.0,0.0,0.0,21.49,18.18,11.64,47.41
3297,138,-5.48,0.0,-30.76,5.33,False,0.0,0.0,0.0,22.02,17.99,11.43,46.59
3298,138,-2.64,0.0,-29.62,6.74,False,0.0,0.0,0.0,21.76,16.13,22.91,46.44
3299,138,-0.86,0.0,-28.45,6.08,False,0.0,0.0,0.0,21.4,17.64,22.76,44.94
3300,138,-0.26,0.0,-27.64,6.12,False,0.0,0.0,0.0,20.92,17.38,21.48,44.21
3301,138,-0.86,0.0,-26.57,7.63,False,0.0,0.0,0.0,20.9,17.37,22.84,44.12
3302,138,-2.64,0.0,-25.97,8.7,False,0.0,0.0,0.0,21.23,16.25,20.84,44.18
3303,138,-5.48,0.0,-25.64,8.06,False,0.0,0.0,0.0,20.51,16.63,22.32,43.48
3304,138,-9.19,0.0,-26.07,7.64,False,0.0,0.0,0.0,21.18,17.45,22.24,43.65
3305,138,-13.57,0.0,-26.67,7.96,False,0.0,0.0,0.0,21.42,18.39,22.8,44.41
3306,138,-18.36,0.0,-27.34,8.3,False,0.0,0.0,0.0,21.67,17.03,22.27,45.25
3307,138,-23.29,0.0,-28.09,7.92,False,0.0,0.0,0.0,20.81,17.18,11.33,45.74
3308,138,-28.05,0.0,-29.1,9.11,False,0.0,0.0,0.0,22.02,18.92,11.38,47.44
3309,138,-32.32,0.0,-30.43,9.06,False,0.0,0.0,0.0,22.33,11.66,13.39,48.69
3310,138,-35.73,0.0,-31.39,10.08,False,0.0,0.0,0.0,21.93,11.8,11.56,50.29
3311,138,-37.95,0.0,-32.75,9.92,False,0.0,0.0,0.0,21.51,11.81,11.92,51.51
3312,139,-38.95,0.0,-33.64,9.79,False,0.0,0.0,0.0,21.91,10.82,10.09,52.29
3313,139,-38.17,0.0,-34.12,8.88,False,0.0,0.0,0.0,22.08,12.36,10.92,52.13
3314,139,-35.95,0.0,-34.63,7.31,False,0.0,0.0,0.0,22.26,11.38,11.86,51.53
3315,139,-32.53,0.0,-34.8,8.32,False,0.0,0.0,0.0,22.19,11.88,10.37,52.4
3316,139,-28.26,0.0,-34.49,7.49,False,0.0,0.0,0.0,22.25,12.26,11.88,51.52
3317,139,-23.5,0.0,-33.77,6.54,False,0.0,0.0,0.0,22.02,13.45,10.99,50.19
3318,139,-18.57,0.0,-33.34,6.32,False,0.0,0.0,0.0,22.11,10.85,10.78,49.64
3319,139,-13.78,0.0,-32.61,6.29,False,0.0,0.0,0.0,21.73,12.59,10.99,48.94
3320,139,-9.41,0.0,-31.45,8.48,False,0.0,0.0,0.0,21.64,18.19,12.57,49.3
3321,139,-5.69,0.0,-30.27,8.88,False,0.0,0.0,0.0,21.4,16.99,11.73,48.42
3322,139,-2.86,0.0,-28.81,7.54,False,0.0,0.0,0.0,22.22,17.98,21.36,46.18
3323,139,-1.08,0.0,-27.79,9.18,False,0.0,0.0,0.0,21.92,18.81,22.54,46.21
3324,139,-0.48,0.0,-27.02,10.11,False,0.0,0.0,0.0,21.46,16.89,22.58,46.03
3325,139,-1.08,0.0,-26.49,10.61,False,0.0,0.0,0.0,21.71,17.69,21.73,45.81
3326,139,-2.86,0.0,-25.96,9.01,False,0.0,0.0,0.0,21.43,17.82,22.67,44.35
3327,139,-5.69,0.0,-26.12,8.01,False,0.0,0.0,0.0,21.21,17.93,22.7,43.92
3328,139,-9.41,0.0,-26.1,9.25,False,0.0,0.0,0.0,20.53,18.12,22.6,44.62
3329,139,-13.78,0.0,-26.46,8.23,False,0.0,0.0,0.0,21.07,17.63,21.53,44.37
3330,139,-18.57,0.0,-27.06,6.94,False,0.0,0.0,0.0,21.11,17.91,21.17,44.16
3331,139,-23.5,0.0,-28.15,7.05,False,0.0,0.0,0.0,20.92,16.77,10.31,45.25
3332,139,-28.26,0.0,-29.14,6.05,False,0.0,0.0,0.0,20.9,17.63,11.04,45.56
3333,139,-32.53,0.0,-30.32,6.82,False,0.0,0.0,0.0,21.84,11.52,11.24,47.15
3334,139,-35.95,0.0,-31.57,6.3,False,0.0,0.0,0.0,21.92,10.92,11.3,47.98
3335,139,-38.17,0.0,-32.6,6.4,False,0.0,0.0,0.0,21.45,11.49,11.47,49.0
3336,140,-39.16,0.0,-33.42,7.58,False,0.0,0.0,0.0,21.71,12.12,12.71,50.57
3337,140,-38.39,0.0,-34.33,7.69,False,0.0,0.0,0.0,22.58,12.25,11.26,51.51
3338,140,-36.16,0.0,-35.06,8.37,False,0.0,0.0,0.0,21.86,10.89,11.47,52.67
3339,140,-32.74,0.0,-35.23,8.95,False,0.0,0.0,0.0,22.3,11.15,10.23,53.25
3340,140,-28.47,0.0,-35.22,10.05,False,0.0,0.0,0.0,22.15,12.48,13.06,54.02
3341,140,-23.7,0.0,-34.57,9.66,False,0.0,0.0,0.0,22.35,12.31,10.58,53.1
3342,140,-18.77,0.0,-34.0,8.72,False,0.0,0.0,0.0,21.74,12.61,11.01,51.91
3343,140,-13.98,0.0,-33.34,10.13,False,0.0,0.0,0.0,22.04,12.99,11.99,52.23
3344,140,-9.61,0.0,-32.52,9.85,False,0.0,0.0,0.0,21.97,17.93,11.67,51.24
3345,140,-5.9,0.0,-31.58,8.39,False,0.0,0.0,0.0,21.88,17.17,12.65,49.36
3346,140,-3.07,0.0,-30.52,7.02,False,0.0,0.0,0.0,21.69,17.59,22.5,47.47
3347,140,-1.3,0.0,-29.42,6.91,False,0.0,0.0,0.0,21.67,18.83,21.94,46.36
3348,140,-0.7,0.0,-28.39,7.39,False,0.0,0.0,0.0,22.28,19.71,22.73,45.69
3349,140,-1.3,0.0,-27.85,6.51,False,0.0,0.0,0.0,22.37,17.87,22.81,44.64
3350,140,-3.07,0.0,-27.23,8.09,False,0.0,0.0,0.0,21.01,17.93,21.54,45.01
3351,140,-5.9,0.0,-27.22,8.81,False,0.0,0.0,0.0,20.34,18.08,22.67,45.44
3352,140,-9.61,0.0,-27.43,8.9,False,0.0,0.0,0.0,21.53,17.52,21.84,45.7
3353,140,-13.98,0.0,-28.05,8.69,False,0.0,0.0,0.0,21.44,18.43,21.93,46.17
3354,140,-18.77,0.0,-28.75,9.87,False,0.0,0.0,0.0,21.87,18.31,22.1,47.57
3355,140,-23.7,0.0,-29.37,9.1,False,0.0,0.0,0.0,21.64,17.78,11.23,47.69
3356,140,-28.47,0.0,-30.23,7.43,False,0.0,0.0,0.0,21.65,17.25,11.2,47.45
3357,140,-32.74,0.0,-31.63,7.85,False,0.0,0.0,0.0,22.25,10.68,12.19,49.05
3358,140,-36.16,0.0,-33.1,8.41,False,0.0,0.0,0.0,22.48,12.49,10.43,50.83
3359,140,-38.39,0.0,-34.29,8.82,False,0.0,0.0,0.0,21.56,12.07,10.76,52.25
3360,141,-39.37,0.0,-35.29,8.07,False,0.0,0.0,0.0,21.91,11.31,11.97,52.69
3361,141,-38.59,0.0,-35.84,10.19,False,0.0,0.0,0.0,22.26,11.0,11.45,54.71
3362,141,-36.36,0.0,-36.5,9.75,False,0.0,0.0,0.0,22.42,12.43,12.19,55.05
3363,141,-32.94,0.0,-36.32,9.58,False,0.0,0.0,0.0,22.27,10.62,11.75,54.75
3364,141,-28.67,0.0,-36.22,9.26,False,0.0,0.0,0.0,22.52,12.14,10.57,54.43
3365,141,-23.9,0.0,-35.73,9.77,False,0.0,0.0,0.0,22.69,12.57,11.54,54.32
3366,141,-18.97,0.0,-35.1,9.89,False,0.0,0.0,0.0,22.9,12.34,11.87,53.78
3367,141,-14.18,0.0,-34.15,9.45,False,0.0,0.0,0.0,22.33,11.59,11.66,52.55
3368,141,-9.81,0.0,-33.14,9.8,False,0.0,0.0,0.0,21.64,16.5,11.17,51.81
3369,141,-6.11,0.0,-32.04,8.56,False,0.0,0.0,0.0,21.79,17.97,11.31,49.91
3370,141,-3.28,0.0,-30.87,7.98,False,0.0,0.0,0.0,21.67,18.46,21.61,48.41
3371,141,-1.51,0.0,-29.76,8.04,False,0.0,0.0,0.0,21.78,17.04,21.07,47.4
3372,141,-0.91,0.0,-28.85,6.05,False,0.0,0.0,0.0,21.62,17.91,20.98,45.29
3373,141,-1.51,0.0,-28.27,4.48,False,0.0,0.0,0.0,22.21,18.77,22.27,43.79
3374,141,-3.28,0.0,-27.92,4.09,False,0.0,0.0,0.0,21.17,17.77,21.39,43.23
3375,141,-6.11,0.0,-27.79,4.41,False,0.0,0.0,0.0,21.49,17.18,22.4,43.31
3376,141,-9.81,0.0,-27.73,4.29,False,0.0,0.0,0.0,22.27,18.33,21.58,43.18
3377,141,-14.18,0.0,-28.01,4.87,False,0.0,0.0,0.0,21.13,16.91,21.08,43.79
3378,141,-18.97,0.0,-28.77,5.4,False,0.0,0.0,0.0,21.51,16.46,21.71,44.81
3379,141,-23.9,0.0,-29.51,5.26,False,0.0,0.0,0.0,21.16,18.15,12.97,45.4
3380,141,-28.67,0.0,-30.22,6.84,False,0.0,0.0,0.0,21.66,17.18,11.43,47.07
3381,141,-32.94,0.0,-30.92,7.45,False,0.0,0.0,0.0,21.4,11.65,11.95,48.12
3382,141,-36.36,0.0,-31.96,7.87,False,0.0,0.0,0.0,22.25,11.4,11.62,49.38
3383,141,-38.59,0.0,-32.9,6.4,False,0.0,0.0,0.0,22.01,11.52,10.52,49.28
3384,142,-39.57,0.0,-33.97,7.27,False,0.0,0.0,0.0,21.7,13.02,12.51,50.88
3385,142,-38.8,0.0,-34.6,7.37,False,0.0,0.0,0.0,22.49,13.23,11.33,51.54
3386,142,-36.56,0.0,-35.08,7.07,False,0.0,0.0,0.0,22.28,13.34,10.58,51.78
3387,142,-33.14,0.0,-35.23,6.53,False,0.0,0.0,0.0,22.61,12.77,11.14,51.54
3388,142,-28.86,0.0,-35.39,6.74,False,0.0,0.0,0.0,21.79,12.27,11.36,51.84
3389,142,-24.09,0.0,-34.87,7.44,False,0.0,0.0,0.0,22.33,10.75,12.02,51.85
3390,142,-19.16,0.0,-34.04,7.51,False,0.0,0.0,0.0,22.39,11.75,11.02,51.11
3391,142,-14.38,0.0,-33.32,8.62,False,0.0,0.0,0.0,21.83,13.63,13.33,51.18
3392,142,-10.01,0.0,-32.25,7.27,False,0.0,0.0,0.0,21.37,17.15,10.84,49.25
3393,142,-6.3,0.0,-31.01,7.4,False,0.0,0.0,0.0,21.71,18.71,11.93,48.17
3394,142,-3.48,0.0,-29.82,6.73,False,0.0,0.0,0.0,22.07,17.54,20.62,46.63
3395,142,-1.71,0.0,-28.52,6.76,False,0.0,0.0,0.0,21.87,15.36,21.91,45.43
3396,142,-1.11,0.0,-27.61,7.16,False,0.0,0.0,0.0,21.14,18.01,22.26,44.82
3397,142,-1.71,0.0,-27.05,6.01,False,0.0,0.0,0.0,20.73,18.51,21.22,43.59
3398,142,-3.48,0.0,-26.56,7.93,False,0.0,0.0,0.0,21.01,17.46,23.05,44.28
3399,142,-6.3,0.0,-26.57,8.12,False,0.0,0.0,0.0,21.0,18.49,22.3,44.4
3400,142,-10.01,0.0,-26.84,10.12,False,0.0,0.0,0.0,21.4,16.17,21.78,45.85
3401,142,-14.38,0.0,-27.45,10.65,False,0.0,0.0,0.0,21.25,16.39,22.3,46.78
3402,142,-19.16,0.0,-28.33,9.1,False,0.0,0.0,0.0,21.1,17.66,21.58,46.69
3403,142,-24.09,0.0,-29.44,8.88,False,0.0,0.0,0.0,21.97,17.88,12.38,47.62
3404,142,-28.86,0.0,-30.44,7.63,False,0.0,0.0,0.0,21.71,18.59,12.21,47.79
3405,142,-33.14,0.0,-31.45,6.85,False,0.0,0.0,0.0,21.95,12.41,11.76,48.22
3406,142,-36.56,0.0,-32.55,5.75,False,0.0,0.0,0.0,21.22,10.95,11.93,48.52
3407,142,-38.8,0.0,-33.9,5.22,False,0.0,0.0,0.0,21.1,12.07,10.47,49.41
3408,143,-39.77,0.0,-34.71,7.17,False,0.0,0.0,0.0,21.59,12.38,12.53,51.5
3409,143,-38.99,0.0,-35.21,7.5,False,0.0,0.0,0.0,22.03,10.4,11.43,52.21
3410,143,-36.76,0.0,-35.41,8.22,False,0.0,0.0,0.0,22.48,11.87,12.22,52.91
3411,143,-33.33,0.0,-35.51,9.92,False,0.0,0.0,0.0,21.32,11.63,12.02,54.2
3412,143,-29.05,0.0,-35.24,10.75,False,0.0,0.0,0.0,22.87,11.38,12.21,54.52
3413,143,-24.27,0.0,-34.98,10.32,False,0.0,0.0,0.0,22.27,12.3,10.77,53.96
3414,143,-19.35,0.0,-33.99,9.06,False,0.0,0.0,0.0,22.62,10.98,10.86,52.13
3415,143,-14.56,0.0,-33.1,8.92,False,0.0,0.0,0.0,21.62,12.23,13.07,51.18
3416,143,-10.2,0.0,-32.24,8.21,False,0.0,0.0,0.0,22.07,17.95,10.44,49.87
3417,143,-6.5,0.0,-31.12,6.85,False,0.0,0.0,0.0,21.77,18.37,10.73,47.92
3418,143,-3.68,0.0,-29.86,6.68,False,0.0,0.0,0.0,21.91,16.6,22.03,46.63
3419,143,-1.91,0.0,-28.82,7.08,False,0.0,0.0,0.0,21.36,16.3,22.03,45.9
3420,143,-1.31,0.0,-28.13,7.13,False,0.0,0.0,0.0,21.57,17.72,21.62,45.29
3421,143,-1.91,0.0,-27.62,8.94,False,0.0,0.0,0.0,21.76,17.27,22.43,45.91
3422,143,-3.68,0.0,-27.15,8.29,False,0.0,0.0,0.0,21.0,19.82,22.63,45.06
3423,143,-6.5,0.0,-27.05,8.49,False,0.0,0.0,0.0,21.34,17.87,21.99,45.09
3424,143,-10.2,0.0,-27.0,8.35,False,0.0,0.0,0.0,20.48,17.55,21.81,44.95
3425,143,-14.56,0.0,-27.5,7.84,False,0.0,0.0,0.0,21.58,17.36,21.98,45.12
3426,143,-19.35,0.0,-28.04,7.99,False,0.0,0.0,0.0,22.15,16.53,21.65,45.73
3427,143,-24.27,0.0,-28.84,6.0,False,0.0,0.0,0.0,20.96,17.95,10.31,45.25
3428,143,-29.05,0.0,-30.25,7.6,False,0.0,0.0,0.0,21.59,17.44,11.71,47.59
3429,143,-33.33,0.0,-31.32,7.35,False,0.0,0.0,0.0,22.11,11.84,12.04,48.43
3430,143,-36.76,0.0,-32.49,6.55,False,0.0,0.0,0.0,21.91,11.98,11.39,49.0
3431,143,-38.99,0.0,-33.81,7.31,False,0.0,0.0,0.0,22.12,12.08,9.91,50.75
3432,144,-39.96,0.0,-34.67,6.59,False,0.0,0.0,0.0,22.0,10.51,11.1,51.06
3433,144,-39.18,0.0,-35.36,6.67,False,0.0,0.0,0.0,22.07,12.57,12.13,51.76
3434,144,-36.94,0.0,-35.92,5.74,False,0.0,0.0,0.0,22.28,11.22,10.49,51.63
3435,144,-33.51,0.0,-36.18,5.79,False,0.0,0.0,0.0,22.36,11.79,11.99,51.9
3436,144,-29.23,0.0,-36.13,6.1,False,0.0,0.0,0.0,21.86,12.93,11.19,52.08
3437,144,-24.45,0.0,-35.89,6.1,False,0.0,0.0,0.0,22.28,13.32,11.49,51.85
3438,144,-19.53,0.0,-34.92,6.74,False,0.0,0.0,0.0,22.82,10.54,11.02,51.41
3439,144,-14.74,0.0,-33.85,7.36,False,0.0,0.0,0.0,21.89,11.92,10.71,50.83
3440,144,-10.38,0.0,-32.85,7.18,False,0.0,0.0,0.0,21.45,17.72,12.5,49.77
3441,144,-6.68,0.0,-31.79,6.77,False,0.0,0.0,0.0,21.75,16.29,12.07,48.5
3442,144,-3.87,0.0,-30.86,7.22,False,0.0,0.0,0.0,21.42,18.14,22.45,47.92
3443,144,-2.1,0.0,-29.45,7.79,False,0.0,0.0,0.0,21.0,17.59,22.64,46.94
3444,144,-1.5,0.0,-28.48,7.28,False,0.0,0.0,0.0,21.47,17.66,22.35,45.71
3445,144,-2.1,0.0,-27.81,6.87,False,0.0,0.0,0.0,21.05,16.77,22.66,44.83
3446,144,-3.87,0.0,-27.44,7.17,False,0.0,0.0,0.0,21.04,17.83,21.54,44.66
3447,144,-6.68,0.0,-27.33,7.87,False,0.0,0.0,0.0,21.34,18.17,22.96,44.98
3448,144,-10.38,0.0,-27.76,7.66,False,0.0,0.0,0.0,20.72,17.6,22.9,45.26
3449,144,-14.74,0.0,-28.3,6.05,False,0.0,0.0,0.0,20.7,17.09,22.27,44.78
3450,144,-19.53,0.0,-29.13,6.85,True,1.0,0.2,0.25,21.76,17.15,11.3,46.05
3451,144,-24.45,0.0,-30.81,8.04,True,1.0,0.2,0.25,20.92,17.68,10.64,48.39
3452,144,-29.23,0.0,-32.53,9.81,True,1.0,0.2,0.25,21.51,17.54,11.66,51.22
3453,144,-33.51,0.0,-34.56,12.2,True,1.0,0.2,0.25,21.43,12.62,12.68,54.86
3454,144,-36.94,0.0,-36.41,13.55,True,1.0,0.2,0.25,22.17,11.52,10.69,57.69
3455,144,-39.18,0.0,-38.1,15.45,True,1.0,0.2,0.25,22.74,10.93,12.21,60.83
3456,145,-40.15,0.0,-39.52,18.17,True,1.0,0.2,0.25,22.79,12.19,11.17,64.38
3457,145,-39.37,0.0,-40.65,21.23,True,1.0,0.2,0.25,23.83,11.52,11.23,67.97
3458,145,-37.13,0.0,-41.71,23.03,True,1.0,0.2,0.25,23.44,12.53,10.68,70.57
3459,145,-33.69,0.0,-42.16,23.3,True,1.0,0.2,0.25,22.69,11.91,10.97,71.3
3460,145,-29.4,0.0,-42.51,23.74,True,1.0,0.2,0.25,22.62,12.42,11.95,72.06
3461,145,-24.63,0.0,-42.24,26.19,True,1.0,0.2,0.25,24.15,11.09,12.04,73.68
3462,145,-19.7,0.0,-41.78,25.14,True,1.0,0.2,0.25,23.44,12.01,11.67,72.31
3463,145,-14.92,0.0,-41.12,25.31,True,1.0,0.2,0.25,23.17,11.34,11.15,71.68
3464,145,-10.56,0.0,-40.3,24.65,True,1.0,0.2,0.25,22.87,16.52,10.73,70.2
3465,145,-6.86,0.0,-39.19,24.42,True,1.0,0.2,0.25,22.81,16.81,11.54,68.74
3466,145,-4.05,0.0,-37.9,26.26,True,1.0,0.2,0.25,21.96,17.06,11.24,68.61
3467,145,-2.29,0.0,-36.77,24.65,True,1.0,0.2,0.25,22.47,18.5,11.65,66.09
3468,145,-1.68,0.0,-35.65,23.28,True,1.0,0.2,0.25,22.31,17.04,11.28,63.81
3469,145,-2.29,0.0,-34.43,21.18,True,1.0,0.2,0.25,21.77,16.48,11.29,60.96
3470,145,-4.05,0.0,-33.41,20.33,True,1.0,0.2,0.25,21.79,17.61,11.61,59.25
3471,145,-6.86,0.0,-32.92,18.5,True,1.0,0.2,0.25,22.56,17.52,11.75,57.46
3472,145,-10.56,0.0,-32.69,15.43,True,1.0,0.2,0.25,21.87,17.11,12.36,55.15
3473,145,-14.92,0.0,-32.29,13.75,True,1.0,0.2,0.25,22.7,17.37,11.26,53.61
3474,145,-19.7,0.0,-32.64,13.28,True,1.0,0.2,0.25,21.22,18.28,11.88,53.65
3475,145,-24.63,0.0,-32.97,11.8,True,1.0,0.2,0.25,21.75,18.04,12.76,53.0
3476,145,-29.4,0.0,-33.38,11.62,True,1.0,0.2,0.25,21.39,17.97,11.9,53.28
3477,145,-33.69,0.0,-33.78,10.13,True,1.0,0.2,0.25,21.57,10.95,12.31,52.66
3478,145,-37.13,0.0,-33.87,8.5,True,1.0,0.2,0.25,21.73,14.21,11.07,51.62
3479,145,-39.37,0.0,-35.0,7.9,False,0.0,0.2,0.25,22.33,12.74,11.0,52.29
3480,146,-40.33,0.0,-36.11,7.79,False,0.0,0.2,0.25,22.44,12.31,11.39,53.26
3481,146,-39.55,0.0,-36.83,9.96,False,0.0,0.2,0.25,22.15,10.97,11.46,55.52
3482,146,-37.3,0.0,-37.41,9.03,False,0.0,0.2,0.25,21.6,12.66,12.25,55.41
3483,146,-33.86,0.0,-37.45,9.65,False,0.0,0.2,0.25,23.09,11.5,10.99,55.91
3484,146,-29.57,0.0,-37.24,9.48,False,0.0,0.2,0.25,22.35,11.74,11.44,55.57
3485,146,-24.8,0.0,-36.77,10.89,False,0.0,0.2,0.25,21.97,10.56,12.25,56.14
3486,146,-19.87,0.0,-36.12,11.56,False,0.0,0.2,0.25,22.44,10.91,11.65,55.97
3487,146,-15.09,0.0,-35.25,11.35,False,0.0,0.2,0.25,22.31,12.25,11.49,54.96
3488,146,-10.73,0.0,-34.37,10.55,False,0.0,0.2,0.25,21.99,18.3,11.67,53.52
3489,146,-7.04,0.0,-33.23,12.23,False,0.0,0.2,0.25,22.05,18.05,10.71,53.55
3490,146,-4.23,0.0,-32.14,11.67,False,0.0,0.2,0.25,21.4,18.02,21.2,52.08
3491,146,-2.46,0.0,-31.08,10.58,False,0.0,0.2,0.25,22.03,17.45,20.89,50.31
3492,146,-1.86,0.0,-30.16,8.75,False,0.0,0.2,0.25,21.22,17.17,22.14,48.23
3493,146,-2.46,0.0,-29.28,6.66,False,0.0,0.2,0.25,21.27,17.73,22.64,46.07
3494,146,-4.23,0.0,-28.83,7.33,False,0.0,0.2,0.25,21.72,18.16,22.54,46.07
3495,146,-7.04,0.0,-28.61,6.3,False,0.0,0.2,0.25,21.91,17.5,22.8,45.23
3496,146,-10.73,0.0,-28.73,7.42,False,0.0,0.2,0.25,22.08,18.47,23.02,46.03
3497,146,-15.09,0.0,-29.24,8.04,False,0.0,0.2,0.25,21.93,17.33,22.1,46.9
3498,146,-19.87,0.0,-30.02,8.8,False,0.0,0.2,0.25,21.47,16.72,21.95,48.13
3499,146,-24.8,0.0,-30.96,9.54,False,0.0,0.2,0.25,21.1,17.49,12.53,49.52
3500,146,-29.57,0.0,-31.65,8.86,False,0.0,0.2,0.25,22.36,17.58,11.01,49.74
3501,146,-33.86,0.0,-32.57,8.82,False,0.0,0.2,0.25,22.46,11.83,10.68,50.6
3502,146,-37.3,0.0,-33.91,8.6,False,0.0,0.2,0.25,21.8,12.92,11.26,51.74
3503,146,-39.55,0.0,-34.77,8.73,False,0.0,0.2,0.25,22.54,12.54,11.18,52.65
3504,147,-40.5,0.0,-35.87,8.77,False,0.0,0.2,0.25,22.17,10.76,11.53,53.74
3505,147,-39.72,0.0,-36.82,9.25,False,0.0,0.2,0.25,23.02,13.13,10.9,55.0
3506,147,-37.47,0.0,-37.15,9.02,False,0.0,0.2,0.25,22.25,9.71,11.76,55.15
3507,147,-34.03,0.0,-37.26,8.13,False,0.0,0.2,0.25,23.26,13.62,11.1,54.6
3508,147,-29.74,0.0,-37.08,8.34,False,0.0,0.2,0.25,22.76,11.67,12.36,54.59
3509,147,-24.96,0.0,-36.65,7.98,False,0.0,0.2,0.25,23.12,11.75,10.66,53.92
3510,147,-20.03,0.0,-35.74,8.79,False,0.0,0.2,0.25,22.1,11.85,11.4,53.62
3511,147,-15.25,0.0,-35.13,7.69,False,0.0,0.2,0.25,22.38,12.21,11.27,52.27
3512,147,-10.9,0.0,-34.19,7.88,False,0.0,0.2,0.25,21.71,17.5,11.66,51.5
3513,147,-7.21,0.0,-33.0,8.94,False,0.0,0.2,0.25,22.3,17.39,12.15,51.09
3514,147,-4.4,0.0,-31.93,8.36,False,0.0,0.2,0.25,22.19,18.55,22.19,49.67
3515,147,-2.64,0.0,-31.03,8.39,False,0.0,0.0,0.25,22.68,17.95,21.91,48.84
3516,147,-2.04,0.0,-30.31,7.25,False,0.0,0.0,0.25,21.83,16.73,22.48,47.41
3517,147,-2.64,0.0,-29.4,7.14,False,0.0,0.0,0.25,21.82,18.09,22.59,46.48
3518,147,-4.4,0.0,-28.77,7.62,False,0.0,0.0,0.25,21.26,17.92,22.19,46.19
3519,147,-7.21,0.0,-28.7,6.09,False,0.0,0.0,0.25,21.66,17.06,22.27,45.17
3520,147,-10.9,0.0,-28.87,6.98,False,0.0,0.0,0.25,21.31,18.13,22.45,45.89
3521,147,-15.25,0.0,-29.31,7.49,False,0.0,0.0,0.25,21.56,17.37,20.85,46.62
3522,147,-20.03,0.0,-30.01,7.24,False,0.0,0.0,0.25,21.67,17.32,21.75,47.13
3523,147,-24.96,0.0,-30.79,7.95,False,0.0,0.0,0.25,21.55,17.3,11.76,48.32
3524,147,-29.74,0.0,-31.5,7.85,False,0.0,0.0,0.25,21.8,15.56,11.3,48.93
3525,147,-34.03,0.0,-32.53,7.99,False,0.0,0.0,0.25,21.75,11.48,11.3,50.0
3526,147,-37.47,0.0,-33.73,6.79,False,0.0,0.0,0.25,21.9,12.47,11.76,50.32
3527,147,-39.72,0.0,-34.65,6.11,False,0.0,0.0,0.0,22.59,11.88,11.78,50.71
3528,148,-40.67,0.0,-35.43,6.98,False,0.0,0.0,0.0,22.32,10.87,11.83,52.04
3529,148,-39.88,0.0,-36.16,6.87,False,0.0,0.0,0.0,22.48,12.67,10.95,52.65
3530,148,-37.63,0.0,-36.32,6.75,False,0.0,0.0,0.0,21.78,11.66,10.51,52.72
3531,148,-34.19,0.0,-36.79,7.78,False,0.0,0.0,0.0,22.58,10.92,12.06,53.9
3532,148,-29.89,0.0,-36.46,8.63,False,0.0,0.0,0.0,22.59,13.66,10.98,54.21
3533,148,-25.11,0.0,-36.16,8.98,False,0.0,0.0,0.0,22.18,11.06,10.93,54.17
3534,148,-20.19,0.0,-35.73,9.18,False,0.0,0.0,0.0,23.12,12.6,10.87,53.9
3535,148,-15.41,0.0,-34.75,8.67,False,0.0,0.0,0.0,21.25,11.28,12.31,52.59
3536,148,-11.06,0.0,-33.53,9.46,False,0.0,0.0,0.0,22.34,17.61,11.65,51.95
3537,148,-7.37,0.0,-32.8,9.15,False,0.0,0.0,0.0,22.22,16.78,11.74,51.04
3538,148,-4.56,0.0,-31.5,9.31,False,0.0,0.0,0.0,22.0,16.51,22.48,49.89
3539,148,-2.8,0.0,-30.49,9.19,False,0.0,0.0,0.0,21.73,17.92,21.97,48.83
3540,148,-2.2,0.0,-29.35,8.17,False,0.0,0.0,0.0,21.74,17.82,22.71,47.09
3541,148,-2.8,0.0,-28.6,8.51,False,0.0,0.0,0.0,21.78,18.42,21.16,46.58
3542,148,-4.56,0.0,-28.52,7.46,False,0.0,0.0,0.0,21.13,17.47,21.24,45.86
3543,148,-7.37,0.0,-28.3,7.62,False,0.0,0.0,0.0,21.52,19.28,21.2,45.75
3544,148,-11.06,0.0,-28.41,6.93,False,0.0,0.0,0.0,21.34,17.71,22.3,45.42
3545,148,-15.41,0.0,-29.05,7.54,False,0.0,0.0,0.0,21.05,17.95,22.35,46.41
3546,148,-20.19,0.0,-29.82,8.32,False,0.0,0.0,0.0,21.87,16.41,21.67,47.63
3547,148,-25.11,0.0,-30.38,8.57,False,0.0,0.0,0.0,21.42,17.01,11.34,48.33
3548,148,-29.89,0.0,-31.27,8.32,False,0.0,0.0,0.0,21.15,17.92,12.39,49.01
3549,148,-34.19,0.0,-32.49,9.56,False,0.0,0.0,0.0,21.68,11.83,11.01,51.01
3550,148,-37.63,0.0,-33.65,10.31,False,0.0,0.0,0.0,21.72,12.05,11.71,52.66
3551,148,-39.88,0.0,-34.62,10.18,False,0.0,0.0,0.0,22.57,11.25,11.02,53.52
3552,149,-40.83,0.0,-35.25,9.59,False,0.0,0.0,0.0,22.29,12.0,12.27,53.72
3553,149,-40.04,0.0,-36.18,9.32,False,0.0,0.0,0.0,22.89,11.99,11.94,54.43
3554,149,-37.79,0.0,-36.63,9.17,False,0.0,0.0,0.0,22.13,10.96,10.52,54.76
3555,149,-34.34,0.0,-36.82,7.63,False,0.0,0.0,0.0,22.77,12.41,11.32,53.83
3556,149,-30.04,0.0,-36.58,6.32,False,0.0,0.0,0.0,23.53,10.54,10.04,52.65
3557,149,-25.26,0.0,-36.31,5.85,False,0.0,0.0,0.0,22.5,12.05,12.13,52.06
3558,149,-20.34,0.0,-35.61,6.38,False,0.0,0.0,0.0,22.62,13.31,12.93,51.8
3559,149,-15.56,0.0,-34.89,6.15,False,0.0,0.0,0.0,22.46,12.44,9.97,50.96
3560,149,-11.21,0.0,-34.14,6.77,False,0.0,0.0,0.0,21.53,18.04,10.5,50.69
3561,149,-7.52,0.0,-33.27,7.52,False,0.0,0.0,0.0,22.23,16.78,11.62,50.39
3562,149,-4.72,0.0,-32.21,7.44,False,0.0,0.0,0.0,21.99,18.92,21.99,49.33
3563,149,-2.96,0.0,-31.15,7.92,False,0.0,0.0,0.0,21.63,18.6,21.71,48.64
3564,149,-2.36,0.0,-30.19,7.11,False,0.0,0.0,0.0,21.27,16.83,20.78,47.21
3565,149,-2.96,0.0,-29.41,6.39,False,0.0,0.0,0.0,21.81,17.12,22.23,46.03
3566,149,-4.72,0.0,-29.31,5.87,False,0.0,0.0,0.0,21.13,18.5,22.62,45.6
3567,149,-7.52,0.0,-29.05,5.55,False,0.0,0.0,0.0,22.34,18.94,23.99,45.16
3568,149,-11.21,0.0,-29.34,6.08,False,0.0,0.0,0.0,21.57,16.49,22.92,45.77
3569,149,-15.56,0.0,-29.78,6.33,False,0.0,0.0,0.0,21.08,16.7,21.09,46.33
3570,149,-20.34,0.0,-30.37,6.92,False,0.0,0.0,0.0,21.44,17.38,21.99,47.26
3571,149,-25.26,0.0,-31.13,6.86,False,0.0,0.0,0.0,21.62,15.76,11.91,47.93
3572,149,-30.04,0.0,-32.45,7.77,False,0.0,0.0,0.0,22.86,17.52,11.02,49.78
3573,149,-34.34,0.0,-33.2,6.59,False,0.0,0.0,0.0,21.63,12.85,12.05,49.69
3574,149,-37.79,0.0,-34.2,7.3,False,0.0,0.0,0.0,22.06,10.75,11.99,51.11
3575,149,-40.04,0.0,-35.01,5.94,False,0.0,0.0,0.0,21.99,12.0,12.37,50.92
3576,150,-40.98,0.0,-36.04,5.65,False,0.0,0.0,0.0,22.52,11.43,12.06,51.67
3577,150,-40.2,0.0,-36.55,7.1,False,0.0,0.0,0.0,22.18,13.21,11.7,53.18
3578,150,-37.94,0.0,-36.69,7.94,False,0.0,0.0,0.0,21.95,11.44,11.05,53.93
3579,150,-34.49,0.0,-36.98,8.41,False,0.0,0.0,0.0,22.36,13.12,10.59,54.54
3580,150,-30.19,0.0,-36.65,8.52,False,0.0,0.0,0.0,22.28,11.42,11.65,54.3
3581,150,-25.41,0.0,-35.97,8.56,False,0.0,0.0,0.0,22.08,12.52,11.22,53.68
3582,150,-20.48,0.0,-35.48,9.42,False,0.0,0.0,0.0,22.04,12.1,11.28,53.82
3583,150,-15.71,0.0,-34.84,9.2,False,0.0,0.0,0.0,22.65,11.79,12.29,53.05
3584,150,-11.36,0.0,-33.95,7.46,False,0.0,0.0,0.0,21.95,16.87,12.46,50.99
3585,150,-7.67,0.0,-32.7,7.35,False,0.0,0.0,0.0,21.47,17.76,10.64,49.73
3586,150,-4.87,0.0,-31.78,6.05,False,0.0,0.0,0.0,21.63,17.15,21.85,48.0
3587,150,-3.12,0.0,-30.74,6.37,False,0.0,0.0,0.0,21.71,16.95,21.7,47.25
3588,150,-2.52,0.0,-30.09,5.28,False,0.0,0.0,0.0,21.08,18.68,22.22,45.95
3589,150,-3.12,0.0,-29.51,5.25,False,0.0,0.0,0.0,22.19,17.94,20.41,45.4
3590,150,-4.87,0.0,-29.14,7.68,False,0.0,0.0,0.0,21.84,18.01,20.98,46.58
3591,150,-7.67,0.0,-29.2,6.98,False,0.0,0.0,0.0,22.08,17.19,21.92,46.2
3592,150,-11.36,0.0,-29.41,7.68,False,0.0,0.0,0.0,21.69,17.35,22.55,46.84
3593,150,-15.71,0.0,-29.69,7.99,False,0.0,0.0,0.0,20.72,17.3,22.05,47.3
3594,150,-20.48,0.0,-30.36,9.46,False,0.0,0.0,0.0,22.26,17.77,22.47,48.88
3595,150,-25.41,0.0,-31.14,9.22,False,0.0,0.0,0.0,21.39,18.01,11.64,49.48
3596,150,-30.19,0.0,-32.02,7.38,False,0.0,0.0,0.0,21.53,17.48,12.39,49.11
3597,150,-34.49,0.0,-32.91,8.35,False,0.0,0.0,0.0,22.01,11.27,12.54,50.6
3598,150,-37.94,0.0,-33.77,7.91,False,0.0,0.0,0.0,22.6,12.51,10.97,51.12
3599,150,-40.2,0.0,-35.1,6.96,False,0.0,0.0,0.0,22.63,11.93,12.12,51.72
3600,151,-41.13,0.0,-36.13,5.83,False,0.0,0.0,0.0,22.7,10.75,11.86,51.88
3601,151,-40.34,0.0,-36.86,4.98,False,0.0,0.0,0.0,22.3,10.19,13.25,51.94
3602,151,-38.09,0.0,-37.03,4.99,False,0.0,0.0,0.0,22.31,12.14,10.94,52.11
3603,151,-34.63,0.0,-37.34,4.73,False,0.0,0.0,0.0,22.62,11.24,11.42,52.2
3604,151,-30.33,0.0,-37.03,5.16,False,0.0,0.0,0.0,22.39,12.24,10.78,52.22
3605,151,-25.55,0.0,-36.77,5.36,False,0.0,0.0,0.0,22.77,11.28,10.82,52.13
3606,151,-20.62,0.0,-36.03,6.59,False,0.0,0.0,0.0,22.66,12.01,11.77,52.33
3607,151,-15.85,0.0,-35.13,8.32,False,0.0,0.0,0.0,22.45,11.6,11.64,52.7
3608,151,-11.5,0.0,-34.22,7.72,False,0.0,0.0,0.0,21.1,18.9,11.88,51.43
3609,151,-7.82,0.0,-33.4,7.78,False,0.0,0.0,0.0,22.06,18.26,11.86,50.68
3610,151,-5.02,0.0,-32.34,7.92,False,0.0,0.0,0.0,21.84,18.58,21.84,49.77
3611,151,-3.26,0.0,-31.81,7.83,False,0.0,0.0,0.0,21.88,17.52,21.83,49.21
3612,151,-2.67,0.0,-30.89,6.51,False,0.0,0.0,0.0,21.4,18.16,21.32,47.48
3613,151,-3.26,0.0,-30.33,5.21,False,0.0,0.0,0.0,21.11,17.57,21.51,46.13
3614,151,-5.02,0.0,-30.14,6.72,False,0.0,0.0,0.0,21.8,18.68,21.96,46.91
3615,151,-7.82,0.0,-29.93,7.71,False,0.0,0.0,0.0,21.45,17.44,22.14,47.34
3616,151,-11.5,0.0,-30.1,7.65,False,0.0,0.0,0.0,21.84,16.38,22.5,47.47
3617,151,-15.85,0.0,-30.51,8.4,False,0.0,0.0,0.0,21.39,15.9,22.43,48.34
3618,151,-20.62,0.0,-31.1,9.7,False,0.0,0.0,0.0,22.3,18.83,23.09,49.76
3619,151,-25.55,0.0,-31.89,11.19,False,0.0,0.0,0.0,22.23,17.88,10.82,51.51
3620,151,-30.33,0.0,-32.75,11.58,False,0.0,0.0,0.0,22.05,17.94,11.34,52.62
3621,151,-34.63,0.0,-34.04,10.19,False,0.0,0.0,0.0,22.0,13.09,10.88,52.95
3622,151,-38.09,0.0,-35.04,9.48,False,0.0,0.0,0.0,22.55,10.58,12.39,53.44
3623,151,-40.34,0.0,-36.15,9.76,False,0.0,0.0,0.0,22.5,11.61,11.15,54.72
3624,152,-41.27,0.0,-36.93,8.76,False,0.0,0.0,0.0,22.53,11.71,12.31,54.74
3625,152,-40.48,0.0,-37.59,6.7,False,0.0,0.0,0.0,22.93,12.49,12.52,53.88
3626,152,-38.22,0.0,-38.13,4.52,False,0.0,0.0,0.0,23.15,11.35,11.79,52.75
3627,152,-34.76,0.0,-38.21,6.03,False,0.0,0.0,0.0,22.08,10.94,11.71,53.95
3628,152,-30.46,0.0,-38.16,7.4,False,0.0,0.0,0.0,22.16,10.93,11.53,54.92
3629,152,-25.68,0.0,-37.74,6.86,False,0.0,0.0,0.0,22.22,12.82,11.28,54.13
3630,152,-20.75,0.0,-37.1,7.67,False,0.0,0.0,0.0,21.85,11.31,11.19,54.12
3631,152,-15.98,0.0,-36.17,8.8,False,0.0,0.0,0.0,22.32,11.46,11.4,54.05
3632,152,-11.63,0.0,-35.31,10.21,False,0.0,0.0,0.0,22.48,18.01,12.78,54.21
3633,152,-7.96,0.0,-34.31,9.23,False,0.0,0.0,0.0,22.11,16.94,10.77,52.56
3634,152,-5.16,0.0,-33.31,7.76,False,0.0,0.0,0.0,21.78,16.14,22.14,50.59
3635,152,-3.4,0.0,-32.2,7.88,False,0.0,0.0,0.0,22.31,16.23,22.5,49.61
3636,152,-2.81,0.0,-31.44,6.93,False,0.0,0.0,0.0,21.83,17.45,21.8,48.27
3637,152,-3.4,0.0,-30.93,6.86,False,0.0,0.0,0.0,21.85,17.9,22.29,47.75
3638,152,-5.16,0.0,-30.6,5.57,False,0.0,0.0,0.0,22.13,17.34,20.95,46.6
3639,152,-7.96,0.0,-30.32,7.47,False,0.0,0.0,0.0,21.59,17.84,22.93,47.57
3640,152,-11.63,0.0,-30.74,7.73,False,0.0,0.0,0.0,22.51,16.21,22.79,48.13
3641,152,-15.98,0.0,-30.91,7.33,False,0.0,0.0,0.0,21.53,16.26,21.93,48.03
3642,152,-20.75,0.0,-31.31,7.45,False,0.0,0.0,0.0,22.56,19.3,21.38,48.49
3643,152,-25.68,0.0,-32.4,7.42,False,0.0,0.0,0.0,21.5,18.49,12.06,49.5
3644,152,-30.46,0.0,-33.34,8.02,False,0.0,0.0,0.0,22.21,18.12,10.7,50.79
3645,152,-34.76,0.0,-34.25,6.75,False,0.0,0.0,0.0,21.85,11.37,10.8,50.78
3646,152,-38.22,0.0,-35.33,7.19,False,0.0,0.0,0.0,22.69,11.71,11.46,52.11
3647,152,-40.48,0.0,-35.99,7.88,False,0.0,0.0,0.0,22.13,11.9,12.56,53.22
3648,153,-41.41,0.0,-36.89,8.24,False,0.0,0.0,0.0,22.54,12.95,11.95,54.34
3649,153,-40.62,0.0,-37.52,7.24,False,0.0,0.0,0.0,22.24,12.22,11.05,54.2
3650,153,-38.36,0.0,-37.78,7.45,False,0.0,0.0,0.0,22.91,12.32,10.32,54.61
3651,153,-34.89,0.0,-37.92,7.79,False,0.0,0.0,0.0,22.29,11.77,11.53,54.98
3652,153,-30.59,0.0,-37.83,6.78,False,0.0,0.0,0.0,23.21,12.53,11.68,54.15
3653,153,-25.81,0.0,-37.38,6.44,False,0.0,0.0,0.0,22.09,12.14,11.45,53.48
3654,153,-20.88,0.0,-36.69,7.08,False,0.0,0.0,0.0,21.86,11.94,12.76,53.3
3655,153,-16.11,0.0,-35.96,7.78,False,0.0,0.0,0.0,22.7,11.31,11.41,53.12
3656,153,-11.76,0.0,-34.97,7.6,False,0.0,0.0,0.0,21.96,17.41,9.9,52.05
3657,153,-8.09,0.0,-33.95,8.29,False,0.0,0.0,0.0,22.07,16.64,11.22,51.56
3658,153,-5.29,0.0,-32.97,8.78,False,0.0,0.0,0.0,21.83,17.47,22.32,50.96
3659,153,-3.54,0.0,-31.97,8.14,False,0.0,0.0,0.0,21.31,17.57,22.27,49.56
3660,153,-2.94,0.0,-31.16,7.85,False,0.0,0.0,0.0,21.71,15.58,21.88,48.6
3661,153,-3.54,0.0,-30.3,8.88,False,0.0,0.0,0.0,22.14,17.32,21.76,48.45
3662,153,-5.29,0.0,-29.92,8.9,False,0.0,0.0,0.0,21.99,16.56,20.6,48.1
3663,153,-8.09,0.0,-29.83,7.38,False,0.0,0.0,0.0,21.67,17.9,22.06,47.04
3664,153,-11.76,0.0,-29.89,8.56,False,0.0,0.0,0.0,22.03,18.01,21.76,47.86
3665,153,-16.11,0.0,-30.3,9.8,False,0.0,0.0,0.0,21.21,17.16,22.17,49.05
3666,153,-20.88,0.0,-30.83,8.66,False,0.0,0.0,0.0,21.57,17.94,22.34,48.81
3667,153,-25.81,0.0,-31.67,6.88,False,0.0,0.0,0.0,21.96,17.97,12.37,48.45
3668,153,-30.59,0.0,-32.68,6.89,False,0.0,0.0,0.0,21.87,17.32,10.83,49.4
3669,153,-34.89,0.0,-33.47,7.63,False,0.0,0.0,0.0,21.92,13.13,10.59,50.65
3670,153,-38.36,0.0,-34.53,7.84,False,0.0,0.0,0.0,21.66,11.32,11.1,51.8
3671,153,-40.62,0.0,-35.39,8.65,False,0.0,0.0,0.0,21.41,13.08,10.99,53.19
3672,154,-41.54,0.0,-36.14,9.86,False,0.0,0.0,0.0,22.66,11.72,10.92,54.78
3673,154,-40.75,0.0,-36.73,10.98,False,0.0,0.0,0.0,22.5,11.23,12.51,56.16
3674,154,-38.48,0.0,-37.07,10.93,False,0.0,0.0,0.0,22.81,11.62,11.6,56.46
3675,154,-35.02,0.0,-37.08,10.69,False,0.0,0.0,0.0,22.27,11.02,12.88,56.3
3676,154,-30.71,0.0,-36.6,10.23,False,0.0,0.0,0.0,22.11,12.53,11.5,55.5
3677,154,-25.92,0.0,-36.14,9.05,False,0.0,0.0,0.0,22.34,10.62,10.68,54.19
3678,154,-21.0,0.0,-35.8,7.48,False,0.0,0.0,0.0,22.64,13.01,10.93,52.75
3679,154,-16.23,0.0,-35.02,8.39,False,0.0,0.0,0.0,22.11,11.15,12.22,52.65
3680,154,-11.88,0.0,-33.97,8.4,False,0.0,0.0,0.0,22.4,18.17,10.71,51.66
3681,154,-8.21,0.0,-32.9,7.66,False,0.0,0.0,0.0,21.55,17.52,11.89,50.14
3682,154,-5.42,0.0,-31.96,7.44,False,0.0,0.0,0.0,21.77,17.72,21.75,49.1
3683,154,-3.67,0.0,-31.04,7.68,False,0.0,0.0,0.0,21.7,17.03,21.35,48.39
3684,154,-3.07,0.0,-29.94,7.94,False,0.0,0.0,0.0,22.08,17.78,22.97,47.51
3685,154,-3.67,0.0,-29.51,7.59,False,0.0,0.0,0.0,21.62,17.61,21.59,46.88
3686,154,-5.42,0.0,-29.29,7.32,False,0.0,0.0,0.0,22.21,16.33,21.42,46.5
3687,154,-8.21,0.0,-29.17,7.02,False,0.0,0.0,0.0,20.96,16.73,21.94,46.2
3688,154,-11.88,0.0,-29.32,6.65,False,0.0,0.0,0.0,21.57,17.07,21.64,46.1
3689,154,-16.23,0.0,-29.89,6.76,False,0.0,0.0,0.0,21.66,16.9,23.55,46.71
3690,154,-21.0,0.0,-30.46,8.58,False,0.0,0.0,0.0,21.9,18.5,22.74,48.41
3691,154,-25.92,0.0,-31.1,8.5,False,0.0,0.0,0.0,21.41,17.51,11.09,48.98
3692,154,-30.71,0.0,-32.14,9.97,False,0.0,0.0,0.0,22.53,16.88,11.17,50.94
3693,154,-35.02,0.0,-33.31,9.88,False,0.0,0.0,0.0,22.0,11.51,10.09,52.02
3694,154,-38.48,0.0,-34.47,9.25,False,0.0,0.0,0.0,21.7,11.5,11.6,52.73
3695,154,-40.75,0.0,-35.4,8.92,False,0.0,0.0,0.0,22.24,11.67,10.98,53.39
3696,155,-41.66,0.0,-36.43,7.25,False,0.0,0.0,0.0,22.25,11.04,11.56,53.18
3697,155,-40.87,0.0,-37.07,7.3,False,0.0,0.0,0.0,23.56,11.25,10.12,53.82
3698,155,-38.6,0.0,-37.47,6.47,False,0.0,0.0,0.0,22.92,12.51,11.48,53.59
3699,155,-35.13,0.0,-37.13,8.48,False,0.0,0.0,0.0,22.48,12.05,12.69,54.73
3700,155,-30.82,0.0,-36.7,8.86,False,0.0,0.0,0.0,22.36,11.78,11.54,54.6
3701,155,-26.04,0.0,-36.36,8.74,False,0.0,0.0,0.0,22.74,11.9,10.96,54.19
3702,155,-21.11,0.0,-35.9,9.08,False,0.0,0.0,0.0,22.71,11.86,11.49,53.99
3703,155,-16.34,0.0,-35.06,7.99,False,0.0,0.0,0.0,21.04,11.73,11.46,52.41
3704,155,-12.0,0.0,-33.85,7.84,False,0.0,0.0,0.0,22.32,17.91,13.03,51.16
3705,155,-8.33,0.0,-33.32,6.35,False,0.0,0.0,0.0,22.01,17.85,11.27,49.64
3706,155,-5.54,0.0,-32.56,6.67,False,0.0,0.0,0.0,21.38,16.24,21.16,49.14
3707,155,-3.79,0.0,-31.84,6.47,False,0.0,0.0,0.0,22.17,17.39,22.02,48.34
3708,155,-3.19,0.0,-30.97,5.48,False,0.0,0.0,0.0,22.62,16.3,22.14,46.89
3709,155,-3.79,0.0,-30.37,5.94,False,0.0,0.0,0.0,21.87,18.01,22.39,46.63
3710,155,-5.54,0.0,-29.97,5.53,False,0.0,0.0,0.0,22.04,18.11,22.53,46.0
3711,155,-8.33,0.0,-30.12,4.49,False,0.0,0.0,0.0,22.34,17.01,23.37,45.47
3712,155,-12.0,0.0,-30.63,4.26,False,0.0,0.0,0.0,21.34,17.41,21.58,45.79
3713,155,-16.34,0.0,-31.03,4.13,False,0.0,0.0,0.0,20.98,15.81,21.52,46.06
3714,155,-21.11,0.0,-31.71,4.94,False,0.0,0.0,0.0,22.07,18.28,20.7,47.21
3715,155,-26.04,0.0,-32.68,4.27,False,0.0,0.0,0.0,21.82,18.07,11.96,47.65
3716,155,-30.82,0.0,-33.63,4.55,False,0.0,0.0,0.0,21.49,18.42,10.88,48.7
3717,155,-35.13,0.0,-34.65,6.02,False,0.0,0.0,0.0,22.13,13.09,12.12,50.65
3718,155,-38.6,0.0,-35.64,6.56,False,0.0,0.0,0.0,22.57,10.92,11.16,51.95
3719,155,-40.87,0.0,-36.75,7.51,False,0.0,0.0,0.0,22.35,12.61,12.71,53.67
3720,156,-41.77,0.0,-37.73,7.6,False,0.0,0.0,0.0,22.21,13.08,10.5,54.67
3721,156,-40.98,0.0,-38.28,8.27,False,0.0,0.0,0.0,22.5,10.7,12.22,55.69
3722,156,-38.71,0.0,-38.73,8.87,False,0.0,0.0,0.0,22.64,11.76,12.13,56.56
3723,156,-35.24,0.0,-38.93,8.41,False,0.0,0.0,0.0,21.9,11.61,11.87,56.41
3724,156,-30.93,0.0,-38.78,8.55,False,0.0,0.0,0.0,22.6,12.58,10.72,56.37
3725,156,-26.15,0.0,-38.31,7.85,False,0.0,0.0,0.0,22.06,9.98,11.87,55.4
3726,156,-21.22,0.0,-37.84,7.79,False,0.0,0.0,0.0,22.8,13.35,11.59,54.91
3727,156,-16.45,0.0,-37.22,8.25,False,0.0,0.0,0.0,21.84,11.81,10.22,54.65
3728,156,-12.11,0.0,-36.33,7.09,False,0.0,0.0,0.0,22.76,18.23,12.59,52.97
3729,156,-8.44,0.0,-35.43,6.95,False,0.0,0.0,0.0,22.09,17.45,11.26,52.02
3730,156,-5.65,0.0,-34.28,6.13,False,0.0,0.0,0.0,21.9,17.89,23.04,50.38
3731,156,-3.9,0.0,-33.24,6.01,False,0.0,0.0,0.0,22.11,15.64,21.95,49.34
3732,156,-3.31,0.0,-32.39,5.7,False,0.0,0.0,0.0,21.54,17.19,22.69,48.34
3733,156,-3.9,0.0,-31.97,5.35,False,0.0,0.0,0.0,21.95,18.18,21.4,47.72
3734,156,-5.65,0.0,-31.54,6.47,False,0.0,0.0,0.0,21.49,17.73,22.15,48.06
3735,156,-8.44,0.0,-31.64,7.29,False,0.0,0.0,0.0,21.57,16.19,22.1,48.69
3736,156,-12.11,0.0,-32.09,7.52,False,0.0,0.0,0.0,22.01,17.55,21.77,49.27
3737,156,-16.45,0.0,-32.54,9.45,False,0.0,0.0,0.0,21.45,16.85,21.39,50.99
3738,156,-21.22,0.0,-33.36,10.05,False,0.0,0.0,0.0,21.5,16.78,19.85,52.19
3739,156,-26.15,0.0,-34.25,9.76,False,0.0,0.0,0.0,22.21,16.28,10.91,52.86
3740,156,-30.93,0.0,-35.14,9.86,False,0.0,0.0,0.0,22.21,17.99,11.99,53.8
3741,156,-35.24,0.0,-35.92,9.73,False,0.0,0.0,0.0,22.38,12.79,10.52,54.47
3742,156,-38.71,0.0,-36.71,10.41,False,0.0,0.0,0.0,22.54,13.6,10.67,55.74
3743,156,-40.98,0.0,-37.53,8.2,False,0.0,0.0,0.0,22.53,10.72,10.5,54.92
3744,157,-41.88,0.0,-38.39,7.99,False,0.0,0.0,0.0,22.85,12.51,11.65,55.58
3745,157,-41.09,0.0,-39.14,8.93,False,0.0,0.0,0.0,22.74,12.57,10.87,57.0
3746,157,-38.82,0.0,-39.56,8.25,False,0.0,0.0,0.0,21.94,11.44,12.35,56.89
3747,157,-35.35,0.0,-39.53,8.15,False,0.0,0.0,0.0,22.04,11.17,12.01,56.79
3748,157,-31.03,0.0,-39.15,7.83,False,0.0,0.0,0.0,23.47,11.03,11.64,56.19
3749,157,-26.25,0.0,-38.98,9.05,False,0.0,0.0,0.0,22.68,11.48,11.71,56.94
3750,157,-21.32,0.0,-38.15,8.75,False,0.0,0.0,0.0,22.96,12.06,10.97,55.92
3751,157,-16.55,0.0,-37.08,8.1,False,0.0,0.0,0.0,22.31,12.99,10.97,54.41
3752,157,-12.21,0.0,-36.25,7.45,False,0.0,0.0,0.0,22.33,18.38,12.0,53.15
3753,157,-8.55,0.0,-35.26,7.46,False,0.0,0.0,0.0,22.05,16.21,12.14,52.23
3754,157,-5.75,0.0,-34.33,7.74,False,0.0,0.0,0.0,23.11,16.87,22.49,51.54
3755,157,-4.01,0.0,-33.47,6.16,False,0.0,0.0,0.0,22.12,18.54,21.67,49.64
3756,157,-3.41,0.0,-32.76,6.82,False,0.0,0.0,0.0,21.72,16.92,21.73,49.43
3757,157,-4.01,0.0,-32.33,6.55,False,0.0,0.0,0.0,21.22,17.45,21.35,48.85
3758,157,-5.75,0.0,-31.76,6.55,False,0.0,0.0,0.0,22.6,16.14,22.54,48.32
3759,157,-8.55,0.0,-31.76,6.09,False,0.0,0.0,0.0,21.75,18.42,20.63,48.02
3760,157,-12.21,0.0,-32.1,5.16,False,0.0,0.0,0.0,22.15,15.97,20.46,47.71
3761,157,-16.55,0.0,-32.75,5.89,False,0.0,0.0,0.0,22.27,16.19,20.6,48.8
3762,157,-21.32,0.0,-33.38,5.39,False,0.0,0.0,0.0,21.82,18.34,20.5,49.05
3763,157,-26.25,0.0,-34.08,5.97,False,0.0,0.0,0.0,22.36,19.04,12.45,50.08
3764,157,-31.03,0.0,-35.01,7.14,False,0.0,0.0,0.0,21.96,17.27,12.05,51.76
3765,157,-35.35,0.0,-35.86,7.45,False,0.0,0.0,0.0,21.91,11.86,10.66,52.79
3766,157,-38.82,0.0,-36.99,7.0,False,0.0,0.0,0.0,22.9,12.63,11.43,53.53
3767,157,-41.09,0.0,-38.01,8.21,False,0.0,0.0,0.0,22.5,12.13,12.53,55.38
3768,158,-41.98,0.0,-38.69,8.73,False,0.0,0.0,0.0,22.85,11.6,11.85,56.42
3769,158,-41.19,0.0,-39.19,7.39,False,0.0,0.0,0.0,22.87,11.51,12.98,55.89
3770,158,-38.92,0.0,-39.7,7.5,False,0.0,0.0,0.0,23.02,10.65,11.42,56.46
3771,158,-35.44,0.0,-39.96,6.83,False,0.0,0.0,0.0,22.17,12.09,11.04,56.18
3772,158,-31.13,0.0,-39.64,7.91,False,0.0,0.0,0.0,22.52,11.83,10.74,56.71
3773,158,-26.34,0.0,-39.13,6.79,False,0.0,0.0,0.0,22.57,11.55,11.52,55.38
3774,158,-21.41,0.0,-38.37,6.33,False,0.0,0.0,0.0,22.27,11.1,12.16,54.32
3775,158,-16.65,0.0,-37.59,8.11,False,0.0,0.0,0.0,22.68,11.18,11.57,54.9
3776,158,-12.31,0.0,-36.95,7.37,False,0.0,0.0,0.0,22.91,17.99,11.25,53.75
3777,158,-8.64,0.0,-36.02,7.09,False,0.0,0.0,0.0,22.86,18.21,12.38,52.68
3778,158,-5.85,0.0,-35.1,8.13,False,0.0,0.0,0.0,22.08,17.24,22.37,52.55
3779,158,-4.11,0.0,-34.26,9.2,False,0.0,0.0,0.0,22.23,17.15,21.92,52.49
3780,158,-3.51,0.0,-33.47,9.66,False,0.0,0.0,0.0,22.19,16.82,21.46,52.04
3781,158,-4.11,0.0,-32.91,8.73,False,0.0,0.0,0.0,22.2,18.25,21.82,50.86
3782,158,-5.85,0.0,-32.75,8.11,False,0.0,0.0,0.0,21.58,17.52,22.33,50.29
3783,158,-8.64,0.0,-32.81,9.44,False,0.0,0.0,0.0,22.67,17.79,21.45,51.25
3784,158,-12.31,0.0,-33.13,7.5,False,0.0,0.0,0.0,22.35,17.79,21.14,50.24
3785,158,-16.65,0.0,-33.54,5.7,False,0.0,0.0,0.0,22.41,17.25,21.66,49.4
3786,158,-21.41,0.0,-34.26,5.43,False,0.0,0.0,0.0,22.59,16.57,21.97,49.88
3787,158,-26.34,0.0,-35.21,4.91,False,0.0,0.0,0.0,22.44,16.7,12.45,50.39
3788,158,-31.13,0.0,-36.0,4.59,False,0.0,0.0,0.0,21.91,18.4,10.69,50.87
3789,158,-35.44,0.0,-37.07,3.9,False,0.0,0.0,0.0,22.39,11.32,11.66,51.35
3790,158,-38.92,0.0,-38.2,4.05,False,0.0,0.0,0.0,21.92,11.57,11.31,52.48
3791,158,-41.19,0.0,-38.94,4.26,False,0.0,0.0,0.0,22.84,10.99,11.34,53.31
3792,159,-42.08,0.0,-39.54,3.44,False,0.0,0.0,0.0,22.68,10.93,12.58,53.22
3793,159,-41.28,0.0,-40.05,3.52,False,0.0,0.0,0.0,22.79,11.28,11.56,53.74
3794,159,-39.01,0.0,-40.43,4.96,False,0.0,0.0,0.0,23.33,13.25,10.86,55.19
3795,159,-35.53,0.0,-40.46,5.7,False,0.0,0.0,0.0,22.67,12.43,12.12,55.78
3796,159,-31.22,0.0,-40.19,6.24,False,0.0,0.0,0.0,22.72,11.48,12.07,55.95
3797,159,-26.43,0.0,-39.73,6.82,False,0.0,0.0,0.0,22.78,12.77,10.8,55.97
3798,159,-21.5,0.0,-39.34,6.68,False,0.0,0.0,0.0,21.99,11.78,10.66,55.49
3799,159,-16.74,0.0,-38.61,6.38,False,0.0,0.0,0.0,22.53,12.98,11.79,54.59
3800,159,-12.4,0.0,-37.71,5.59,False,0.0,0.0,0.0,21.53,19.27,11.48,53.17
3801,159,-8.74,0.0,-36.69,5.06,False,0.0,0.0,0.0,22.17,18.32,11.17,51.84
3802,159,-5.95,0.0,-35.75,5.57,False,0.0,0.0,0.0,22.63,17.58,22.74,51.35
3803,159,-4.2,0.0,-34.96,5.74,False,0.0,0.0,0.0,22.37,18.06,21.59,50.74
3804,159,-3.61,0.0,-34.12,6.48,False,0.0,0.0,0.0,21.86,17.51,22.3,50.47
3805,159,-4.2,0.0,-33.58,6.6,False,0.0,0.0,0.0,22.05,16.03,22.82,50.06
3806,159,-5.95,0.0,-33.11,7.53,False,0.0,0.0,0.0,21.54,16.98,21.76,50.24
3807,159,-8.74,0.0,-33.09,7.24,False,0.0,0.0,0.0,21.97,16.74,20.72,50.03
3808,159,-12.4,0.0,-33.24,7.23,False,0.0,0.0,0.0,23.16,16.96,21.72,50.16
3809,159,-16.74,0.0,-33.81,7.08,False,0.0,0.0,0.0,22.8,18.93,22.13,50.59
3810,159,-21.5,0.0,-34.3,7.69,False,0.0,0.0,0.0,22.14,18.4,22.7,51.48
3811,159,-26.43,0.0,-34.96,9.3,False,0.0,0.0,0.0,22.26,17.85,11.14,53.24
3812,159,-31.22,0.0,-35.78,9.78,False,0.0,0.0,0.0,21.9,18.15,12.71,54.37
3813,159,-35.53,0.0,-36.75,10.06,False,0.0,0.0,0.0,22.09,10.39,10.59,55.52
3814,159,-39.01,0.0,-37.73,9.64,False,0.0,0.0,0.0,22.67,12.48,11.61,56.17
3815,159,-41.28,0.0,-38.49,9.24,False,0.0,0.0,0.0,22.41,12.65,11.33,56.61
3816,160,-42.16,0.0,-39.43,9.91,False,0.0,0.0,0.0,23.09,10.11,12.44,58.02
3817,160,-41.37,0.0,-40.01,8.89,False,0.0,0.0,0.0,23.43,12.51,10.47,57.81
3818,160,-39.09,0.0,-40.32,7.23,False,0.0,0.0,0.0,22.97,10.76,11.8,56.83
3819,160,-35.62,0.0,-40.15,7.06,False,0.0,0.0,0.0,22.86,10.32,11.33,56.55
3820,160,-31.3,0.0,-39.82,6.4,False,0.0,0.0,0.0,22.11,12.96,12.57,55.72
3821,160,-26.51,0.0,-39.43,6.78,False,0.0,0.0,0.0,23.03,11.09,10.92,55.66
3822,160,-21.58,0.0,-38.91,5.78,False,0.0,0.0,0.0,22.21,11.33,11.79,54.42
3823,160,-16.82,0.0,-38.13,5.59,False,0.0,0.0,0.0,22.41,12.69,10.91,53.56
3824,160,-12.48,0.0,-37.4,5.45,False,0.0,0.0,0.0,22.87,17.26,11.63,52.78
3825,160,-8.82,0.0,-36.36,6.72,False,0.0,0.0,0.0,22.77,17.36,11.24,52.73
3826,160,-6.03,0.0,-35.36,7.88,False,0.0,0.0,0.0,22.06,17.34,21.73,52.61
3827,160,-4.29,0.0,-34.38,8.57,False,0.0,0.0,0.0,21.96,17.78,20.61,52.17
3828,160,-3.7,0.0,-33.64,8.25,False,0.0,0.0,0.0,21.76,17.32,22.29,51.24
3829,160,-4.29,0.0,-32.84,9.01,False,0.0,0.0,0.0,21.46,17.59,21.24,50.98
3830,160,-6.03,0.0,-32.58,9.76,False,0.0,0.0,0.0,21.66,17.1,21.22,51.24
3831,160,-8.82,0.0,-32.39,8.11,False,0.0,0.0,0.0,21.24,17.78,20.91,49.95
3832,160,-12.48,0.0,-32.69,6.95,False,0.0,0.0,0.0,22.2,17.75,21.26,49.46
3833,160,-16.82,0.0,-32.98,6.0,False,0.0,0.0,0.0,22.12,19.02,22.35,49.09
3834,160,-21.58,0.0,-33.31,5.59,False,0.0,0.0,0.0,22.22,17.19,22.32,49.12
3835,160,-26.51,0.0,-33.88,7.33,False,0.0,0.0,0.0,21.68,17.35,11.96,50.84
3836,160,-31.3,0.0,-34.87,6.51,False,0.0,0.0,0.0,21.71,17.69,10.78,51.2
3837,160,-35.62,0.0,-35.81,6.91,False,0.0,0.0,0.0,22.32,12.67,11.65,52.36
3838,160,-39.09,0.0,-36.64,7.48,False,0.0,0.0,0.0,22.42,11.03,11.07,53.54
3839,160,-41.37,0.0,-37.63,7.41,False,0.0,0.0,0.0,22.46,11.98,12.17,54.42
3840,161,-42.24,0.0,-38.34,8.14,False,0.0,0.0,0.0,22.49,9.89,11.8,55.65
3841,161,-41.45,0.0,-39.0,5.32,False,0.0,0.0,0.0,23.36,11.68,11.04,54.15
3842,161,-39.17,0.0,-39.4,6.72,False,0.0,0.0,0.0,22.9,12.76,12.23,55.58
3843,161,-35.7,0.0,-39.51,6.54,False,0.0,0.0,0.0,23.53,11.32,11.86,55.55
3844,161,-31.38,0.0,-39.61,6.77,False,0.0,0.0,0.0,23.26,12.04,10.53,55.82
3845,161,-26.59,0.0,-39.13,7.49,False,0.0,0.0,0.0,23.38,11.48,10.33,55.9
3846,161,-21.66,0.0,-38.64,8.24,False,0.0,0.0,0.0,22.21,11.21,10.56,56.0
3847,161,-16.9,0.0,-38.07,9.52,False,0.0,0.0,0.0,22.81,12.68,12.65,56.41
3848,161,-12.56,0.0,-37.35,9.16,False,0.0,0.0,0.0,22.31,16.66,10.79,55.44
3849,161,-8.9,0.0,-36.37,9.25,False,0.0,0.0,0.0,21.7,17.73,12.81,54.56
3850,161,-6.11,0.0,-35.2,9.1,False,0.0,0.0,0.0,22.82,17.75,21.25,53.33
3851,161,-4.37,0.0,-34.45,9.22,False,0.0,0.0,0.0,22.02,16.82,21.18,52.68
3852,161,-3.78,0.0,-33.45,9.17,False,0.0,0.0,0.0,21.59,17.62,22.62,51.68
3853,161,-4.37,0.0,-32.93,7.79,False,0.0,0.0,0.0,21.79,16.75,22.65,50.25
3854,161,-6.11,0.0,-32.52,7.42,False,0.0,0.0,0.0,21.58,17.92,22.39,49.61
3855,161,-8.9,0.0,-32.67,8.13,False,0.0,0.0,0.0,21.64,16.45,22.47,50.23
3856,161,-12.56,0.0,-33.01,8.01,False,0.0,0.0,0.0,21.87,17.23,21.44,50.47
3857,161,-16.9,0.0,-33.35,7.23,False,0.0,0.0,0.0,22.69,17.3,22.58,50.26
3858,161,-21.66,0.0,-33.76,6.26,False,0.0,0.0,0.0,21.78,18.39,22.17,49.98
3859,161,-26.59,0.0,-34.33,7.13,False,0.0,0.0,0.0,22.78,17.61,11.24,51.12
3860,161,-31.38,0.0,-35.09,10.06,False,0.0,0.0,0.0,22.55,18.26,11.57,53.9
3861,161,-35.7,0.0,-36.3,9.52,False,0.0,0.0,0.0,22.51,12.34,12.24,54.69
3862,161,-39.17,0.0,-37.1,9.15,False,0.0,0.0,0.0,22.75,12.34,11.77,55.2
3863,161,-41.45,0.0,-38.11,8.86,False,0.0,0.0,0.0,22.58,11.63,9.99,55.95
3864,162,-42.32,0.0,-38.92,8.13,False,0.0,0.0,0.0,23.19,12.72,12.12,56.19
3865,162,-41.52,0.0,-39.82,8.05,False,0.0,0.0,0.0,23.01,11.62,12.07,56.99
3866,162,-39.25,0.0,-40.23,5.38,False,0.0,0.0,0.0,22.16,10.52,11.23,55.33
3867,162,-35.77,0.0,-40.35,4.9,False,0.0,0.0,0.0,22.96,11.73,11.58,55.07
3868,162,-31.45,0.0,-40.01,5.73,False,0.0,0.0,0.0,23.11,12.26,11.58,55.4
3869,162,-26.66,0.0,-39.85,6.75,False,0.0,0.0,0.0,22.67,10.61,10.11,56.02
3870,162,-21.73,0.0,-39.36,7.23,False,0.0,0.0,0.0,22.77,11.19,11.22,55.93
3871,162,-16.97,0.0,-38.76,6.88,False,0.0,0.0,0.0,22.41,10.92,11.25,55.1
3872,162,-12.63,0.0,-37.7,8.56,False,0.0,0.0,0.0,21.97,18.13,11.39,55.34
3873,162,-8.97,0.0,-36.67,8.84,False,0.0,0.0,0.0,21.78,18.84,11.13,54.56
3874,162,-6.19,0.0,-35.68,8.99,False,0.0,0.0,0.0,21.67,17.33,22.46,53.71
3875,162,-4.45,0.0,-34.77,8.46,False,0.0,0.0,0.0,22.44,17.93,21.43,52.47
3876,162,-3.85,0.0,-34.32,9.43,False,0.0,0.0,0.0,21.12,17.9,22.64,52.7
3877,162,-4.45,0.0,-33.73,10.19,False,0.0,0.0,0.0,21.78,18.74,22.43,52.65
3878,162,-6.19,0.0,-33.26,8.72,False,0.0,0.0,0.0,21.68,16.98,22.95,51.19
3879,162,-8.97,0.0,-32.94,9.67,False,0.0,0.0,0.0,21.84,17.32,23.21,51.53
3880,162,-12.63,0.0,-32.9,10.31,False,0.0,0.0,0.0,21.21,17.23,23.22,51.92
3881,162,-16.97,0.0,-33.22,10.52,False,0.0,0.0,0.0,22.15,17.56,21.17,52.37
3882,162,-21.73,0.0,-33.72,9.52,False,0.0,0.0,0.0,21.54,19.5,22.24,52.18
3883,162,-26.66,0.0,-34.48,8.85,False,0.0,0.0,0.0,22.59,17.52,11.0,52.45
3884,162,-31.45,0.0,-35.27,9.04,False,0.0,0.0,0.0,21.98,16.82,13.8,53.34
3885,162,-35.77,0.0,-36.03,8.55,False,0.0,0.0,0.0,22.29,10.98,11.93,53.74
3886,162,-39.25,0.0,-37.24,6.89,False,0.0,0.0,0.0,22.47,12.9,12.49,53.68
3887,162,-41.52,0.0,-37.93,5.91,False,0.0,0.0,0.0,22.65,11.21,11.8,53.61
3888,163,-42.39,0.0,-38.81,6.67,False,0.0,0.0,0.0,22.67,12.43,9.66,54.98
3889,163,-41.59,0.0,-39.07,6.42,False,0.0,0.0,0.0,22.52,11.36,10.95,55.04
3890,163,-39.31,0.0,-39.6,5.94,False,0.0,0.0,0.0,22.89,10.89,11.02,55.17
3891,163,-35.83,0.0,-39.53,6.14,False,0.0,0.0,0.0,22.93,12.38,11.23,55.26
3892,163,-31.51,0.0,-39.34,6.78,False,0.0,0.0,0.0,22.41,11.4,11.75,55.56
3893,163,-26.72,0.0,-39.07,6.87,False,0.0,0.0,0.0,22.86,12.24,11.85,55.38
3894,163,-21.79,0.0,-38.63,6.03,False,0.0,0.0,0.0,23.11,12.3,9.66,54.33
3895,163,-17.03,0.0,-37.9,5.97,False,0.0,0.0,0.0,22.83,12.34,11.33,53.62
3896,163,-12.7,0.0,-37.19,5.58,False,0.0,0.0,0.0,22.84,17.29,11.16,52.67
3897,163,-9.04,0.0,-36.28,5.23,False,0.0,0.0,0.0,22.42,18.05,12.47,51.59
3898,163,-6.25,0.0,-35.38,5.13,False,0.0,0.0,0.0,21.87,16.76,22.41,50.69
3899,163,-4.51,0.0,-34.59,5.39,False,0.0,0.0,0.0,21.83,15.54,21.87,50.15
3900,163,-3.92,0.0,-33.83,5.12,False,0.0,0.0,0.0,22.19,18.07,22.16,49.27
3901,163,-4.51,0.0,-32.98,5.03,False,0.0,0.0,0.0,22.33,17.63,20.82,48.43
3902,163,-6.25,0.0,-32.55,7.03,False,0.0,0.0,0.0,23.02,17.01,22.46,49.37
3903,163,-9.04,0.0,-32.22,6.87,False,0.0,0.0,0.0,22.26,16.32,21.72,48.96
3904,163,-12.7,0.0,-32.39,7.65,False,0.0,0.0,0.0,21.42,15.87,21.43,49.64
3905,163,-17.03,0.0,-32.54,8.87,False,0.0,0.0,0.0,21.6,17.54,22.92,50.59
3906,163,-21.79,0.0,-33.26,9.68,False,0.0,0.0,0.0,22.9,18.82,22.19,51.84
3907,163,-26.72,0.0,-34.03,10.6,False,0.0,0.0,0.0,22.0,17.39,11.03,53.23
3908,163,-31.51,0.0,-35.0,8.49,False,0.0,0.0,0.0,22.22,17.21,11.08,52.71
3909,163,-35.83,0.0,-35.88,8.87,False,0.0,0.0,0.0,21.92,11.88,11.76,53.82
3910,163,-39.31,0.0,-36.8,7.71,False,0.0,0.0,0.0,23.04,13.64,11.7,53.86
3911,163,-41.59,0.0,-37.68,7.66,False,0.0,0.0,0.0,22.72,12.5,11.52,54.66
3912,164,-42.45,0.0,-38.17,6.9,False,0.0,0.0,0.0,22.27,11.15,10.66,54.56
3913,164,-41.65,0.0,-38.61,7.04,False,0.0,0.0,0.0,22.24,11.92,10.76,55.08
3914,164,-39.37,0.0,-38.9,6.85,False,0.0,0.0,0.0,22.79,12.17,10.98,55.21
3915,164,-35.89,0.0,-39.08,7.36,False,0.0,0.0,0.0,22.71,11.05,11.36,55.76
3916,164,-31.57,0.0,-38.96,7.41,False,0.0,0.0,0.0,23.01,12.51,11.47,55.68
3917,164,-26.78,0.0,-38.66,7.0,False,0.0,0.0,0.0,22.86,11.25,11.39,55.1
3918,164,-21.85,0.0,-38.12,7.73,False,0.0,0.0,0.0,22.47,10.69,11.42,55.12
3919,164,-17.09,0.0,-37.21,6.99,False,0.0,0.0,0.0,22.25,11.96,12.82,53.73
3920,164,-12.76,0.0,-36.52,7.95,False,0.0,0.0,0.0,22.32,17.43,12.09,53.77
3921,164,-9.1,0.0,-35.86,8.29,False,0.0,0.0,0.0,22.08,17.5,12.33,53.38
3922,164,-6.31,0.0,-34.95,7.73,False,0.0,0.0,0.0,22.14,16.89,22.32,52.13
3923,164,-4.57,0.0,-34.27,8.47,False,0.0,0.0,0.0,22.12,17.0,22.05,51.99
3924,164,-3.98,0.0,-33.39,8.67,False,0.0,0.0,0.0,21.65,18.4,22.29,51.29
3925,164,-4.57,0.0,-33.07,9.49,False,0.0,0.0,0.0,22.22,17.85,22.16,51.53
3926,164,-6.31,0.0,-32.85,9.05,False,0.0,0.0,0.0,21.79,16.73,22.57,51.02
3927,164,-9.1,0.0,-32.85,7.83,False,0.0,0.0,0.0,21.61,15.94,21.32,50.2
3928,164,-12.76,0.0,-32.79,9.5,False,0.0,0.0,0.0,21.79,16.77,22.51,51.27
3929,164,-17.09,0.0,-32.92,8.36,False,0.0,0.0,0.0,22.05,17.63,22.12,50.62
3930,164,-21.85,0.0,-33.45,8.23,False,0.0,0.0,0.0,22.05,16.99,20.74,51.04
3931,164,-26.78,0.0,-34.31,6.65,False,0.0,0.0,0.0,22.29,16.93,11.56,50.77
3932,164,-31.57,0.0,-35.19,6.26,False,0.0,0.0,0.0,22.58,17.03,10.59,51.32
3933,164,-35.89,0.0,-35.86,6.56,False,0.0,0.0,0.0,22.83,11.84,11.13,52.15
3934,164,-39.37,0.0,-36.83,6.15,False,0.0,0.0,0.0,22.53,12.53,11.39,52.77
3935,164,-41.65,0.0,-37.41,6.43,False,0.0,0.0,0.0,22.06,11.9,10.45,53.5
3936,165,-42.5,0.0,-38.12,5.76,False,0.0,0.0,0.0,22.47,11.95,11.46,53.67
3937,165,-41.7,0.0,-38.83,6.64,False,0.0,0.0,0.0,22.26,11.72,11.55,54.99
3938,165,-39.42,0.0,-39.24,6.99,False,0.0,0.0,0.0,23.39,11.5,12.03,55.63
3939,165,-35.94,0.0,-39.58,6.73,False,0.0,0.0,0.0,23.54,12.62,11.18,55.76
3940,165,-31.62,0.0,-39.52,7.14,False,0.0,0.0,0.0,23.0,12.49,11.69,56.01
3941,165,-26.83,0.0,-39.02,7.53,False,0.0,0.0,0.0,23.03,13.54,11.43,55.83
3942,165,-21.9,0.0,-38.29,7.39,False,0.0,0.0,0.0,22.69,12.39,11.21,55.04
3943,165,-17.14,0.0,-37.64,8.36,False,0.0,0.0,0.0,22.66,11.5,10.33,55.14
3944,165,-12.81,0.0,-36.58,8.54,False,0.0,0.0,0.0,21.75,16.78,11.42,54.26
3945,165,-9.15,0.0,-35.81,9.0,False,0.0,0.0,0.0,22.27,18.26,12.02,53.85
3946,165,-6.37,0.0,-34.91,7.59,False,0.0,0.0,0.0,21.84,16.85,21.35,51.98
3947,165,-4.63,0.0,-34.03,7.36,False,0.0,0.0,0.0,22.2,18.15,21.85,51.0
3948,165,-4.03,0.0,-33.32,7.68,False,0.0,0.0,0.0,21.97,16.89,21.95,50.54
3949,165,-4.63,0.0,-32.83,6.7,False,0.0,0.0,0.0,22.72,17.78,22.77,49.42
3950,165,-6.37,0.0,-32.88,5.76,False,0.0,0.0,0.0,22.31,16.65,22.02,48.83
3951,165,-9.15,0.0,-32.65,4.72,False,0.0,0.0,0.0,22.03,18.12,22.2,47.92
3952,165,-12.81,0.0,-32.71,4.61,False,0.0,0.0,0.0,21.82,16.51,21.99,47.9
3953,165,-17.14,0.0,-33.11,3.88,False,0.0,0.0,0.0,22.64,17.72,21.66,47.77
3954,165,-21.9,0.0,-33.82,3.61,False,0.0,0.0,0.0,22.05,17.34,21.21,48.22
3955,165,-26.83,0.0,-34.63,4.05,False,0.0,0.0,0.0,22.29,17.58,11.3,49.25
3956,165,-31.62,0.0,-35.29,4.11,False,0.0,0.0,0.0,22.25,17.18,11.78,49.89
3957,165,-35.94,0.0,-36.09,4.9,False,0.0,0.0,0.0,22.17,11.56,11.59,51.18
3958,165,-39.42,0.0,-36.86,5.01,False,0.0,0.0,0.0,22.44,12.02,12.54,51.96
3959,165,-41.7,0.0,-37.66,6.6,False,0.0,0.0,0.0,21.73,11.1,12.16,53.86
3960,166,-42.55,0.0,-38.33,8.39,False,0.0,0.0,0.0,21.98,11.09,12.37,55.83
3961,166,-41.75,0.0,-38.74,7.6,False,0.0,0.0,0.0,22.79,11.61,10.08,55.62
3962,166,-39.47,0.0,-38.93,8.72,False,0.0,0.0,0.0,23.3,11.58,12.61,56.65
3963,166,-35.99,0.0,-38.86,7.59,False,0.0,0.0,0.0,22.8,11.1,11.69,55.72
3964,166,-31.66,0.0,-38.66,9.28,False,0.0,0.0,0.0,22.35,12.64,11.79,56.81
3965,166,-26.87,0.0,-38.04,8.15,False,0.0,0.0,0.0,21.99,11.63,12.13,55.37
3966,166,-21.94,0.0,-37.69,6.2,False,0.0,0.0,0.0,22.84,11.72,11.51,53.6
3967,166,-17.18,0.0,-36.94,6.4,False,0.0,0.0,0.0,22.21,10.84,10.75,53.05
3968,166,-12.85,0.0,-36.23,5.44,False,0.0,0.0,0.0,22.61,19.16,12.51,51.7
3969,166,-9.19,0.0,-35.37,6.2,False,0.0,0.0,0.0,22.4,19.44,10.96,51.44
3970,166,-6.41,0.0,-34.48,5.42,False,0.0,0.0,0.0,22.33,16.88,21.31,50.07
3971,166,-4.67,0.0,-33.71,5.33,False,0.0,0.0,0.0,22.06,18.48,21.84,49.31
3972,166,-4.08,0.0,-33.18,6.01,False,0.0,0.0,0.0,22.14,17.43,21.73,49.28
3973,166,-4.67,0.0,-32.78,5.6,False,0.0,0.0,0.0,21.89,18.78,22.0,48.64
3974,166,-6.41,0.0,-32.44,5.95,False,0.0,0.0,0.0,21.64,17.77,21.93,48.56
3975,166,-9.19,0.0,-32.55,5.42,False,0.0,0.0,0.0,21.52,17.58,22.94,48.3
3976,166,-12.85,0.0,-32.56,5.73,False,0.0,0.0,0.0,20.95,15.5,22.32,48.51
3977,166,-17.18,0.0,-33.25,5.15,False,0.0,0.0,0.0,21.92,16.8,21.4,48.76
3978,166,-21.94,0.0,-33.81,5.5,False,0.0,0.0,0.0,22.66,17.52,21.5,49.51
3979,166,-26.87,0.0,-34.65,5.91,False,0.0,0.0,0.0,22.45,17.66,11.23,50.57
3980,166,-31.66,0.0,-35.7,5.88,False,0.0,0.0,0.0,22.38,16.53,11.23,51.52
3981,166,-35.99,0.0,-36.39,6.82,False,0.0,0.0,0.0,22.07,11.32,11.14,52.84
3982,166,-39.47,0.0,-37.3,6.14,False,0.0,0.0,0.0,22.87,12.34,10.73,53.19
3983,166,-41.75,0.0,-38.13,6.61,False,0.0,0.0,0.0,22.53,10.79,11.7,54.31
3984,167,-42.59,0.0,-38.86,6.6,False,0.0,0.0,0.0,23.29,12.01,11.18,54.99
3985,167,-41.79,0.0,-39.43,6.84,False,0.0,0.0,0.0,22.34,12.89,10.83,55.7
3986,167,-39.51,0.0,-39.5,6.97,False,0.0,0.0,0.0,22.44,12.21,11.84,55.86
3987,167,-36.02,0.0,-39.99,6.83,False,0.0,0.0,0.0,22.46,12.17,12.09,56.22
3988,167,-31.7,0.0,-39.96,7.2,False,0.0,0.0,0.0,22.2,10.28,11.33,56.47
3989,167,-26.91,0.0,-39.89,6.42,False,0.0,0.0,0.0,22.41,11.24,12.75,55.81
3990,167,-21.98,0.0,-39.32,6.21,False,0.0,0.0,0.0,22.76,13.54,13.05,55.12
3991,167,-17.22,0.0,-38.74,5.41,False,0.0,0.0,0.0,22.36,11.42,11.85,53.97
3992,167,-12.89,0.0,-37.89,5.2,False,0.0,0.0,0.0,21.0,18.51,11.17,53.04
3993,167,-9.23,0.0,-37.08,5.2,False,0.0,0.0,0.0,22.88,17.01,11.69,52.3
3994,167,-6.45,0.0,-36.41,5.69,False,0.0,0.0,0.0,21.7,17.28,21.14,52.04
3995,167,-4.71,0.0,-35.79,7.48,False,0.0,0.0,0.0,22.53,17.91,21.39,52.74
3996,167,-4.12,0.0,-35.26,6.75,False,0.0,0.0,0.0,22.24,17.58,20.82,51.72
3997,167,-4.71,0.0,-34.82,7.44,False,0.0,0.0,0.0,23.03,17.81,21.56,51.79
3998,167,-6.45,0.0,-34.45,8.1,False,0.0,0.0,0.0,22.53,16.85,21.14,51.9
3999,167,-9.23,0.0,-34.55,7.4,False,0.0,0.0,0.0,21.94,16.59,22.44,51.51
4000,167,-12.89,0.0,-34.77,7.11,False,0.0,0.0,0.0,21.89,16.79,21.48,51.52
4001,167,-17.22,0.0,-35.52,6.72,False,0.0,0.0,0.0,22.86,17.07,22.19,51.94
4002,167,-21.98,0.0,-35.93,8.43,False,0.0,0.0,0.0,21.72,17.32,22.52,53.55
4003,167,-26.91,0.0,-36.4,7.52,False,0.0,0.0,0.0,22.44,18.33,12.32,53.35
4004,167,-31.7,0.0,-37.12,6.92,False,0.0,0.0,0.0,22.4,17.57,11.25,53.59
4005,167,-36.02,0.0,-38.24,8.18,False,0.0,0.0,0.0,22.45,12.29,11.72,55.57
4006,167,-39.51,0.0,-38.94,7.98,False,0.0,0.0,0.0,22.81,12.01,11.74,56.09
4007,167,-41.79,0.0,-40.02,8.42,False,0.0,0.0,0.0,22.88,11.01,12.39,57.46
4008,168,-42.62,0.0,-40.65,6.66,False,0.0,0.0,0.0,23.06,11.91,12.05,56.7
4009,168,-41.82,0.0,-41.07,7.87,False,0.0,0.0,0.0,22.98,12.0,12.41,58.03
4010,168,-39.54,0.0,-41.37,8.45,False,0.0,0.0,0.0,23.13,12.51,10.33,58.78
4011,168,-36.06,0.0,-41.09,6.89,False,0.0,0.0,0.0,22.97,11.05,11.04,57.29
4012,168,-31.73,0.0,-40.98,6.61,False,0.0,0.0,0.0,22.65,10.27,12.22,56.97
4013,168,-26.94,0.0,-40.33,5.91,False,0.0,0.0,0.0,22.84,12.04,11.91,55.83
4014,168,-22.01,0.0,-39.98,6.22,False,0.0,0.0,0.0,22.51,12.18,11.41,55.74
4015,168,-17.25,0.0,-39.21,5.68,False,0.0,0.0,0.0,22.39,11.76,11.17,54.62
4016,168,-12.92,0.0,-38.72,5.81,False,0.0,0.0,0.0,22.51,17.52,12.05,54.26
4017,168,-9.26,0.0,-38.16,6.66,False,0.0,0.0,0.0,22.53,18.2,10.11,54.37
4018,168,-6.49,0.0,-37.26,7.39,False,0.0,0.0,0.0,22.49,17.13,22.55,54.07
4019,168,-4.75,0.0,-36.34,6.95,False,0.0,0.0,0.0,22.73,17.28,22.06,52.88
4020,168,-4.15,0.0,-35.69,7.09,False,0.0,0.0,0.0,22.08,17.56,21.66,52.37
4021,168,-4.75,0.0,-35.19,9.07,False,0.0,0.0,0.0,22.3,16.52,22.35,53.3
4022,168,-6.49,0.0,-35.01,9.79,False,0.0,0.0,0.0,22.25,17.38,21.73,53.63
4023,168,-9.26,0.0,-34.73,8.92,False,0.0,0.0,0.0,21.92,17.45,22.02,52.75
4024,168,-12.92,0.0,-34.83,8.68,False,0.0,0.0,0.0,22.21,18.81,21.97,52.67
4025,168,-17.25,0.0,-35.04,8.25,False,0.0,0.0,0.0,22.61,17.26,22.52,52.57
4026,168,-22.01,0.0,-35.46,7.7,False,0.0,0.0,0.0,22.33,17.66,22.11,52.58
4027,168,-26.94,0.0,-35.97,5.72,False,0.0,0.0,0.0,22.41,18.23,10.16,51.65
4028,168,-31.73,0.0,-36.87,4.37,False,0.0,0.0,0.0,22.14,16.83,10.53,51.51
4029,168,-36.06,0.0,-37.63,5.94,False,0.0,0.0,0.0,23.3,13.0,10.74,53.35
4030,168,-39.54,0.0,-38.0,5.81,False,0.0,0.0,0.0,22.3,13.31,11.82,53.59
4031,168,-41.82,0.0,-38.68,8.04,False,0.0,0.0,0.0,21.97,11.88,11.89,55.89
4032,169,-42.65,0.0,-39.32,9.35,False,0.0,0.0,0.0,23.06,11.47,12.67,57.5
4033,169,-41.85,0.0,-39.91,9.58,False,0.0,0.0,0.0,22.74,13.2,10.79,58.24
4034,169,-39.57,0.0,-40.15,10.31,False,0.0,0.0,0.0,22.7,12.54,12.42,59.04
4035,169,-36.08,0.0,-40.16,12.19,False,0.0,0.0,0.0,22.6,11.97,10.14,60.48
4036,169,-31.76,0.0,-40.11,12.19,False,0.0,0.0,0.0,23.56,13.04,11.51,60.43
4037,169,-26.96,0.0,-39.85,11.13,False,0.0,0.0,0.0,22.92,12.96,11.67,59.36
4038,169,-22.04,0.0,-39.31,11.86,False,0.0,0.0,0.0,22.94,11.63,11.67,59.39
4039,169,-17.27,0.0,-38.74,11.32,False,0.0,0.0,0.0,22.71,12.1,11.28,58.41
4040,169,-12.95,0.0,-37.76,11.34,False,0.0,0.0,0.0,22.64,17.96,11.58,57.45
4041,169,-9.29,0.0,-36.63,9.56,False,0.0,0.0,0.0,22.96,17.52,10.64,55.04
4042,169,-6.51,0.0,-35.93,10.41,False,0.0,0.0,0.0,22.21,16.39,22.61,54.97
4043,169,-4.77,0.0,-35.01,9.44,False,0.0,0.0,0.0,21.62,16.75,22.17,53.38
4044,169,-4.18,0.0,-34.29,8.33,False,0.0,0.0,0.0,22.46,16.41,22.25,51.92
4045,169,-4.77,0.0,-33.82,9.32,False,0.0,0.0,0.0,22.26,17.89,21.8,52.14
4046,169,-6.51,0.0,-33.44,8.54,False,0.0,0.0,0.0,22.06,16.55,21.77,51.25
4047,169,-9.29,0.0,-33.63,7.98,False,0.0,0.0,0.0,22.22,17.65,22.37,51.04
4048,169,-12.95,0.0,-33.91,6.35,False,0.0,0.0,0.0,21.92,18.97,23.11,50.19
4049,169,-17.27,0.0,-34.3,6.56,False,0.0,0.0,0.0,22.12,18.64,21.02,50.7
4050,169,-22.04,0.0,-34.62,6.46,False,0.0,0.0,0.0,22.1,16.03,20.99,50.93
4051,169,-26.96,0.0,-35.29,6.19,False,0.0,0.0,0.0,22.0,16.48,11.69,51.36
4052,169,-31.76,0.0,-35.63,6.52,False,0.0,0.0,0.0,22.75,16.88,11.27,51.91
4053,169,-36.08,0.0,-36.3,6.34,False,0.0,0.0,0.0,21.79,10.96,11.59,52.4
4054,169,-39.57,0.0,-37.3,6.41,False,0.0,0.0,0.0,23.42,10.58,11.48,53.39
4055,169,-41.85,0.0,-38.3,6.1,False,0.0,0.0,0.0,22.95,11.89,11.94,54.08
4056,170,-42.67,0.0,-38.94,5.34,False,0.0,0.0,0.0,21.96,12.46,11.3,54.12
4057,170,-41.87,0.0,-39.5,4.79,False,0.0,0.0,0.0,22.65,12.66,10.65,54.2
4058,170,-39.59,0.0,-39.72,5.01,False,0.0,0.0,0.0,22.7,11.52,10.95,54.58
4059,170,-36.1,0.0,-39.9,5.57,False,0.0,0.0,0.0,22.94,11.68,11.39,55.17
4060,170,-31.78,0.0,-40.1,5.34,False,0.0,0.0,0.0,22.42,12.18,10.62,55.18
4061,170,-26.98,0.0,-39.66,5.23,False,0.0,0.0,0.0,22.77,11.81,11.47,54.69
4062,170,-22.05,0.0,-39.23,6.55,False,0.0,0.0,0.0,22.66,12.55,11.54,55.29
4063,170,-17.29,0.0,-38.62,6.74,False,0.0,0.0,0.0,22.34,12.24,11.25,54.86
4064,170,-12.96,0.0,-37.9,7.81,False,0.0,0.0,0.0,22.2,17.2,11.65,54.98
4065,170,-9.31,0.0,-36.99,7.65,False,0.0,0.0,0.0,22.81,16.01,10.37,53.99
4066,170,-6.53,0.0,-36.71,7.92,False,0.0,0.0,0.0,21.73,18.7,21.33,53.93
4067,170,-4.79,0.0,-35.8,8.27,False,0.0,0.0,0.0,22.49,16.95,21.2,53.31
4068,170,-4.2,0.0,-35.23,7.84,False,0.0,0.0,0.0,22.55,17.79,22.62,52.47
4069,170,-4.79,0.0,-34.56,7.4,False,0.0,0.0,0.0,22.06,15.97,23.61,51.53
4070,170,-6.53,0.0,-34.27,5.53,False,0.0,0.0,0.0,22.13,17.49,21.38,49.95
4071,170,-9.31,0.0,-34.1,4.6,False,0.0,0.0,0.0,22.56,17.58,21.84,49.15
4072,170,-12.96,0.0,-34.28,5.4,False,0.0,0.0,0.0,21.83,17.62,21.51,49.87
4073,170,-17.29,0.0,-34.6,5.76,False,0.0,0.0,0.0,21.91,19.91,22.15,50.42
4074,170,-22.05,0.0,-34.97,4.69,False,0.0,0.0,0.0,22.0,17.0,21.57,50.02
4075,170,-26.98,0.0,-35.8,5.76,False,0.0,0.0,0.0,22.76,18.16,11.7,51.52
4076,170,-31.78,0.0,-36.58,6.3,False,0.0,0.0,0.0,22.91,17.92,11.97,52.63
4077,170,-36.1,0.0,-37.36,6.86,False,0.0,0.0,0.0,21.92,11.36,10.64,53.77
4078,170,-39.59,0.0,-38.25,5.86,False,0.0,0.0,0.0,22.99,12.54,11.69,53.87
4079,170,-41.87,0.0,-39.02,5.93,False,0.0,0.0,0.0,23.01,11.77,10.24,54.63
4080,171,-42.68,0.0,-39.76,8.46,False,0.0,0.0,0.0,23.39,12.6,11.32,57.25
4081,171,-41.88,0.0,-40.17,7.38,False,0.0,0.0,0.0,22.97,13.47,11.27,56.81
4082,171,-39.6,0.0,-40.51,7.16,False,0.0,0.0,0.0,22.84,12.02,11.34,56.95
4083,171,-36.11,0.0,-40.67,6.72,False,0.0,0.0,0.0,23.34,11.68,11.28,56.77
4084,171,-31.79,0.0,-40.59,6.78,False,0.0,0.0,0.0,23.15,12.74,11.15,56.74
4085,171,-26.99,0.0,-40.15,6.5,False,0.0,0.0,0.0,23.72,13.02,11.31,56.12
4086,171,-22.06,0.0,-39.6,5.63,False,0.0,0.0,0.0,23.14,11.19,11.67,54.94
4087,171,-17.3,0.0,-38.84,7.38,False,0.0,0.0,0.0,22.72,11.54,11.69,55.55
4088,171,-12.98,0.0,-38.2,7.24,False,0.0,0.0,0.0,22.11,18.04,11.58,54.83
4089,171,-9.32,0.0,-37.5,7.73,False,0.0,0.0,0.0,22.27,17.39,11.1,54.54
4090,171,-6.54,0.0,-36.48,8.37,False,0.0,0.0,0.0,21.8,16.74,22.76,54.04
4091,171,-4.8,0.0,-35.6,8.6,False,0.0,0.0,0.0,22.19,17.93,23.07,53.36
4092,171,-4.21,0.0,-34.93,7.86,False,0.0,0.0,0.0,22.56,18.04,21.1,52.19
4093,171,-4.8,0.0,-34.27,6.37,False,0.0,0.0,0.0,22.11,17.23,22.11,50.54
4094,171,-6.54,0.0,-34.07,6.84,False,0.0,0.0,0.0,22.5,17.55,21.67,50.68
4095,171,-9.32,0.0,-33.76,6.61,False,0.0,0.0,0.0,22.19,17.04,22.65,50.23
4096,171,-12.98,0.0,-33.82,6.95,False,0.0,0.0,0.0,21.9,16.62,21.99,50.52
4097,171,-17.3,0.0,-33.91,7.42,False,0.0,0.0,0.0,22.1,17.1,22.04,50.92
4098,171,-22.06,0.0,-34.41,6.89,False,0.0,0.0,0.0,22.32,17.56,22.35,51.03
4099,171,-26.99,0.0,-35.14,6.67,False,0.0,0.0,0.0,22.27,16.32,11.29,51.56
4100,171,-31.79,0.0,-36.02,7.65,False,0.0,0.0,0.0,22.38,17.16,12.67,53.08
4101,171,-36.11,0.0,-37.05,7.86,False,0.0,0.0,0.0,22.14,11.97,11.86,54.21
4102,171,-39.6,0.0,-37.75,8.05,False,0.0,0.0,0.0,22.36,12.86,12.15,55.01
4103,171,-41.88,0.0,-38.7,6.73,False,0.0,0.0,0.0,23.55,11.65,11.35,54.93
4104,172,-42.68,0.0,-39.33,7.4,False,0.0,0.0,0.0,23.21,10.9,11.41,56.02
4105,172,-41.89,0.0,-39.8,8.2,False,0.0,0.0,0.0,22.19,11.73,12.07,57.08
4106,172,-39.6,0.0,-40.09,8.01,False,0.0,0.0,0.0,21.86,11.45,12.0,57.22
4107,172,-36.12,0.0,-40.29,7.24,False,0.0,0.0,0.0,22.87,12.34,10.63,56.82
4108,172,-31.79,0.0,-40.27,6.06,False,0.0,0.0,0.0,23.19,11.63,11.59,55.89
4109,172,-27.0,0.0,-39.95,6.73,False,0.0,0.0,0.0,22.59,9.73,11.83,56.1
4110,172,-22.07,0.0,-39.43,7.47,False,0.0,0.0,0.0,23.14,14.85,11.41,56.17
4111,172,-17.31,0.0,-38.87,8.53,False,0.0,0.0,0.0,22.69,12.01,11.77,56.44
4112,172,-12.98,0.0,-37.99,9.6,False,0.0,0.0,0.0,22.49,17.57,11.44,56.39
4113,172,-9.33,0.0,-37.38,11.58,False,0.0,0.0,0.0,22.79,16.27,9.93,57.24
4114,172,-6.55,0.0,-36.49,10.94,False,0.0,0.0,0.0,22.17,16.33,21.08,55.89
4115,172,-4.81,0.0,-35.71,10.24,False,0.0,0.0,0.0,22.17,17.43,22.68,54.63
4116,172,-4.22,0.0,-34.89,8.85,False,0.0,0.0,0.0,22.45,17.77,21.83,52.85
4117,172,-4.81,0.0,-34.41,7.49,False,0.0,0.0,0.0,22.12,18.06,22.13,51.45
4118,172,-6.55,0.0,-34.17,6.32,False,0.0,0.0,0.0,22.86,17.69,22.0,50.41
4119,172,-9.33,0.0,-33.91,5.93,False,0.0,0.0,0.0,22.35,16.55,21.42,49.91
4120,172,-12.98,0.0,-33.9,6.48,False,0.0,0.0,0.0,22.32,15.5,21.67,50.27
4121,172,-17.31,0.0,-34.26,7.54,False,0.0,0.0,0.0,22.09,17.42,22.23,51.33
4122,172,-22.07,0.0,-34.84,9.13,False,0.0,0.0,0.0,22.53,17.07,22.3,53.0
4123,172,-27.0,0.0,-35.39,9.32,False,0.0,0.0,0.0,22.12,16.49,13.03,53.67
4124,172,-31.79,0.0,-35.97,7.95,False,0.0,0.0,0.0,22.43,18.16,11.17,53.25
4125,172,-36.12,0.0,-36.67,7.0,False,0.0,0.0,0.0,22.03,10.64,12.67,53.23
4126,172,-39.6,0.0,-37.57,7.32,False,0.0,0.0,0.0,22.92,12.39,10.9,54.3
4127,172,-41.89,0.0,-38.44,7.24,False,0.0,0.0,0.0,22.73,10.77,11.84,55.07
4128,173,-42.68,0.0,-39.38,6.15,False,0.0,0.0,0.0,23.52,12.01,11.62,55.13
4129,173,-41.88,0.0,-39.94,5.22,False,0.0,0.0,0.0,23.75,12.65,11.41,54.94
4130,173,-39.6,0.0,-40.17,7.81,False,0.0,0.0,0.0,23.13,11.63,11.5,57.13
4131,173,-36.11,0.0,-40.5,7.95,False,0.0,0.0,0.0,22.89,13.25,11.06,57.56
4132,173,-31.79,0.0,-40.21,8.11,False,0.0,0.0,0.0,22.45,13.43,12.13,57.4
4133,173,-27.0,0.0,-40.1,9.21,False,0.0,0.0,0.0,23.17,12.09,10.91,58.15
4134,173,-22.07,0.0,-39.46,8.73,False,0.0,0.0,0.0,22.82,12.33,11.72,57.16
4135,173,-17.31,0.0,-38.82,9.2,False,0.0,0.0,0.0,22.87,12.75,12.03,56.89
4136,173,-12.98,0.0,-37.98,7.91,False,0.0,0.0,0.0,23.25,17.94,12.47,55.13
4137,173,-9.32,0.0,-37.05,7.45,False,0.0,0.0,0.0,22.12,17.85,12.18,53.92
4138,173,-6.55,0.0,-36.2,8.08,False,0.0,0.0,0.0,21.97,17.08,22.4,53.56
4139,173,-4.81,0.0,-35.36,6.48,False,0.0,0.0,0.0,22.15,16.15,21.55,51.63
4140,173,-4.22,0.0,-34.8,6.15,False,0.0,0.0,0.0,22.5,16.39,21.45,50.87
4141,173,-4.81,0.0,-34.51,6.69,False,0.0,0.0,0.0,22.36,19.41,21.2,50.99
4142,173,-6.55,0.0,-34.24,5.58,False,0.0,0.0,0.0,21.75,17.76,21.14,49.96
4143,173,-9.32,0.0,-34.18,6.45,False,0.0,0.0,0.0,22.4,17.3,22.0,50.51
4144,173,-12.98,0.0,-34.11,6.11,False,0.0,0.0,0.0,21.61,18.51,21.49,50.21
4145,173,-17.31,0.0,-34.34,7.52,False,0.0,0.0,0.0,21.79,16.9,22.84,51.4
4146,173,-22.07,0.0,-35.22,8.97,False,0.0,0.0,0.0,22.18,17.97,21.59,53.25
4147,173,-27.0,0.0,-35.8,8.41,False,0.0,0.0,0.0,22.08,17.56,11.57,53.41
4148,173,-31.79,0.0,-36.62,9.5,False,0.0,0.0,0.0,22.75,17.87,11.31,54.98
4149,173,-36.11,0.0,-37.39,9.26,False,0.0,0.0,0.0,22.6,11.63,10.52,55.55
4150,173,-39.6,0.0,-38.18,9.31,False,0.0,0.0,0.0,23.29,11.13,12.26,56.36
4151,173,-41.88,0.0,-38.9,8.96,False,0.0,0.0,0.0,22.57,11.24,11.99,56.79
4152,174,-42.67,0.0,-39.73,8.54,False,0.0,0.0,0.0,22.72,11.27,12.07,57.28
4153,174,-41.87,0.0,-40.36,9.01,False,0.0,0.0,0.0,23.33,11.9,11.92,58.24
4154,174,-39.59,0.0,-40.63,8.66,False,0.0,0.0,0.0,22.84,10.66,10.97,58.23
4155,174,-36.11,0.0,-40.78,8.09,False,0.0,0.0,0.0,23.49,10.9,10.98,57.94
4156,174,-31.78,0.0,-40.83,7.26,False,0.0,0.0,0.0,23.12,12.01,11.82,57.34
4157,174,-26.99,0.0,-40.66,6.79,False,0.0,0.0,0.0,21.94,11.8,12.58,56.81
4158,174,-22.06,0.0,-40.15,6.23,False,0.0,0.0,0.0,23.29,12.05,11.77,55.9
4159,174,-17.3,0.0,-39.61,5.53,False,0.0,0.0,0.0,23.12,11.86,12.18,54.87
4160,174,-12.97,0.0,-39.06,4.14,False,0.0,0.0,0.0,23.07,19.52,11.13,53.32
4161,174,-9.32,0.0,-38.15,4.65,False,0.0,0.0,0.0,21.81,17.6,12.27,52.88
4162,174,-6.54,0.0,-37.48,4.96,False,0.0,0.0,0.0,22.23,17.2,21.71,52.49
4163,174,-4.8,0.0,-36.58,5.23,False,0.0,0.0,0.0,22.15,17.58,22.17,51.87
4164,174,-4.21,0.0,-35.75,5.46,False,0.0,0.0,0.0,21.95,18.32,21.74,51.27
4165,174,-4.8,0.0,-35.44,6.2,False,0.0,0.0,0.0,22.95,17.46,22.62,51.5
4166,174,-6.54,0.0,-35.21,7.2,False,0.0,0.0,0.0,22.22,18.05,22.63,51.99
4167,174,-9.32,0.0,-35.11,7.28,False,0.0,0.0,0.0,22.2,17.82,20.97,51.96
4168,174,-12.97,0.0,-35.2,7.27,False,0.0,0.0,0.0,22.45,17.27,22.93,52.04
4169,174,-17.3,0.0,-35.23,8.11,False,0.0,0.0,0.0,22.46,17.59,23.66,52.66
4170,174,-22.06,0.0,-35.9,9.42,False,0.0,0.0,0.0,20.97,18.78,21.75,54.23
4171,174,-26.99,0.0,-36.56,10.17,False,0.0,0.0,0.0,22.13,17.69,11.41,55.41
4172,174,-31.78,0.0,-37.19,11.33,False,0.0,0.0,0.0,21.9,16.71,12.37,56.87
4173,174,-36.11,0.0,-38.01,10.99,False,0.0,0.0,0.0,22.72,11.64,11.55,57.43
4174,174,-39.59,0.0,-38.71,11.28,False,0.0,0.0,0.0,22.53,10.21,11.5,58.34
4175,174,-41.87,0.0,-39.32,10.41,False,0.0,0.0,0.0,22.72,12.01,12.83,58.29
4176,175,-42.66,0.0,-40.14,9.65,False,0.0,0.0,0.0,21.98,12.95,10.55,58.52
4177,175,-41.86,0.0,-40.79,9.81,False,0.0,0.0,0.0,22.77,10.83,10.95,59.27
4178,175,-39.58,0.0,-41.14,9.18,False,0.0,0.0,0.0,23.38,12.02,11.79,59.13
4179,175,-36.09,0.0,-41.12,11.44,False,0.0,0.0,0.0,23.5,12.69,10.37,60.87
4180,175,-31.77,0.0,-41.26,11.14,False,0.0,0.0,0.0,23.24,12.77,11.24,60.77
4181,175,-26.97,0.0,-41.28,11.37,False,0.0,0.0,0.0,22.42,12.92,11.23,60.97
4182,175,-22.05,0.0,-40.56,11.37,False,0.0,0.0,0.0,23.37,10.41,12.17,60.26
4183,175,-17.28,0.0,-39.89,10.84,False,0.0,0.0,0.0,23.08,12.3,11.98,59.18
4184,175,-12.96,0.0,-39.42,10.16,False,0.0,0.0,0.0,22.68,16.3,10.32,58.2
4185,175,-9.3,0.0,-38.76,8.54,False,0.0,0.0,0.0,21.84,16.7,11.01,56.34
4186,175,-6.52,0.0,-38.1,9.7,False,0.0,0.0,0.0,22.95,18.16,21.52,56.57
4187,175,-4.78,0.0,-37.52,8.56,False,0.0,0.0,0.0,22.27,17.63,21.85,55.17
4188,175,-4.19,0.0,-36.92,8.42,False,0.0,0.0,0.0,22.57,18.08,21.23,54.5
4189,175,-4.78,0.0,-36.25,7.91,False,0.0,0.0,0.0,22.38,16.76,22.32,53.48
4190,175,-6.52,0.0,-36.27,9.92,False,0.0,0.0,0.0,22.97,18.68,21.51,54.95
4191,175,-9.3,0.0,-36.22,9.33,False,0.0,0.0,0.0,22.3,18.05,22.41,54.48
4192,175,-12.96,0.0,-36.35,7.97,False,0.0,0.0,0.0,22.36,18.21,22.0,53.62
4193,175,-17.28,0.0,-36.65,8.24,False,0.0,0.0,0.0,23.03,16.64,21.32,54.1
4194,175,-22.05,0.0,-37.22,8.29,False,0.0,0.0,0.0,22.2,18.44,22.97,54.68
4195,175,-26.97,0.0,-37.72,7.7,False,0.0,0.0,0.0,22.85,17.25,12.49,54.73
4196,175,-31.77,0.0,-38.65,6.15,False,0.0,0.0,0.0,22.56,17.01,11.7,54.45
4197,175,-36.09,0.0,-39.58,7.25,False,0.0,0.0,0.0,22.35,12.4,11.33,56.16
4198,175,-39.58,0.0,-40.22,8.43,False,0.0,0.0,0.0,22.83,12.37,10.76,57.66
4199,175,-41.86,0.0,-40.73,7.83,False,0.0,0.0,0.0,23.16,11.22,12.25,57.68
4200,176,-42.63,0.0,-41.31,9.43,True,1.0,0.2,0.25,23.5,13.55,12.08,59.49
4201,176,-41.84,0.0,-42.14,11.95,True,1.0,0.2,0.25,23.65,13.35,10.93,62.29
4202,176,-39.55,0.0,-43.07,12.6,True,1.0,0.2,0.25,23.05,12.38,11.02,63.74
4203,176,-36.07,0.0,-43.88,11.88,True,1.0,0.2,0.25,22.87,12.24,11.82,63.97
4204,176,-31.75,0.0,-44.22,11.93,True,1.0,0.2,0.25,23.18,12.16,10.68,64.35
4205,176,-26.95,0.0,-44.67,14.72,True,1.0,0.2,0.25,22.89,10.66,11.06,67.11
4206,176,-22.02,0.0,-44.47,13.14,True,1.0,0.2,0.25,23.25,11.99,10.77,65.61
4207,176,-17.26,0.0,-44.44,13.54,True,1.0,0.2,0.25,23.2,11.98,10.79,65.9
4208,176,-12.93,0.0,-44.11,15.72,True,1.0,0.2,0.25,23.58,17.04,11.0,67.34
4209,176,-9.28,0.0,-43.6,17.93,True,1.0,0.2,0.25,22.35,17.25,12.13,68.6
4210,176,-6.5,0.0,-43.22,19.99,True,1.0,0.2,0.25,22.89,15.59,10.27,69.85
4211,176,-4.76,0.0,-42.98,20.63,True,1.0,0.2,0.25,22.87,16.62,11.8,70.11
4212,176,-4.17,0.0,-42.42,21.54,True,1.0,0.2,0.25,23.57,18.24,11.68,70.2
4213,176,-4.76,0.0,-42.14,23.54,True,1.0,0.2,0.25,22.61,18.88,12.18,71.48
4214,176,-6.5,0.0,-41.88,23.19,True,1.0,0.2,0.25,23.12,16.75,11.68,70.89
4215,176,-9.28,0.0,-42.15,23.6,True,1.0,0.2,0.25,23.01,17.65,11.23,71.53
4216,176,-12.93,0.0,-42.15,23.66,True,1.0,0.2,0.25,23.47,18.38,10.93,71.57
4217,176,-17.26,0.0,-42.36,22.88,True,1.0,0.2,0.25,23.32,17.08,12.19,71.2
4218,176,-22.02,0.0,-43.04,25.31,True,1.0,0.2,0.25,23.21,18.04,11.85,73.93
4219,176,-26.95,0.0,-43.49,24.4,True,1.0,0.2,0.25,23.0,17.47,11.15,73.73
4220,176,-31.75,0.0,-44.04,23.91,True,1.0,0.2,0.25,22.54,18.45,12.14,73.96
4221,176,-36.07,0.0,-44.41,24.7,True,1.0,0.2,0.25,23.43,10.87,11.19,75.03
4222,176,-39.55,0.0,-44.9,24.24,True,1.0,0.2,0.25,23.6,11.02,11.5,75.23
4223,176,-41.84,0.0,-45.62,24.69,True,1.0,0.2,0.25,22.84,12.12,11.08,76.43
4224,177,-42.6,0.0,-45.82,22.69,True,1.0,0.2,0.25,23.0,11.98,11.87,74.98
4225,177,-41.81,0.0,-46.13,22.71,True,1.0,0.2,0.25,23.64,11.85,10.8,75.36
4226,177,-39.53,0.0,-45.73,21.84,True,1.0,0.2,0.25,23.62,12.36,11.29,74.17
4227,177,-36.04,0.0,-45.41,19.47,True,1.0,0.2,0.25,23.05,11.16,11.04,71.83
4228,177,-31.72,0.0,-45.01,18.31,True,1.0,0.2,0.25,23.17,10.8,11.68,70.43
4229,177,-26.92,0.0,-44.31,16.13,True,1.0,0.2,0.25,22.58,11.5,11.77,67.89
4230,177,-22.0,0.0,-43.16,15.33,True,1.0,0.2,0.25,23.73,11.59,10.73,66.04
4231,177,-17.23,0.0,-42.19,13.29,True,1.0,0.2,0.25,22.54,11.67,11.78,63.4
4232,177,-12.91,0.0,-40.88,12.58,True,1.0,0.2,0.25,23.12,18.52,10.47,61.51
4233,177,-9.25,0.0,-39.59,10.56,True,1.0,0.2,0.25,22.74,18.12,13.03,58.67
4234,177,-6.47,0.0,-38.43,9.67,True,1.0,0.2,0.25,23.13,17.93,11.14,56.87
4235,177,-4.73,0.0,-37.46,9.74,True,1.0,0.2,0.25,22.18,17.68,12.23,55.98
4236,177,-4.14,0.0,-36.46,7.82,True,1.0,0.2,0.25,22.4,17.15,11.64,53.62
4237,177,-4.73,0.0,-35.53,6.69,True,1.0,0.2,0.25,21.58,16.82,11.67,51.94
4238,177,-6.47,0.0,-34.95,6.62,False,0.0,0.2,0.25,21.42,16.54,21.18,51.35
4239,177,-9.25,0.0,-34.69,7.92,False,0.0,0.2,0.25,22.4,16.94,22.59,52.01
4240,177,-12.91,0.0,-34.73,6.51,False,0.0,0.2,0.25,21.45,17.47,22.03,51.06
4241,177,-17.23,0.0,-35.02,5.81,False,0.0,0.2,0.25,22.11,16.58,22.33,50.84
4242,177,-22.0,0.0,-35.69,6.22,False,0.0,0.2,0.25,22.69,17.64,21.94,51.75
4243,177,-26.92,0.0,-35.99,7.12,False,0.0,0.2,0.25,22.62,17.34,11.59,52.68
4244,177,-31.72,0.0,-36.74,7.37,False,0.0,0.2,0.25,22.14,17.18,10.88,53.57
4245,177,-36.04,0.0,-37.57,7.67,False,0.0,0.2,0.25,21.87,12.83,11.39,54.57
4246,177,-39.53,0.0,-38.36,8.85,False,0.0,0.2,0.25,22.81,9.93,11.21,56.19
4247,177,-41.81,0.0,-39.05,9.92,False,0.0,0.2,0.25,23.22,11.59,11.01,57.66
4248,178,-42.57,0.0,-39.57,9.5,False,0.0,0.2,0.25,22.48,10.02,11.59,57.85
4249,178,-41.77,0.0,-39.79,8.21,False,0.0,0.2,0.25,22.45,12.09,11.75,57.08
4250,178,-39.49,0.0,-40.44,9.26,False,0.0,0.2,0.25,22.64,12.51,11.68,58.51
4251,178,-36.01,0.0,-40.59,7.92,False,0.0,0.2,0.25,23.1,10.82,11.43,57.61
4252,178,-31.68,0.0,-40.45,7.13,False,0.0,0.2,0.25,23.35,10.92,11.79,56.88
4253,178,-26.89,0.0,-40.02,5.33,False,0.0,0.2,0.25,22.31,10.54,11.67,55.1
4254,178,-21.96,0.0,-39.52,6.2,False,0.0,0.2,0.25,22.14,11.95,11.57,55.3
4255,178,-17.2,0.0,-39.28,5.47,False,0.0,0.2,0.25,23.65,11.63,11.62,54.52
4256,178,-12.87,0.0,-38.71,5.37,False,0.0,0.2,0.25,22.57,17.28,12.33,53.93
4257,178,-9.21,0.0,-38.41,6.14,False,0.0,0.2,0.25,22.71,17.21,10.66,54.22
4258,178,-6.43,0.0,-37.72,5.68,False,0.0,0.2,0.25,22.25,16.72,21.78,53.24
4259,178,-4.69,0.0,-36.94,6.27,False,0.0,0.2,0.25,22.63,18.41,22.24,52.95
4260,178,-4.1,0.0,-36.6,5.04,False,0.0,0.2,0.25,22.78,17.72,20.89,51.74
4261,178,-4.69,0.0,-36.12,6.28,False,0.0,0.2,0.25,22.45,16.55,22.97,52.19
4262,178,-6.43,0.0,-35.89,5.82,False,0.0,0.2,0.25,23.0,16.94,22.18,51.66
4263,178,-9.21,0.0,-35.58,5.88,False,0.0,0.2,0.25,22.14,16.8,22.67,51.41
4264,178,-12.87,0.0,-35.67,6.09,False,0.0,0.2,0.25,22.18,18.62,22.78,51.64
4265,178,-17.2,0.0,-35.84,6.52,False,0.0,0.2,0.25,22.39,18.07,22.29,52.1
4266,178,-21.96,0.0,-36.4,7.75,False,0.0,0.2,0.25,22.55,17.4,20.44,53.51
4267,178,-26.89,0.0,-37.1,7.93,False,0.0,0.2,0.25,22.54,18.87,11.6,54.31
4268,178,-31.68,0.0,-37.72,8.29,False,0.0,0.2,0.25,22.01,18.66,11.65,55.16
4269,178,-36.01,0.0,-38.58,7.81,False,0.0,0.2,0.25,22.75,11.72,10.74,55.63
4270,178,-39.49,0.0,-39.28,9.56,False,0.0,0.2,0.25,22.56,11.57,10.25,57.61
4271,178,-41.77,0.0,-39.78,9.01,False,0.0,0.2,0.25,22.54,11.61,11.82,57.67
4272,179,-42.52,0.0,-40.14,7.29,False,0.0,0.2,0.25,22.83,11.14,10.63,56.71
4273,179,-41.73,0.0,-40.53,7.6,False,0.0,0.2,0.25,22.48,13.29,12.94,57.32
4274,179,-39.45,0.0,-40.96,8.07,False,0.0,0.0,0.25,22.46,11.09,11.68,58.09
4275,179,-35.97,0.0,-41.13,8.84,False,0.0,0.0,0.25,21.89,12.59,12.45,58.85
4276,179,-31.64,0.0,-41.22,7.53,False,0.0,0.0,0.25,23.65,12.45,11.52,57.91
4277,179,-26.85,0.0,-40.81,7.41,False,0.0,0.0,0.25,23.12,11.66,12.03,57.44
4278,179,-21.92,0.0,-40.47,8.36,False,0.0,0.0,0.25,22.81,13.35,11.54,57.84
4279,179,-17.16,0.0,-40.15,8.56,False,0.0,0.0,0.25,22.55,10.65,12.2,57.69
4280,179,-12.83,0.0,-39.47,6.83,False,0.0,0.0,0.25,21.59,17.44,10.07,55.73
4281,179,-9.17,0.0,-38.99,7.21,False,0.0,0.0,0.25,22.39,17.11,12.12,55.57
4282,179,-6.39,0.0,-38.37,7.32,False,0.0,0.0,0.25,22.89,18.27,22.47,55.06
4283,179,-4.65,0.0,-37.78,8.33,False,0.0,0.0,0.25,22.91,17.78,21.89,55.25
4284,179,-4.06,0.0,-37.45,9.4,False,0.0,0.0,0.25,22.75,16.12,21.71,55.71
4285,179,-4.65,0.0,-37.18,8.37,False,0.0,0.0,0.25,22.52,18.49,21.79,54.7
4286,179,-6.39,0.0,-36.62,8.75,False,0.0,0.0,0.0,22.92,17.89,22.2,54.44
4287,179,-9.17,0.0,-36.56,8.68,False,0.0,0.0,0.0,22.26,16.67,22.85,54.34
4288,179,-12.83,0.0,-36.93,9.07,False,0.0,0.0,0.0,22.87,17.22,21.63,54.98
4289,179,-17.16,0.0,-37.26,8.79,False,0.0,0.0,0.0,22.32,16.46,20.81,55.08
4290,179,-21.92,0.0,-37.54,7.98,False,0.0,0.0,0.0,22.15,17.36,23.74,54.76
4291,179,-26.85,0.0,-37.95,7.51,False,0.0,0.0,0.0,22.15,17.62,11.97,54.81
4292,179,-31.64,0.0,-38.52,8.44,False,0.0,0.0,0.0,22.2,17.23,11.23,56.04
4293,179,-35.97,0.0,-38.97,7.35,False,0.0,0.0,0.0,22.94,11.54,12.33,55.65
4294,179,-39.45,0.0,-39.83,8.38,False,0.0,0.0,0.0,22.48,10.61,12.15,57.25
4295,179,-41.73,0.0,-40.34,7.65,False,0.0,0.0,0.0,22.43,12.17,11.84,57.17
4296,180,-42.47,0.0,-40.73,7.87,False,0.0,0.0,0.0,23.17,10.36,11.17,57.71
4297,180,-41.68,0.0,-41.18,8.11,False,0.0,0.0,0.0,23.07,11.92,11.97,58.32
4298,180,-39.4,0.0,-41.37,7.1,False,0.0,0.0,0.0,23.35,10.46,12.26,57.72
4299,180,-35.92,0.0,-41.82,7.29,False,0.0,0.0,0.0,23.22,11.94,10.3,58.29
4300,180,-31.6,0.0,-41.44,6.67,False,0.0,0.0,0.0,22.67,11.9,11.66,57.45
4301,180,-26.8,0.0,-41.29,7.18,False,0.0,0.0,0.0,22.99,12.22,11.71,57.7
4302,180,-21.88,0.0,-41.03,7.59,False,0.0,0.0,0.0,22.97,12.59,11.69,57.78
4303,180,-17.11,0.0,-40.41,7.63,False,0.0,0.0,0.0,22.48,12.74,11.53,57.23
4304,180,-12.78,0.0,-39.83,8.27,False,0.0,0.0,0.0,22.34,16.21,12.33,57.16
4305,180,-9.12,0.0,-38.98,9.04,False,0.0,0.0,0.0,22.4,17.45,11.35,56.93
4306,180,-6.34,0.0,-38.46,7.99,False,0.0,0.0,0.0,23.43,19.11,22.0,55.64
4307,180,-4.6,0.0,-38.09,7.74,False,0.0,0.0,0.0,22.41,17.6,22.22,55.11
4308,180,-4.01,0.0,-37.52,6.86,False,0.0,0.0,0.0,23.0,16.83,21.88,53.92
4309,180,-4.6,0.0,-37.24,6.94,False,0.0,0.0,0.0,22.28,17.44,21.03,53.72
4310,180,-6.34,0.0,-36.84,6.31,False,0.0,0.0,0.0,22.78,17.19,22.15,52.89
4311,180,-9.12,0.0,-36.41,6.17,False,0.0,0.0,0.0,22.73,16.56,22.16,52.38
4312,180,-12.78,0.0,-36.52,6.3,False,0.0,0.0,0.0,22.76,18.2,21.74,52.58
4313,180,-17.11,0.0,-36.84,6.83,False,0.0,0.0,0.0,22.58,17.97,21.91,53.27
4314,180,-21.88,0.0,-37.21,7.96,False,0.0,0.0,0.0,23.02,16.43,19.77,54.43
4315,180,-26.8,0.0,-37.54,8.3,False,0.0,0.0,0.0,22.66,17.43,12.35,55.0
4316,180,-31.6,0.0,-38.15,8.77,False,0.0,0.0,0.0,23.26,17.05,12.13,55.94
4317,180,-35.92,0.0,-38.65,7.66,False,0.0,0.0,0.0,21.99,10.62,10.56,55.58
4318,180,-39.4,0.0,-39.3,8.9,False,0.0,0.0,0.0,22.86,10.77,11.03,57.14
4319,180,-41.68,0.0,-40.05,8.18,False,0.0,0.0,0.0,22.92,10.89,12.51,57.31
4320,181,-42.42,0.0,-40.37,7.28,False,0.0,0.0,0.0,22.47,11.85,10.69,56.92
4321,181,-41.62,0.0,-40.9,8.68,False,0.0,0.0,0.0,23.14,11.53,11.83,58.5
4322,181,-39.34,0.0,-41.27,8.65,False,0.0,0.0,0.0,22.36,11.13,11.16,58.84
4323,181,-35.86,0.0,-41.11,9.85,False,0.0,0.0,0.0,22.67,11.59,11.79,59.61
4324,181,-31.54,0.0,-40.82,8.98,False,0.0,0.0,0.0,22.1,12.5,11.54,58.66
4325,181,-26.75,0.0,-40.28,8.51,False,0.0,0.0,0.0,23.46,12.19,11.3,57.78
4326,181,-21.82,0.0,-39.85,8.9,False,0.0,0.0,0.0,22.69,12.7,11.77,57.66
4327,181,-17.06,0.0,-39.38,6.49,False,0.0,0.0,0.0,23.59,11.72,11.15,55.39
4328,181,-12.73,0.0,-38.72,6.69,False,0.0,0.0,0.0,22.97,18.78,10.25,54.92
4329,181,-9.07,0.0,-38.08,5.32,False,0.0,0.0,0.0,22.75,17.78,10.85,53.31
4330,181,-6.29,0.0,-37.42,6.19,False,0.0,0.0,0.0,22.26,17.11,21.27,53.33
4331,181,-4.54,0.0,-36.98,6.42,False,0.0,0.0,0.0,22.02,17.57,20.88,53.09
4332,181,-3.95,0.0,-36.57,5.86,False,0.0,0.0,0.0,22.6,16.5,22.26,52.31
4333,181,-4.54,0.0,-36.35,6.93,False,0.0,0.0,0.0,22.33,17.26,21.88,52.88
4334,181,-6.29,0.0,-36.22,6.5,False,0.0,0.0,0.0,21.81,17.84,22.25,52.44
4335,181,-9.07,0.0,-36.04,7.2,False,0.0,0.0,0.0,21.72,17.99,22.36,52.77
4336,181,-12.73,0.0,-36.44,6.37,False,0.0,0.0,0.0,21.99,17.17,22.53,52.56
4337,181,-17.06,0.0,-36.67,6.65,False,0.0,0.0,0.0,23.13,19.69,22.28,52.97
4338,181,-21.82,0.0,-36.95,6.52,False,0.0,0.0,0.0,23.32,17.36,21.31,53.15
4339,181,-26.75,0.0,-37.45,6.13,False,0.0,0.0,0.0,22.58,16.16,11.91,53.32
4340,181,-31.54,0.0,-38.08,6.31,False,0.0,0.0,0.0,22.63,18.47,11.66,54.04
4341,181,-35.86,0.0,-38.79,6.14,False,0.0,0.0,0.0,22.52,12.39,13.03,54.58
4342,181,-39.34,0.0,-39.25,7.89,False,0.0,0.0,0.0,22.34,12.09,11.51,56.32
4343,181,-41.62,0.0,-39.73,8.2,False,0.0,0.0,0.0,23.32,11.53,11.77,57.01
4344,182,-42.35,0.0,-40.45,7.79,False,0.0,0.0,0.0,23.6,12.21,11.43,57.39
4345,182,-41.56,0.0,-40.75,7.98,False,0.0,0.0,0.0,22.53,13.2,11.53,57.82
4346,182,-39.28,0.0,-40.97,8.66,False,0.0,0.0,0.0,22.88,12.06,11.49,58.55
4347,182,-35.8,0.0,-41.31,8.13,False,0.0,0.0,0.0,22.78,10.72,11.2,58.46
4348,182,-31.48,0.0,-40.95,6.74,False,0.0,0.0,0.0,22.75,9.14,11.62,57.04
4349,182,-26.69,0.0,-40.83,6.82,False,0.0,0.0,0.0,23.37,12.21,11.94,57.0
4350,182,-21.76,0.0,-40.31,6.77,False,0.0,0.0,0.0,22.31,11.11,11.21,56.47
4351,182,-17.0,0.0,-39.96,7.44,False,0.0,0.0,0.0,22.98,11.82,12.08,56.66
4352,182,-12.67,0.0,-39.37,6.45,False,0.0,0.0,0.0,23.02,16.85,12.0,55.34
4353,182,-9.01,0.0,-38.98,7.07,False,0.0,0.0,0.0,22.62,16.8,10.88,55.45
4354,182,-6.22,0.0,-38.34,7.42,False,0.0,0.0,0.0,22.96,16.89,21.33,55.11
4355,182,-4.48,0.0,-37.69,7.58,False,0.0,0.0,0.0,22.58,16.96,22.31,54.61
4356,182,-3.89,0.0,-37.22,9.04,False,0.0,0.0,0.0,22.95,18.12,21.59,55.24
4357,182,-4.48,0.0,-36.5,8.63,False,0.0,0.0,0.0,21.77,17.96,21.27,54.24
4358,182,-6.22,0.0,-36.15,9.29,False,0.0,0.0,0.0,22.2,16.53,23.2,54.38
4359,182,-9.01,0.0,-36.44,10.31,False,0.0,0.0,0.0,22.34,16.64,21.32,55.4
4360,182,-12.67,0.0,-36.33,8.81,False,0.0,0.0,0.0,21.29,17.8,20.93,54.21
4361,182,-17.0,0.0,-36.76,9.1,False,0.0,0.0,0.0,21.98,18.34,21.45,54.83
4362,182,-21.76,0.0,-37.35,8.39,False,0.0,0.0,0.0,22.16,18.33,22.16,54.88
4363,182,-26.69,0.0,-37.77,7.38,False,0.0,0.0,0.0,22.91,16.7,11.55,54.54
4364,182,-31.48,0.0,-38.35,6.95,False,0.0,0.0,0.0,22.32,18.29,12.82,54.76
4365,182,-35.8,0.0,-39.05,5.51,False,0.0,0.0,0.0,22.36,10.48,10.96,54.34
4366,182,-39.28,0.0,-39.48,6.77,False,0.0,0.0,0.0,23.06,11.74,11.67,55.7
4367,182,-41.56,0.0,-40.03,6.32,False,0.0,0.0,0.0,22.16,12.29,12.29,55.87
4368,183,-42.28,0.0,-40.52,7.36,False,0.0,0.0,0.0,22.03,10.24,11.04,57.12
4369,183,-41.49,0.0,-40.76,7.61,False,0.0,0.0,0.0,22.75,13.57,11.99,57.54
4370,183,-39.21,0.0,-41.16,7.78,False,0.0,0.0,0.0,22.36,12.96,10.22,58.05
4371,183,-35.73,0.0,-41.2,8.05,False,0.0,0.0,0.0,22.38,12.42,12.73,58.31
4372,183,-31.41,0.0,-40.87,7.81,False,0.0,0.0,0.0,23.13,11.13,12.2,57.8
4373,183,-26.62,0.0,-40.62,8.14,False,0.0,0.0,0.0,23.22,11.85,11.02,57.82
4374,183,-21.7,0.0,-40.22,7.32,False,0.0,0.0,0.0,23.14,12.53,12.08,56.81
4375,183,-16.93,0.0,-39.72,8.47,False,0.0,0.0,0.0,23.21,11.0,12.42,57.21
4376,183,-12.6,0.0,-39.16,9.04,False,0.0,0.0,0.0,23.2,17.36,10.6,57.11
4377,183,-8.94,0.0,-38.51,8.75,False,0.0,0.0,0.0,21.77,18.23,11.08,56.27
4378,183,-6.15,0.0,-38.12,8.3,False,0.0,0.0,0.0,22.76,16.3,22.94,55.56
4379,183,-4.41,0.0,-37.68,8.23,False,0.0,0.0,0.0,22.31,17.77,22.05,55.08
4380,183,-3.82,0.0,-37.21,7.82,False,0.0,0.0,0.0,22.17,16.1,22.31,54.33
4381,183,-4.41,0.0,-36.74,6.68,False,0.0,0.0,0.0,22.63,16.74,22.05,53.07
4382,183,-6.15,0.0,-36.54,6.03,False,0.0,0.0,0.0,21.69,17.1,22.62,52.4
4383,183,-8.94,0.0,-36.34,6.64,False,0.0,0.0,0.0,21.66,17.91,22.36,52.66
4384,183,-12.6,0.0,-36.54,6.72,False,0.0,0.0,0.0,22.64,16.94,22.07,52.9
4385,183,-16.93,0.0,-36.83,7.0,False,0.0,0.0,0.0,22.61,17.6,20.53,53.37
4386,183,-21.7,0.0,-37.17,6.85,False,0.0,0.0,0.0,22.52,16.95,22.45,53.59
4387,183,-26.62,0.0,-37.61,6.43,False,0.0,0.0,0.0,22.16,17.08,12.01,53.69
4388,183,-31.41,0.0,-38.12,5.52,False,0.0,0.0,0.0,22.87,18.5,10.63,53.49
4389,183,-35.73,0.0,-38.55,6.42,False,0.0,0.0,0.0,22.9,10.98,10.68,54.57
4390,183,-39.21,0.0,-39.15,7.89,False,0.0,0.0,0.0,22.73,12.51,11.86,56.23
4391,183,-41.49,0.0,-39.54,7.61,False,0.0,0.0,0.0,22.27,11.9,11.64,56.39
4392,184,-42.2,0.0,-39.95,7.54,False,0.0,0.0,0.0,22.62,11.44,10.12,56.72
4393,184,-41.41,0.0,-40.51,9.6,False,0.0,0.0,0.0,23.2,10.93,10.92,58.84
4394,184,-39.14,0.0,-40.83,10.7,False,0.0,0.0,0.0,23.43,10.98,11.72,60.0
4395,184,-35.66,0.0,-40.76,10.66,False,0.0,0.0,0.0,22.76,11.31,11.97,59.91
4396,184,-31.34,0.0,-41.19,9.88,False,0.0,0.0,0.0,22.84,11.78,11.09,59.72
4397,184,-26.55,0.0,-40.97,9.35,False,0.0,0.0,0.0,22.85,12.38,11.4,59.09
4398,184,-21.62,0.0,-40.44,9.53,False,0.0,0.0,0.0,22.96,11.66,10.88,58.72
4399,184,-16.86,0.0,-39.94,7.89,False,0.0,0.0,0.0,22.56,11.71,12.43,56.98
4400,184,-12.52,0.0,-39.61,7.27,False,0.0,0.0,0.0,21.6,17.43,11.62,56.2
4401,184,-8.86,0.0,-38.98,7.09,False,0.0,0.0,0.0,23.15,17.88,11.03,55.46
4402,184,-6.08,0.0,-38.64,7.48,False,0.0,0.0,0.0,23.35,18.02,21.19,55.43
4403,184,-4.33,0.0,-37.86,8.08,False,0.0,0.0,0.0,22.3,16.39,21.11,55.14
4404,184,-3.74,0.0,-37.46,8.06,False,0.0,0.0,0.0,22.07,17.27,23.27,54.74
4405,184,-4.33,0.0,-36.88,7.84,False,0.0,0.0,0.0,22.37,18.48,21.88,54.03
4406,184,-6.08,0.0,-36.38,7.35,False,0.0,0.0,0.0,22.29,16.45,21.72,53.21
4407,184,-8.86,0.0,-36.43,6.62,False,0.0,0.0,0.0,22.77,17.56,21.85,52.72
4408,184,-12.52,0.0,-36.7,5.67,False,0.0,0.0,0.0,22.43,17.36,21.56,52.29
4409,184,-16.86,0.0,-36.96,5.45,False,0.0,0.0,0.0,22.12,17.05,21.93,52.37
4410,184,-21.62,0.0,-37.52,4.44,False,0.0,0.0,0.0,21.97,18.77,22.02,52.15
4411,184,-26.55,0.0,-38.03,6.91,False,0.0,0.0,0.0,22.91,17.53,11.51,54.44
4412,184,-31.34,0.0,-38.58,7.52,False,0.0,0.0,0.0,22.87,18.71,10.62,55.41
4413,184,-35.66,0.0,-39.48,8.45,False,0.0,0.0,0.0,23.16,11.9,12.12,56.96
4414,184,-39.14,0.0,-40.17,8.56,False,0.0,0.0,0.0,22.43,12.27,11.11,57.72
4415,184,-41.41,0.0,-40.61,7.74,False,0.0,0.0,0.0,23.61,11.44,11.04,57.5
4416,185,-42.12,0.0,-41.04,9.38,False,0.0,0.0,0.0,22.23,11.45,11.01,59.19
4417,185,-41.33,0.0,-41.59,8.03,False,0.0,0.0,0.0,23.27,12.23,10.76,58.66
4418,185,-39.05,0.0,-41.85,8.29,False,0.0,0.0,0.0,22.26,12.24,11.69,59.11
4419,185,-35.58,0.0,-41.85,7.59,False,0.0,0.0,0.0,22.71,12.38,12.13,58.56
4420,185,-31.26,0.0,-41.92,6.8,False,0.0,0.0,0.0,23.66,12.2,10.99,58.0
4421,185,-26.47,0.0,-41.63,7.7,False,0.0,0.0,0.0,23.33,10.83,10.21,58.44
4422,185,-21.54,0.0,-41.25,8.09,False,0.0,0.0,0.0,22.73,11.25,10.78,58.38
4423,185,-16.78,0.0,-40.92,6.99,False,0.0,0.0,0.0,22.7,12.58,11.19,57.21
4424,185,-12.44,0.0,-40.44,6.56,False,0.0,0.0,0.0,22.89,15.93,10.64,56.43
4425,185,-8.78,0.0,-39.77,7.47,False,0.0,0.0,0.0,22.98,17.73,11.08,56.5
4426,185,-5.99,0.0,-39.07,7.85,False,0.0,0.0,0.0,23.19,17.41,21.61,56.12
4427,185,-4.25,0.0,-38.8,7.85,False,0.0,0.0,0.0,22.47,18.18,21.99,55.86
4428,185,-3.65,0.0,-38.51,6.94,False,0.0,0.0,0.0,21.98,17.83,20.98,54.91
4429,185,-4.25,0.0,-38.18,7.82,False,0.0,0.0,0.0,22.64,16.97,22.41,55.25
4430,185,-5.99,0.0,-37.94,8.07,False,0.0,0.0,0.0,22.37,16.93,23.16,55.21
4431,185,-8.78,0.0,-37.69,6.82,False,0.0,0.0,0.0,22.0,17.08,23.0,54.06
4432,185,-12.44,0.0,-37.33,6.32,False,0.0,0.0,0.0,22.6,17.96,21.59,53.35
4433,185,-16.78,0.0,-37.64,6.5,False,0.0,0.0,0.0,22.43,15.66,22.47,53.77
4434,185,-21.54,0.0,-38.13,6.9,False,0.0,0.0,0.0,22.7,17.63,22.39,54.52
4435,185,-26.47,0.0,-38.5,7.04,False,0.0,0.0,0.0,22.26,16.79,11.47,54.98
4436,185,-31.26,0.0,-38.8,7.42,False,0.0,0.0,0.0,22.85,17.65,11.62,55.54
4437,185,-35.58,0.0,-39.21,7.33,False,0.0,0.0,0.0,22.18,12.18,11.98,55.86
4438,185,-39.05,0.0,-39.51,7.22,False,0.0,0.0,0.0,22.41,10.57,12.12,56.07
4439,185,-41.33,0.0,-40.34,7.38,False,0.0,0.0,0.0,22.74,11.72,10.93,56.97
4440,186,-42.03,0.0,-40.83,6.91,False,0.0,0.0,0.0,23.6,12.02,12.02,57.07
4441,186,-41.24,0.0,-41.5,6.3,False,0.0,0.0,0.0,23.29,11.97,12.67,57.22
4442,186,-38.96,0.0,-41.76,5.35,False,0.0,0.0,0.0,23.44,11.8,12.12,56.71
4443,186,-35.49,0.0,-41.6,4.96,False,0.0,0.0,0.0,23.56,10.92,12.58,56.26
4444,186,-31.18,0.0,-41.2,5.68,False,0.0,0.0,0.0,24.38,11.05,9.69,56.45
4445,186,-26.39,0.0,-40.92,5.66,False,0.0,0.0,0.0,22.93,10.8,11.92,56.18
4446,186,-21.46,0.0,-40.34,6.69,False,0.0,0.0,0.0,23.41,12.34,11.68,56.43
4447,186,-16.69,0.0,-39.96,7.9,False,0.0,0.0,0.0,23.2,11.81,12.22,57.0
4448,186,-12.36,0.0,-39.49,9.61,False,0.0,0.0,0.0,23.14,17.46,10.71,57.86
4449,186,-8.69,0.0,-38.63,11.37,False,0.0,0.0,0.0,23.35,16.14,11.15,58.33
4450,186,-5.9,0.0,-37.76,11.66,False,0.0,0.0,0.0,22.36,17.47,22.63,57.68
4451,186,-4.16,0.0,-37.24,10.6,False,0.0,0.0,0.0,22.27,18.01,21.26,56.39
4452,186,-3.56,0.0,-36.68,10.17,False,0.0,0.0,0.0,22.53,16.03,22.17,55.53
4453,186,-4.16,0.0,-36.24,8.8,False,0.0,0.0,0.0,22.28,17.07,21.99,54.11
4454,186,-5.9,0.0,-35.95,7.41,False,0.0,0.0,0.0,22.44,16.24,21.86,52.85
4455,186,-8.69,0.0,-35.87,6.02,False,0.0,0.0,0.0,22.93,17.16,22.4,51.78
4456,186,-12.36,0.0,-35.86,6.0,False,0.0,0.0,0.0,22.11,16.78,21.22,51.75
4457,186,-16.69,0.0,-35.95,6.17,False,0.0,0.0,0.0,22.19,17.8,21.45,51.96
4458,186,-21.46,0.0,-36.31,5.01,False,0.0,0.0,0.0,22.43,17.64,21.9,51.45
4459,186,-26.39,0.0,-36.67,5.4,False,0.0,0.0,0.0,22.31,18.53,10.66,52.07
4460,186,-31.18,0.0,-37.14,6.59,False,0.0,0.0,0.0,21.69,17.46,12.36,53.37
4461,186,-35.49,0.0,-37.93,7.15,False,0.0,0.0,0.0,22.32,12.17,10.94,54.52
4462,186,-38.96,0.0,-38.46,7.95,False,0.0,0.0,0.0,22.89,11.45,12.05,55.62
4463,186,-41.24,0.0,-38.9,7.74,False,0.0,0.0,0.0,23.24,11.02,10.89,55.88
4464,187,-41.93,0.0,-39.24,7.76,False,0.0,0.0,0.0,22.25,12.57,11.99,56.22
4465,187,-41.14,0.0,-39.59,7.96,False,0.0,0.0,0.0,22.29,12.89,10.37,56.7
4466,187,-38.87,0.0,-39.76,7.09,False,0.0,0.0,0.0,22.78,12.46,12.49,56.19
4467,187,-35.4,0.0,-39.89,7.25,False,0.0,0.0,0.0,21.96,12.0,12.29,56.44
4468,187,-31.08,0.0,-40.16,7.0,False,0.0,0.0,0.0,22.64,11.12,11.11,56.5
4469,187,-26.3,0.0,-39.84,7.97,False,0.0,0.0,0.0,22.09,12.81,10.92,56.94
4470,187,-21.37,0.0,-39.5,9.67,False,0.0,0.0,0.0,23.29,12.36,11.82,57.91
4471,187,-16.6,0.0,-39.08,9.38,False,0.0,0.0,0.0,22.38,13.52,10.43,57.28
4472,187,-12.26,0.0,-38.59,8.95,False,0.0,0.0,0.0,23.29,16.58,11.52,56.49
4473,187,-8.6,0.0,-38.13,8.76,False,0.0,0.0,0.0,23.02,18.19,10.93,55.9
4474,187,-5.81,0.0,-37.71,7.51,False,0.0,0.0,0.0,22.27,17.94,21.82,54.58
4475,187,-4.06,0.0,-37.13,6.7,False,0.0,0.0,0.0,22.03,17.23,21.55,53.44
4476,187,-3.47,0.0,-36.59,5.07,False,0.0,0.0,0.0,22.31,18.59,21.44,51.76
4477,187,-4.06,0.0,-35.98,5.07,False,0.0,0.0,0.0,22.28,17.82,23.19,51.2
4478,187,-5.81,0.0,-35.66,4.88,False,0.0,0.0,0.0,22.42,16.75,22.55,50.77
4479,187,-8.6,0.0,-35.81,3.88,False,0.0,0.0,0.0,21.99,17.41,20.96,50.2
4480,187,-12.26,0.0,-35.98,4.83,False,0.0,0.0,0.0,22.62,16.74,21.39,51.03
4481,187,-16.6,0.0,-36.53,5.36,False,0.0,0.0,0.0,22.49,17.13,22.6,51.91
4482,187,-21.37,0.0,-37.14,6.22,False,0.0,0.0,0.0,22.32,18.06,22.68,53.09
4483,187,-26.3,0.0,-37.63,6.66,False,0.0,0.0,0.0,22.23,18.29,10.53,53.88
4484,187,-31.08,0.0,-38.17,6.67,False,0.0,0.0,0.0,22.51,17.68,11.99,54.39
4485,187,-35.4,0.0,-38.99,7.25,False,0.0,0.0,0.0,22.35,11.3,11.69,55.59
4486,187,-38.87,0.0,-39.55,6.34,False,0.0,0.0,0.0,22.77,12.21,10.14,55.43
4487,187,-41.14,0.0,-40.1,6.86,False,0.0,0.0,0.0,22.85,12.48,11.22,56.34
4488,188,-41.83,0.0,-40.54,6.94,False,0.0,0.0,0.0,22.97,10.32,11.4,56.82
4489,188,-41.03,0.0,-40.84,6.17,False,0.0,0.0,0.0,23.61,11.99,11.53,56.5
4490,188,-38.77,0.0,-41.17,6.58,False,0.0,0.0,0.0,22.89,11.75,10.58,57.13
4491,188,-35.3,0.0,-41.31,8.27,False,0.0,0.0,0.0,23.36,12.66,10.97,58.58
4492,188,-30.98,0.0,-41.3,9.06,False,0.0,0.0,0.0,23.05,12.21,11.06,59.19
4493,188,-26.2,0.0,-41.32,8.94,False,0.0,0.0,0.0,22.86,12.29,11.13,59.11
4494,188,-21.27,0.0,-40.92,8.1,False,0.0,0.0,0.0,22.86,11.51,11.14,58.08
4495,188,-16.5,0.0,-40.5,8.12,False,0.0,0.0,0.0,22.84,11.9,11.41,57.69
4496,188,-12.16,0.0,-40.18,8.92,False,0.0,0.0,0.0,22.93,18.25,11.72,58.0
4497,188,-8.49,0.0,-39.5,7.9,False,0.0,0.0,0.0,22.36,17.45,12.74,56.57
4498,188,-5.7,0.0,-39.18,8.06,False,0.0,0.0,0.0,22.12,17.64,22.61,56.38
4499,188,-3.96,0.0,-38.59,7.56,False,0.0,0.0,0.0,22.89,16.27,22.92,55.45
4500,188,-3.36,0.0,-38.15,8.05,False,0.0,0.0,0.0,22.94,17.45,21.66,55.39
4501,188,-3.96,0.0,-37.69,8.96,False,0.0,0.0,0.0,22.82,15.89,21.3,55.62
4502,188,-5.7,0.0,-37.64,8.04,False,0.0,0.0,0.0,22.58,17.09,22.56,54.91
4503,188,-8.49,0.0,-37.63,7.48,False,0.0,0.0,0.0,22.82,17.55,21.99,54.47
4504,188,-12.16,0.0,-37.4,7.96,False,0.0,0.0,0.0,22.77,18.11,22.51,54.62
4505,188,-16.5,0.0,-37.61,7.57,False,0.0,0.0,0.0,22.83,16.7,21.38,54.53
4506,188,-21.27,0.0,-37.65,7.54,False,0.0,0.0,0.0,22.17,17.8,22.45,54.54
4507,188,-26.2,0.0,-38.05,7.47,False,0.0,0.0,0.0,22.13,18.67,11.38,54.87
4508,188,-30.98,0.0,-38.43,10.79,False,0.0,0.0,0.0,22.46,16.99,11.18,57.7
4509,188,-35.3,0.0,-39.17,10.92,False,0.0,0.0,0.0,22.69,10.66,11.24,58.53
4510,188,-38.77,0.0,-39.52,10.0,False,0.0,0.0,0.0,22.65,12.13,11.84,58.18
4511,188,-41.03,0.0,-39.96,11.01,False,0.0,0.0,0.0,22.04,10.95,12.04,59.38
4512,189,-41.71,0.0,-40.4,11.54,False,0.0,0.0,0.0,23.54,11.24,11.24,60.22
4513,189,-40.92,0.0,-40.8,11.6,False,0.0,0.0,0.0,22.79,12.64,11.74,60.67
4514,189,-38.66,0.0,-41.09,8.59,False,0.0,0.0,0.0,23.0,13.4,11.74,58.62
4515,189,-35.19,0.0,-41.01,8.41,False,0.0,0.0,0.0,23.42,11.1,12.02,58.41
4516,189,-30.88,0.0,-41.16,8.71,False,0.0,0.0,0.0,22.0,11.31,12.19,58.78
4517,189,-26.09,0.0,-40.63,8.83,False,0.0,0.0,0.0,22.67,11.55,12.77,58.36
4518,189,-21.16,0.0,-40.24,9.08,False,0.0,0.0,0.0,22.67,11.46,11.17,58.18
4519,189,-16.4,0.0,-39.69,7.97,False,0.0,0.0,0.0,22.63,13.45,12.52,56.8
4520,189,-12.06,0.0,-39.08,7.91,False,0.0,0.0,0.0,22.62,17.08,11.58,56.18
4521,189,-8.38,0.0,-38.4,8.14,False,0.0,0.0,0.0,23.19,17.19,10.73,55.7
4522,189,-5.59,0.0,-37.83,9.44,False,0.0,0.0,0.0,22.81,18.79,21.54,56.12
4523,189,-3.84,0.0,-37.43,8.93,False,0.0,0.0,0.0,22.88,17.96,22.33,55.36
4524,189,-3.25,0.0,-36.84,7.93,False,0.0,0.0,0.0,22.44,18.29,22.51,54.06
4525,189,-3.84,0.0,-36.8,7.68,False,0.0,0.0,0.0,21.86,16.78,21.29,53.84
4526,189,-5.59,0.0,-36.69,7.9,False,0.0,0.0,0.0,21.57,17.08,21.47,53.9
4527,189,-8.38,0.0,-36.66,7.24,False,0.0,0.0,0.0,21.79,16.67,21.63,53.4
4528,189,-12.06,0.0,-36.66,6.44,False,0.0,0.0,0.0,22.54,18.14,21.4,52.82
4529,189,-16.4,0.0,-36.75,6.6,False,0.0,0.0,0.0,22.42,18.48,20.68,53.01
4530,189,-21.16,0.0,-37.2,6.69,False,0.0,0.0,0.0,22.38,17.02,20.45,53.49
4531,189,-26.09,0.0,-37.51,7.51,False,0.0,0.0,0.0,22.35,17.21,11.23,54.39
4532,189,-30.88,0.0,-37.92,8.31,False,0.0,0.0,0.0,23.36,17.24,11.68,55.37
4533,189,-35.19,0.0,-38.27,8.68,False,0.0,0.0,0.0,22.26,10.66,11.96,55.98
4534,189,-38.66,0.0,-38.6,7.59,False,0.0,0.0,0.0,23.0,11.36,10.55,55.48
4535,189,-40.92,0.0,-38.94,8.24,False,0.0,0.0,0.0,22.67,12.52,10.56,56.29
4536,190,-41.6,0.0,-39.51,8.92,False,0.0,0.0,0.0,22.72,11.2,11.13,57.34
4537,190,-40.81,0.0,-39.87,9.67,False,0.0,0.0,0.0,23.26,11.97,11.5,58.28
4538,190,-38.54,0.0,-40.01,8.26,False,0.0,0.0,0.0,23.39,10.85,12.21,57.33
4539,190,-35.08,0.0,-40.13,8.0,False,0.0,0.0,0.0,22.72,11.78,12.0,57.24
4540,190,-30.77,0.0,-40.14,7.47,False,0.0,0.0,0.0,23.14,11.45,11.24,56.85
4541,190,-25.98,0.0,-40.06,5.91,False,0.0,0.0,0.0,22.95,10.92,11.75,55.58
4542,190,-21.05,0.0,-39.9,5.82,False,0.0,0.0,0.0,22.79,12.53,10.91,55.36
4543,190,-16.28,0.0,-39.73,4.76,False,0.0,0.0,0.0,22.85,12.58,11.55,54.4
4544,190,-11.94,0.0,-39.19,5.68,False,0.0,0.0,0.0,22.43,16.72,11.46,54.6
4545,190,-8.27,0.0,-38.62,5.88,False,0.0,0.0,0.0,22.51,17.33,12.48,54.23
4546,190,-5.48,0.0,-38.17,6.65,False,0.0,0.0,0.0,22.35,17.54,22.35,54.38
4547,190,-3.73,0.0,-37.6,8.66,False,0.0,0.0,0.0,22.87,16.05,21.46,55.32
4548,190,-3.13,0.0,-37.2,7.72,False,0.0,0.0,0.0,22.43,16.38,21.47,54.25
4549,190,-3.73,0.0,-36.81,7.95,False,0.0,0.0,0.0,21.9,18.53,21.77,54.05
4550,190,-5.48,0.0,-36.86,7.21,False,0.0,0.0,0.0,22.13,16.65,20.9,53.55
4551,190,-8.27,0.0,-36.69,6.93,False,0.0,0.0,0.0,21.12,18.51,21.84,53.19
4552,190,-11.94,0.0,-36.66,7.08,False,0.0,0.0,0.0,22.2,16.42,21.9,53.28
4553,190,-16.28,0.0,-37.01,5.31,False,0.0,0.0,0.0,22.46,18.03,22.33,52.32
4554,190,-21.05,0.0,-37.29,6.07,False,0.0,0.0,0.0,22.42,17.25,22.43,53.13
4555,190,-25.98,0.0,-37.63,6.91,False,0.0,0.0,0.0,23.31,17.36,11.57,54.06
4556,190,-30.77,0.0,-38.14,7.3,False,0.0,0.0,0.0,22.81,18.98,10.36,54.83
4557,190,-35.08,0.0,-38.71,7.07,False,0.0,0.0,0.0,22.86,10.9,10.65,55.19
4558,190,-38.54,0.0,-39.32,7.29,False,0.0,0.0,0.0,22.06,12.38,11.08,55.94
4559,190,-40.81,0.0,-39.81,6.66,False,0.0,0.0,0.0,22.63,12.34,11.96,55.92
4560,191,-41.47,0.0,-40.23,6.51,False,0.0,0.0,0.0,22.63,14.58,11.93,56.19
4561,191,-40.68,0.0,-40.4,6.2,False,0.0,0.0,0.0,22.53,11.04,11.33,56.12
4562,191,-38.42,0.0,-40.43,5.63,False,0.0,0.0,0.0,22.53,11.4,13.15,55.71
4563,191,-34.96,0.0,-40.52,7.18,False,0.0,0.0,0.0,22.14,12.55,12.59,56.98
4564,191,-30.65,0.0,-40.63,7.94,False,0.0,0.0,0.0,22.36,11.74,12.37,57.67
4565,191,-25.87,0.0,-40.42,9.39,False,0.0,0.0,0.0,23.2,11.53,11.99,58.59
4566,191,-20.94,0.0,-40.02,8.88,False,0.0,0.0,0.0,22.75,12.67,11.82,57.81
4567,191,-16.17,0.0,-39.68,8.7,False,0.0,0.0,0.0,22.56,11.69,11.77,57.35
4568,191,-11.82,0.0,-39.06,10.19,False,0.0,0.0,0.0,22.69,16.79,10.24,57.87
4569,191,-8.15,0.0,-38.6,9.26,False,0.0,0.0,0.0,23.1,18.08,10.76,56.73
4570,191,-5.35,0.0,-38.1,8.93,False,0.0,0.0,0.0,22.57,17.8,21.84,56.0
4571,191,-3.6,0.0,-37.78,7.27,False,0.0,0.0,0.0,22.75,17.25,22.09,54.48
4572,191,-3.01,0.0,-37.4,6.5,False,0.0,0.0,0.0,22.15,17.21,21.91,53.55
4573,191,-3.6,0.0,-37.16,6.84,False,0.0,0.0,0.0,22.21,16.77,22.19,53.57
4574,191,-5.35,0.0,-36.92,6.34,False,0.0,0.0,0.0,22.57,18.08,20.53,52.98
4575,191,-8.15,0.0,-36.68,7.19,False,0.0,0.0,0.0,23.16,17.21,22.35,53.38
4576,191,-11.82,0.0,-37.03,7.62,False,0.0,0.0,0.0,23.02,16.88,22.04,54.02
4577,191,-16.17,0.0,-37.17,7.99,False,0.0,0.0,0.0,22.69,16.47,21.87,54.42
4578,191,-20.94,0.0,-37.53,8.64,False,0.0,0.0,0.0,22.56,17.81,22.65,55.24
4579,191,-25.87,0.0,-37.84,9.09,False,0.0,0.0,0.0,23.1,17.09,10.77,55.87
4580,191,-30.65,0.0,-38.35,8.06,False,0.0,0.0,0.0,22.92,15.89,11.33,55.59
4581,191,-34.96,0.0,-38.7,7.82,False,0.0,0.0,0.0,21.73,10.94,11.7,55.74
4582,191,-38.42,0.0,-39.07,6.8,False,0.0,0.0,0.0,22.27,11.71,10.9,55.33
4583,191,-40.68,0.0,-39.64,6.72,False,0.0,0.0,0.0,22.89,11.74,10.1,55.8
4584,192,-41.34,0.0,-39.86,6.81,False,0.0,0.0,0.0,22.07,11.71,10.69,56.08
4585,192,-40.55,0.0,-40.07,5.91,False,0.0,0.0,0.0,22.45,11.59,11.45,55.59
4586,192,-38.29,0.0,-39.98,7.19,False,0.0,0.0,0.0,22.52,10.72,11.33,56.48
4587,192,-34.83,0.0,-40.32,7.24,False,0.0,0.0,0.0,22.74,11.2,11.49,56.84
4588,192,-30.53,0.0,-40.29,7.4,False,0.0,0.0,0.0,22.72,12.85,11.04,56.93
4589,192,-25.74,0.0,-40.07,8.14,False,0.0,0.0,0.0,22.69,12.73,10.58,57.29
4590,192,-20.81,0.0,-39.68,8.16,False,0.0,0.0,0.0,23.09,12.36,11.6,56.94
4591,192,-16.04,0.0,-39.31,7.47,False,0.0,0.0,0.0,22.61,12.29,11.38,56.06
4592,192,-11.7,0.0,-38.89,6.58,False,0.0,0.0,0.0,22.51,18.22,11.95,55.0
4593,192,-8.02,0.0,-38.31,5.28,False,0.0,0.0,0.0,22.06,16.6,10.98,53.49
4594,192,-5.22,0.0,-38.03,4.6,False,0.0,0.0,0.0,22.97,17.53,20.59,52.73
4595,192,-3.47,0.0,-37.29,4.5,False,0.0,0.0,0.0,22.21,16.6,20.18,51.98
4596,192,-2.87,0.0,-37.17,4.69,False,0.0,0.0,0.0,22.03,16.62,21.72,52.01
4597,192,-3.47,0.0,-36.81,4.48,False,0.0,0.0,0.0,22.5,17.79,22.09,51.53
4598,192,-5.22,0.0,-36.75,4.78,False,0.0,0.0,0.0,22.1,18.26,21.84,51.7
4599,192,-8.02,0.0,-36.59,5.79,False,0.0,0.0,0.0,22.18,17.34,21.6,52.28
4600,192,-11.7,0.0,-36.86,5.5,False,0.0,0.0,0.0,22.53,18.82,20.89,52.32
4601,192,-16.04,0.0,-37.05,6.76,False,0.0,0.0,0.0,22.32,17.67,20.68,53.41
4602,192,-20.81,0.0,-37.45,6.19,False,0.0,0.0,0.0,23.42,16.88,22.26,53.36
4603,192,-25.74,0.0,-37.86,7.8,False,0.0,0.0,0.0,22.51,16.63,11.34,54.94
4604,192,-30.53,0.0,-38.25,6.49,False,0.0,0.0,0.0,22.84,18.31,11.25,54.33
4605,192,-34.83,0.0,-38.94,7.25,False,0.0,0.0,0.0,21.9,12.0,10.42,55.55
4606,192,-38.29,0.0,-39.43,7.05,False,0.0,0.0,0.0,22.39,12.44,10.82,55.85
4607,192,-40.55,0.0,-39.78,6.38,False,0.0,0.0,0.0,22.34,9.77,11.53,55.68
4608,193,-41.2,0.0,-39.9,6.86,False,0.0,0.0,0.0,22.41,12.1,11.7,56.16
4609,193,-40.41,0.0,-40.2,6.55,False,0.0,0.0,0.0,22.99,11.49,11.39,56.2
4610,193,-38.16,0.0,-40.48,7.56,False,0.0,0.0,0.0,23.27,10.78,12.47,57.24
4611,193,-34.7,0.0,-40.48,5.93,False,0.0,0.0,0.0,23.0,11.85,11.1,55.98
4612,193,-30.4,0.0,-40.13,7.41,False,0.0,0.0,0.0,22.72,12.77,12.4,56.79
4613,193,-25.61,0.0,-40.12,6.14,False,0.0,0.0,0.0,22.56,13.71,11.65,55.81
4614,193,-20.69,0.0,-39.91,7.39,False,0.0,0.0,0.0,23.23,12.09,11.58,56.56
4615,193,-15.91,0.0,-39.46,6.11,False,0.0,0.0,0.0,23.56,11.33,12.15,55.17
4616,193,-11.57,0.0,-39.07,6.23,False,0.0,0.0,0.0,22.74,16.88,11.06,54.9
4617,193,-7.89,0.0,-38.72,7.42,False,0.0,0.0,0.0,23.02,18.27,11.27,55.47
4618,193,-5.09,0.0,-38.73,6.74,False,0.0,0.0,0.0,22.78,16.7,21.14,54.97
4619,193,-3.33,0.0,-38.21,7.06,False,0.0,0.0,0.0,22.89,18.0,22.65,54.72
4620,193,-2.74,0.0,-38.08,6.52,False,0.0,0.0,0.0,22.1,17.73,22.23,54.2
4621,193,-3.33,0.0,-38.2,7.91,False,0.0,0.0,0.0,22.39,17.65,22.77,55.34
4622,193,-5.09,0.0,-38.49,8.97,False,0.0,0.0,0.0,22.78,16.25,22.14,56.4
4623,193,-7.89,0.0,-38.22,8.36,False,0.0,0.0,0.0,23.07,17.21,22.77,55.69
4624,193,-11.57,0.0,-38.24,8.54,False,0.0,0.0,0.0,22.26,16.33,21.48,55.85
4625,193,-15.91,0.0,-38.41,8.79,False,0.0,0.0,0.0,21.8,17.03,22.69,56.19
4626,193,-20.69,0.0,-38.6,7.91,False,0.0,0.0,0.0,22.43,18.23,21.72,55.72
4627,193,-25.61,0.0,-38.97,7.83,False,0.0,0.0,0.0,23.08,18.48,11.5,56.01
4628,193,-30.4,0.0,-39.13,6.54,False,0.0,0.0,0.0,22.06,17.67,12.01,55.2
4629,193,-34.7,0.0,-39.76,6.63,False,0.0,0.0,0.0,22.3,11.44,13.13,55.84
4630,193,-38.16,0.0,-40.0,6.46,False,0.0,0.0,0.0,22.86,13.17,12.07,55.94
4631,193,-40.41,0.0,-40.76,7.07,False,0.0,0.0,0.0,22.85,11.43,12.14,57.12
4632,194,-41.06,0.0,-41.1,8.46,False,0.0,0.0,0.0,23.17,10.99,11.12,58.53
4633,194,-40.27,0.0,-41.41,8.29,False,0.0,0.0,0.0,22.48,12.46,11.61,58.69
4634,194,-38.01,0.0,-41.48,8.5,False,0.0,0.0,0.0,22.85,12.27,11.43,58.92
4635,194,-34.56,0.0,-41.67,9.15,False,0.0,0.0,0.0,23.48,11.47,12.49,59.61
4636,194,-30.26,0.0,-41.22,9.55,False,0.0,0.0,0.0,22.47,11.98,11.4,59.49
4637,194,-25.48,0.0,-40.96,8.35,False,0.0,0.0,0.0,23.51,12.25,12.43,58.31
4638,194,-20.55,0.0,-40.43,6.64,False,0.0,0.0,0.0,22.42,12.06,10.59,56.48
4639,194,-15.78,0.0,-40.05,5.45,False,0.0,0.0,0.0,23.15,12.27,12.48,55.22
4640,194,-11.43,0.0,-39.93,5.43,False,0.0,0.0,0.0,22.64,17.1,10.9,55.09
4641,194,-7.75,0.0,-39.35,5.55,False,0.0,0.0,0.0,22.26,17.92,12.1,54.65
4642,194,-4.95,0.0,-39.07,5.01,False,0.0,0.0,0.0,22.49,17.51,21.39,53.98
4643,194,-3.19,0.0,-38.53,5.64,False,0.0,0.0,0.0,22.84,17.12,22.43,53.95
4644,194,-2.59,0.0,-38.34,7.31,False,0.0,0.0,0.0,22.6,17.3,21.33,55.03
4645,194,-3.19,0.0,-38.06,8.89,False,0.0,0.0,0.0,23.01,17.42,22.73,55.93
4646,194,-4.95,0.0,-37.86,9.25,False,0.0,0.0,0.0,23.12,16.34,22.59,56.0
4647,194,-7.75,0.0,-37.84,8.21,False,0.0,0.0,0.0,22.07,16.99,21.58,55.22
4648,194,-11.43,0.0,-37.97,7.85,False,0.0,0.0,0.0,22.05,17.55,22.4,55.08
4649,194,-15.78,0.0,-38.04,7.05,False,0.0,0.0,0.0,22.04,16.42,22.66,54.55
4650,194,-20.55,0.0,-38.08,5.4,False,0.0,0.0,0.0,22.21,17.0,21.35,53.36
4651,194,-25.48,0.0,-38.57,4.37,False,0.0,0.0,0.0,23.07,19.41,10.78,53.05
4652,194,-30.26,0.0,-39.08,4.17,False,0.0,0.0,0.0,22.91,16.6,10.75,53.36
4653,194,-34.56,0.0,-39.38,3.75,False,0.0,0.0,0.0,22.51,11.59,10.65,53.31
4654,194,-38.01,0.0,-39.68,3.79,False,0.0,0.0,0.0,22.76,11.23,10.75,53.61
4655,194,-40.27,0.0,-40.1,4.25,False,0.0,0.0,0.0,23.37,11.81,12.15,54.34
4656,195,-40.91,0.0,-40.43,5.16,False,0.0,0.0,0.0,23.62,11.25,11.89,55.35
4657,195,-40.12,0.0,-40.39,5.69,False,0.0,0.0,0.0,22.95,11.71,10.31,55.71
4658,195,-37.87,0.0,-40.35,5.69,False,0.0,0.0,0.0,21.78,11.33,11.14,55.68
4659,195,-34.41,0.0,-40.42,6.09,False,0.0,0.0,0.0,22.97,12.74,10.69,56.05
4660,195,-30.12,0.0,-40.25,6.5,False,0.0,0.0,0.0,23.2,11.97,12.1,56.21
4661,195,-25.34,0.0,-39.96,6.32,False,0.0,0.0,0.0,22.89,11.1,11.19,55.8
4662,195,-20.41,0.0,-39.82,5.65,False,0.0,0.0,0.0,23.07,12.57,10.42,55.15
4663,195,-15.63,0.0,-39.56,6.36,False,0.0,0.0,0.0,22.89,11.13,11.62,55.45
4664,195,-11.28,0.0,-39.4,7.79,False,0.0,0.0,0.0,22.23,16.25,11.92,56.38
4665,195,-7.6,0.0,-38.64,8.45,False,0.0,0.0,0.0,22.28,17.5,10.83,56.16
4666,195,-4.8,0.0,-38.28,9.65,False,0.0,0.0,0.0,22.46,19.03,21.81,56.71
4667,195,-3.04,0.0,-37.81,10.61,False,0.0,0.0,0.0,22.96,16.04,21.37,56.96
4668,195,-2.44,0.0,-37.36,10.15,False,0.0,0.0,0.0,22.18,16.44,22.87,56.19
4669,195,-3.04,0.0,-37.16,11.31,False,0.0,0.0,0.0,22.64,18.1,21.7,56.83
4670,195,-4.8,0.0,-37.17,9.09,False,0.0,0.0,0.0,22.58,16.99,21.49,55.22
4671,195,-7.6,0.0,-37.28,9.15,False,0.0,0.0,0.0,23.11,17.99,21.96,55.38
4672,195,-11.28,0.0,-37.47,7.76,False,0.0,0.0,0.0,22.48,16.83,21.85,54.53
4673,195,-15.63,0.0,-37.72,7.34,False,0.0,0.0,0.0,21.82,17.61,22.48,54.46
4674,195,-20.41,0.0,-38.2,8.5,False,0.0,0.0,0.0,22.84,18.9,22.85,55.78
4675,195,-25.34,0.0,-38.41,6.33,False,0.0,0.0,0.0,23.46,16.54,12.36,54.36
4676,195,-30.12,0.0,-38.65,6.63,False,0.0,0.0,0.0,22.92,18.32,11.23,54.81
4677,195,-34.41,0.0,-39.13,6.04,False,0.0,0.0,0.0,22.38,12.44,11.71,54.81
4678,195,-37.87,0.0,-39.49,6.19,False,0.0,0.0,0.0,22.31,10.71,12.54,55.26
4679,195,-40.12,0.0,-39.99,7.64,False,0.0,0.0,0.0,22.42,12.35,12.57,56.84
4680,196,-40.75,0.0,-40.16,7.97,False,0.0,0.0,0.0,23.62,11.96,10.89,57.25
4681,196,-39.97,0.0,-40.35,8.0,False,0.0,0.0,0.0,22.71,11.97,11.91,57.45
4682,196,-37.71,0.0,-40.51,7.91,False,0.0,0.0,0.0,22.6,12.17,11.8,57.54
4683,196,-34.26,0.0,-40.75,8.8,False,0.0,0.0,0.0,22.83,11.62,12.15,58.45
4684,196,-29.97,0.0,-40.84,8.47,False,0.0,0.0,0.0,22.77,11.96,12.37,58.28
4685,196,-25.19,0.0,-40.53,6.72,False,0.0,0.0,0.0,23.49,12.09,10.77,56.63
4686,196,-20.26,0.0,-40.39,5.92,False,0.0,0.0,0.0,22.44,12.5,11.02,55.89
4687,196,-15.49,0.0,-39.89,6.83,False,0.0,0.0,0.0,23.26,10.68,12.14,56.12
4688,196,-11.13,0.0,-39.51,6.69,False,0.0,0.0,0.0,22.79,18.53,11.6,55.66
4689,196,-7.45,0.0,-39.01,5.42,False,0.0,0.0,0.0,23.16,16.58,9.94,54.23
4690,196,-4.64,0.0,-38.46,5.99,False,0.0,0.0,0.0,23.25,18.11,20.83,54.15
4691,196,-2.88,0.0,-38.02,6.1,False,0.0,0.0,0.0,22.6,17.56,22.46,53.83
4692,196,-2.28,0.0,-37.57,6.43,False,0.0,0.0,0.0,22.38,16.48,22.59,53.66
4693,196,-2.88,0.0,-37.47,5.52,False,0.0,0.0,0.0,22.52,17.92,21.06,52.9
4694,196,-4.64,0.0,-37.14,6.05,False,0.0,0.0,0.0,22.42,16.74,22.77,52.97
4695,196,-7.45,0.0,-37.12,6.02,False,0.0,0.0,0.0,21.79,18.36,21.86,52.94
4696,196,-11.13,0.0,-37.26,5.42,False,0.0,0.0,0.0,23.09,16.93,21.28,52.63
4697,196,-15.49,0.0,-37.51,6.43,False,0.0,0.0,0.0,22.6,16.3,21.61,53.6
4698,196,-20.26,0.0,-37.8,7.17,False,0.0,0.0,0.0,22.07,18.73,21.14,54.42
4699,196,-25.19,0.0,-37.84,6.82,False,0.0,0.0,0.0,21.71,17.65,11.07,54.19
4700,196,-29.97,0.0,-38.04,6.25,False,0.0,0.0,0.0,21.63,18.19,10.19,53.95
4701,196,-34.26,0.0,-38.53,6.09,False,0.0,0.0,0.0,22.93,11.22,11.45,54.3
4702,196,-37.71,0.0,-38.86,6.89,False,0.0,0.0,0.0,22.42,10.39,11.91,55.2
4703,196,-39.97,0.0,-39.01,6.63,False,0.0,0.0,0.0,22.5,13.24,10.56,55.15
4704,197,-40.59,0.0,-39.36,5.57,False,0.0,0.0,0.0,22.92,11.89,11.51,54.67
4705,197,-39.8,0.0,-39.52,6.32,False,0.0,0.0,0.0,22.54,12.29,10.94,55.39
4706,197,-37.55,0.0,-39.6,7.38,False,0.0,0.0,0.0,22.97,12.43,11.97,56.27
4707,197,-34.11,0.0,-39.5,9.31,False,0.0,0.0,0.0,22.78,11.63,9.88,57.64
4708,197,-29.81,0.0,-39.75,8.33,False,0.0,0.0,0.0,22.74,12.08,12.0,57.13
4709,197,-25.04,0.0,-39.55,7.43,False,0.0,0.0,0.0,22.12,13.18,10.23,56.26
4710,197,-20.11,0.0,-39.38,6.84,False,0.0,0.0,0.0,22.4,11.87,11.35,55.66
4711,197,-15.33,0.0,-38.98,7.32,False,0.0,0.0,0.0,22.92,12.65,11.0,55.64
4712,197,-10.98,0.0,-38.66,7.5,False,0.0,0.0,0.0,22.37,15.91,11.25,55.47
4713,197,-7.29,0.0,-38.37,6.53,False,0.0,0.0,0.0,23.09,18.4,10.43,54.47
4714,197,-4.48,0.0,-37.94,6.58,False,0.0,0.0,0.0,23.49,16.28,23.16,54.11
4715,197,-2.72,0.0,-37.74,6.72,False,0.0,0.0,0.0,22.79,18.31,21.1,54.03
4716,197,-2.12,0.0,-37.51,7.18,False,0.0,0.0,0.0,23.1,17.81,21.15,54.15
4717,197,-2.72,0.0,-37.24,6.49,False,0.0,0.0,0.0,22.76,17.42,23.26,53.4
4718,197,-4.48,0.0,-36.93,5.53,False,0.0,0.0,0.0,22.22,17.42,22.23,52.41
4719,197,-7.29,0.0,-36.86,4.63,False,0.0,0.0,0.0,22.5,17.3,21.12,51.69
4720,197,-10.98,0.0,-36.75,5.8,False,0.0,0.0,0.0,23.22,16.84,21.91,52.44
4721,197,-15.33,0.0,-37.13,5.84,False,0.0,0.0,0.0,22.25,17.34,21.83,52.82
4722,197,-20.11,0.0,-37.37,6.09,False,0.0,0.0,0.0,22.07,19.27,20.82,53.22
4723,197,-25.04,0.0,-37.7,5.35,False,0.0,0.0,0.0,22.07,18.54,10.97,52.98
4724,197,-29.81,0.0,-38.0,6.34,False,0.0,0.0,0.0,22.47,16.8,11.48,53.99
4725,197,-34.11,0.0,-38.55,7.22,False,0.0,0.0,0.0,22.23,12.11,12.39,55.16
4726,197,-37.55,0.0,-38.85,7.72,False,0.0,0.0,0.0,23.33,11.98,11.37,55.82
4727,197,-39.8,0.0,-39.15,8.04,False,0.0,0.0,0.0,22.78,11.79,11.42,56.34
4728,198,-40.42,0.0,-39.49,9.26,False,0.0,0.0,0.0,23.13,11.1,10.93,57.59
4729,198,-39.63,0.0,-39.65,10.78,False,0.0,0.0,0.0,22.64,12.26,12.27,58.9
4730,198,-37.39,0.0,-39.99,10.31,False,0.0,0.0,0.0,22.34,12.58,12.13,58.88
4731,198,-33.94,0.0,-40.18,11.3,False,0.0,0.0,0.0,22.3,11.23,12.05,59.82
4732,198,-29.65,0.0,-40.15,10.09,False,0.0,0.0,0.0,22.46,13.46,11.58,58.87
4733,198,-24.88,0.0,-39.89,9.88,False,0.0,0.0,0.0,22.93,13.12,10.38,58.44
4734,198,-19.95,0.0,-39.67,7.88,False,0.0,0.0,0.0,22.97,12.34,12.26,56.71
4735,198,-15.17,0.0,-39.64,7.15,False,0.0,0.0,0.0,23.0,10.91,11.54,56.13
4736,198,-10.81,0.0,-39.46,7.42,False,0.0,0.0,0.0,22.14,17.82,11.28,56.16
4737,198,-7.12,0.0,-39.2,6.85,False,0.0,0.0,0.0,22.7,17.73,11.81,55.5
4738,198,-4.31,0.0,-38.79,6.54,False,0.0,0.0,0.0,22.24,17.91,22.16,54.88
4739,198,-2.55,0.0,-38.71,6.67,False,0.0,0.0,0.0,22.81,18.77,21.25,54.9
4740,198,-1.95,0.0,-38.32,6.99,False,0.0,0.0,0.0,22.79,17.36,21.78,54.77
4741,198,-2.55,0.0,-38.16,7.12,False,0.0,0.0,0.0,22.11,19.14,20.67,54.71
4742,198,-4.31,0.0,-37.89,6.14,False,0.0,0.0,0.0,22.93,17.83,22.06,53.74
4743,198,-7.12,0.0,-37.97,6.56,False,0.0,0.0,0.0,23.49,17.27,22.93,54.12
4744,198,-10.81,0.0,-37.6,6.71,False,0.0,0.0,0.0,22.85,19.42,20.74,53.88
4745,198,-15.17,0.0,-37.7,6.46,False,0.0,0.0,0.0,22.46,18.16,22.09,53.8
4746,198,-19.95,0.0,-37.84,7.74,False,0.0,0.0,0.0,22.41,17.14,22.47,54.87
4747,198,-24.88,0.0,-38.43,7.39,False,0.0,0.0,0.0,22.53,17.57,12.07,55.17
4748,198,-29.65,0.0,-38.77,7.02,False,0.0,0.0,0.0,22.35,18.01,10.98,55.21
4749,198,-33.94,0.0,-39.16,6.07,False,0.0,0.0,0.0,22.8,11.78,10.73,54.86
4750,198,-37.39,0.0,-39.57,5.77,False,0.0,0.0,0.0,22.29,12.01,11.09,55.01
4751,198,-39.63,0.0,-39.7,7.73,False,0.0,0.0,0.0,22.01,11.25,12.33,56.63
4752,199,-40.24,0.0,-39.97,7.14,False,0.0,0.0,0.0,22.88,10.55,10.3,56.44
4753,199,-39.46,0.0,-40.24,6.81,False,0.0,0.0,0.0,22.84,11.99,10.65,56.44
4754,199,-37.21,0.0,-40.61,7.87,False,0.0,0.0,0.0,22.64,12.01,11.18,57.6
4755,199,-33.77,0.0,-40.5,7.11,False,0.0,0.0,0.0,22.35,12.32,10.82,56.91
4756,199,-29.49,0.0,-40.45,8.44,False,0.0,0.0,0.0,22.97,11.44,11.47,57.89
4757,199,-24.71,0.0,-40.41,7.86,False,0.0,0.0,0.0,22.45,10.83,12.49,57.4
4758,199,-19.78,0.0,-40.16,8.53,False,0.0,0.0,0.0,22.76,11.13,10.66,57.68
4759,199,-15.0,0.0,-39.91,8.67,False,0.0,0.0,0.0,23.49,12.74,11.4,57.54
4760,199,-10.64,0.0,-39.47,8.28,False,0.0,0.0,0.0,23.0,16.97,11.49,56.83
4761,199,-6.95,0.0,-39.2,8.15,False,0.0,0.0,0.0,22.16,17.15,11.27,56.47
4762,199,-4.14,0.0,-39.21,7.82,False,0.0,0.0,0.0,22.2,17.25,20.9,56.24
4763,199,-2.38,0.0,-39.0,6.84,False,0.0,0.0,0.0,22.74,17.0,21.55,55.29
4764,199,-1.77,0.0,-38.62,5.96,False,0.0,0.0,0.0,22.08,16.95,21.56,54.28
4765,199,-2.38,0.0,-38.59,7.16,False,0.0,0.0,0.0,21.83,16.8,22.44,55.15
4766,199,-4.14,0.0,-38.42,6.89,False,0.0,0.0,0.0,22.82,18.62,22.29,54.79
4767,199,-6.95,0.0,-37.97,6.75,False,0.0,0.0,0.0,22.68,18.04,20.91,54.27
4768,199,-10.64,0.0,-38.07,5.72,False,0.0,0.0,0.0,22.75,18.5,21.73,53.59
4769,199,-15.0,0.0,-38.26,5.21,False,0.0,0.0,0.0,22.7,18.66,21.65,53.39
4770,199,-19.78,0.0,-38.54,4.36,False,0.0,0.0,0.0,22.6,15.62,23.37,53.02
4771,199,-24.71,0.0,-39.06,3.42,False,0.0,0.0,0.0,22.42,17.77,11.7,52.77
4772,199,-29.49,0.0,-39.39,3.67,False,0.0,0.0,0.0,22.93,17.03,10.75,53.27
4773,199,-33.77,0.0,-39.75,4.18,False,0.0,0.0,0.0,23.38,12.79,10.96,53.97
4774,199,-37.21,0.0,-40.21,5.42,False,0.0,0.0,0.0,22.63,11.31,11.24,55.34
4775,199,-39.46,0.0,-40.42,5.38,False,0.0,0.0,0.0,22.44,11.06,11.75,55.5
4776,200,-40.06,0.0,-40.85,6.62,False,0.0,0.0,0.0,22.45,10.75,11.84,56.86
4777,200,-39.28,0.0,-41.03,6.37,False,0.0,0.0,0.0,22.58,11.66,11.64,56.83
4778,200,-37.04,0.0,-41.4,6.69,False,0.0,0.0,0.0,23.05,12.63,11.35,57.43
4779,200,-33.6,0.0,-41.25,8.32,False,0.0,0.0,0.0,22.09,12.1,11.4,58.56
4780,200,-29.32,0.0,-41.49,6.96,False,0.0,0.0,0.0,23.15,10.94,11.41,57.72
4781,200,-24.54,0.0,-41.64,7.45,False,0.0,0.0,0.0,23.25,13.62,10.25,58.25
4782,200,-19.61,0.0,-41.37,7.86,False,0.0,0.0,0.0,22.24,12.42,11.46,58.31
4783,200,-14.83,0.0,-40.89,8.25,False,0.0,0.0,0.0,22.51,12.52,11.1,58.16
4784,200,-10.47,0.0,-40.56,7.87,False,0.0,0.0,0.0,22.9,18.53,10.34,57.55
4785,200,-6.77,0.0,-40.19,6.62,False,0.0,0.0,0.0,22.77,16.19,13.19,56.24
4786,200,-3.96,0.0,-39.86,7.83,False,0.0,0.0,0.0,22.99,16.77,22.22,56.85
4787,200,-2.19,0.0,-39.64,8.7,False,0.0,0.0,0.0,22.7,18.16,22.01,57.31
4788,200,-1.59,0.0,-39.59,7.08,False,0.0,0.0,0.0,23.26,16.85,21.74,56.03
4789,200,-2.19,0.0,-39.44,6.15,False,0.0,0.0,0.0,22.6,17.28,22.51,55.19
4790,200,-3.96,0.0,-39.11,6.23,False,0.0,0.0,0.0,22.3,17.44,21.19,54.94
4791,200,-6.77,0.0,-38.97,5.96,False,0.0,0.0,0.0,22.25,16.48,21.78,54.6
4792,200,-10.47,0.0,-39.07,5.26,False,0.0,0.0,0.0,22.98,17.21,21.33,54.17
4793,200,-14.83,0.0,-38.88,3.92,False,0.0,0.0,0.0,22.68,18.23,22.51,52.99
4794,200,-19.61,0.0,-39.41,4.3,False,0.0,0.0,0.0,22.98,18.08,21.42,53.76
4795,200,-24.54,0.0,-39.65,4.44,False,0.0,0.0,0.0,23.0,18.39,12.27,54.08
4796,200,-29.32,0.0,-40.23,5.81,False,0.0,0.0,0.0,22.02,18.31,11.43,55.66
4797,200,-33.6,0.0,-40.46,5.65,False,0.0,0.0,0.0,22.4,12.22,12.04,55.75
4798,200,-37.04,0.0,-40.53,5.54,False,0.0,0.0,0.0,22.45,12.16,11.78,55.72
4799,200,-39.28,0.0,-40.77,5.58,False,0.0,0.0,0.0,22.57,12.1,12.24,55.98
4800,201,-39.87,0.0,-41.21,7.17,False,0.0,0.0,0.0,22.78,11.4,10.85,57.63
4801,201,-39.09,0.0,-41.19,8.29,False,0.0,0.0,0.0,23.34,11.08,12.13,58.48
4802,201,-36.85,0.0,-41.26,7.76,False,0.0,0.0,0.0,23.43,11.35,10.2,58.13
4803,201,-33.42,0.0,-41.64,7.67,False,0.0,0.0,0.0,22.88,11.64,11.53,58.42
4804,201,-29.14,0.0,-41.57,8.85,False,0.0,0.0,0.0,22.89,11.38,11.12,59.28
4805,201,-24.37,0.0,-41.6,9.11,False,0.0,0.0,0.0,22.71,12.23,10.52,59.51
4806,201,-19.44,0.0,-41.29,7.64,False,0.0,0.0,0.0,22.99,12.06,10.87,58.06
4807,201,-14.65,0.0,-40.75,7.29,False,0.0,0.0,0.0,22.97,12.15,11.05,57.28
4808,201,-10.29,0.0,-40.34,7.38,False,0.0,0.0,0.0,23.16,17.78,11.36,56.97
4809,201,-6.59,0.0,-39.91,8.6,False,0.0,0.0,0.0,23.11,18.46,11.13,57.5
4810,201,-3.77,0.0,-39.39,8.79,False,0.0,0.0,0.0,21.81,17.49,22.06,57.14
4811,201,-2.01,0.0,-38.91,9.99,False,0.0,0.0,0.0,22.61,18.31,21.42,57.58
4812,201,-1.4,0.0,-38.75,9.95,False,0.0,0.0,0.0,23.2,17.91,21.67,57.39
4813,201,-2.01,0.0,-38.4,9.7,False,0.0,0.0,0.0,22.43,18.4,21.8,56.86
4814,201,-3.77,0.0,-38.24,8.05,False,0.0,0.0,0.0,23.04,18.79,22.13,55.48
4815,201,-6.59,0.0,-38.18,8.35,False,0.0,0.0,0.0,22.46,17.96,22.59,55.65
4816,201,-10.29,0.0,-37.94,6.89,False,0.0,0.0,0.0,22.62,17.58,22.6,54.34
4817,201,-14.65,0.0,-38.07,6.61,False,0.0,0.0,0.0,22.11,17.58,22.17,54.26
4818,201,-19.44,0.0,-38.38,6.76,False,0.0,0.0,0.0,22.17,17.12,22.3,54.66
4819,201,-24.37,0.0,-38.8,6.67,False,0.0,0.0,0.0,22.95,17.1,11.72,54.98
4820,201,-29.14,0.0,-39.24,6.79,False,0.0,0.0,0.0,23.06,18.22,11.28,55.48
4821,201,-33.42,0.0,-39.32,5.68,False,0.0,0.0,0.0,22.73,11.13,12.13,54.72
4822,201,-36.85,0.0,-39.7,7.13,False,0.0,0.0,0.0,22.27,13.19,10.86,56.18
4823,201,-39.09,0.0,-40.13,5.42,False,0.0,0.0,0.0,22.83,11.78,10.07,55.26
4824,202,-39.67,0.0,-40.25,5.54,False,0.0,0.0,0.0,23.33,14.19,10.77,55.47
4825,202,-38.9,0.0,-40.33,4.84,False,0.0,0.0,0.0,23.54,11.35,12.48,55.0
4826,202,-36.66,0.0,-40.57,5.51,False,0.0,0.0,0.0,22.74,12.1,11.29,55.74
4827,202,-33.23,0.0,-40.65,5.25,False,0.0,0.0,0.0,22.21,11.62,11.69,55.61
4828,202,-28.95,0.0,-40.49,3.97,False,0.0,0.0,0.0,23.19,11.27,11.31,54.48
4829,202,-24.18,0.0,-40.66,5.74,False,0.0,0.0,0.0,22.77,12.75,11.89,56.01
4830,202,-19.25,0.0,-40.27,5.79,False,0.0,0.0,0.0,23.21,11.02,11.55,55.68
4831,202,-14.47,0.0,-40.1,6.34,False,0.0,0.0,0.0,22.92,11.36,11.45,55.94
4832,202,-10.1,0.0,-39.59,6.7,False,0.0,0.0,0.0,22.4,17.97,11.93,55.74
4833,202,-6.4,0.0,-39.53,6.63,False,0.0,0.0,0.0,22.77,18.1,11.17,55.63
4834,202,-3.58,0.0,-38.83,6.65,False,0.0,0.0,0.0,23.18,16.39,22.26,54.99
4835,202,-1.81,0.0,-38.55,5.9,False,0.0,0.0,0.0,22.57,17.97,21.88,54.17
4836,202,-1.21,0.0,-38.13,5.57,False,0.0,0.0,0.0,22.16,17.6,21.92,53.54
4837,202,-1.81,0.0,-37.83,6.25,False,0.0,0.0,0.0,21.9,16.77,21.43,53.76
4838,202,-3.58,0.0,-37.38,6.09,False,0.0,0.0,0.0,22.18,16.87,21.85,53.23
4839,202,-6.4,0.0,-37.22,7.21,False,0.0,0.0,0.0,22.3,15.87,21.62,53.9
4840,202,-10.1,0.0,-37.14,8.79,False,0.0,0.0,0.0,22.79,18.87,22.79,54.98
4841,202,-14.47,0.0,-37.18,8.05,False,0.0,0.0,0.0,22.01,18.31,20.82,54.47
4842,202,-19.25,0.0,-37.43,8.21,False,0.0,0.0,0.0,23.11,16.47,22.62,54.83
4843,202,-24.18,0.0,-37.79,7.6,False,0.0,0.0,0.0,22.0,18.14,10.28,54.72
4844,202,-28.95,0.0,-38.27,7.03,False,0.0,0.0,0.0,23.52,17.04,11.88,54.75
4845,202,-33.23,0.0,-38.74,7.12,False,0.0,0.0,0.0,23.34,12.63,10.91,55.27
4846,202,-36.66,0.0,-39.37,6.43,False,0.0,0.0,0.0,22.78,11.5,11.9,55.33
4847,202,-38.9,0.0,-39.84,7.07,False,0.0,0.0,0.0,22.12,11.61,11.42,56.26
4848,203,-39.47,0.0,-40.22,7.4,False,0.0,0.0,0.0,22.8,11.67,10.5,56.87
4849,203,-38.7,0.0,-40.53,6.87,False,0.0,0.0,0.0,22.71,11.37,12.45,56.76
4850,203,-36.46,0.0,-40.55,7.56,False,0.0,0.0,0.0,22.36,13.02,12.04,57.31
4851,203,-33.04,0.0,-40.65,7.51,False,0.0,0.0,0.0,22.99,12.62,11.85,57.36
4852,203,-28.76,0.0,-40.73,7.14,False,0.0,0.0,0.0,22.56,11.99,11.05,57.15
4853,203,-23.99,0.0,-40.02,6.79,False,0.0,0.0,0.0,22.52,12.72,12.07,56.21
4854,203,-19.07,0.0,-39.64,7.02,False,0.0,0.0,0.0,22.68,10.6,10.6,56.03
4855,203,-14.28,0.0,-39.42,7.61,False,0.0,0.0,0.0,22.5,10.92,9.94,56.27
4856,203,-9.91,0.0,-38.94,7.59,False,0.0,0.0,0.0,23.5,17.88,10.41,55.81
4857,203,-6.21,0.0,-38.77,7.01,False,0.0,0.0,0.0,22.44,18.09,10.85,55.21
4858,203,-3.38,0.0,-38.42,6.69,False,0.0,0.0,0.0,22.79,17.72,21.47,54.65
4859,203,-1.61,0.0,-38.12,7.47,False,0.0,0.0,0.0,22.63,15.99,21.7,54.94
4860,203,-1.01,0.0,-37.77,8.03,False,0.0,0.0,0.0,22.67,16.65,21.73,55.02
4861,203,-1.61,0.0,-37.68,7.18,False,0.0,0.0,0.0,22.69,17.83,21.55,54.31
4862,203,-3.38,0.0,-37.41,8.19,False,0.0,0.0,0.0,22.84,19.44,20.52,54.79
4863,203,-6.21,0.0,-37.37,8.23,False,0.0,0.0,0.0,22.59,18.47,22.13,54.79
4864,203,-9.91,0.0,-37.33,8.78,False,0.0,0.0,0.0,22.57,18.76,21.81,55.15
4865,203,-14.28,0.0,-37.33,9.13,False,0.0,0.0,0.0,22.5,17.77,21.51,55.41
4866,203,-19.07,0.0,-37.46,8.23,False,0.0,0.0,0.0,22.44,17.77,22.98,54.87
4867,203,-23.99,0.0,-37.63,9.99,False,0.0,0.0,0.0,22.15,16.67,11.33,56.33
4868,203,-28.76,0.0,-38.1,8.36,False,0.0,0.0,0.0,22.55,18.26,11.54,55.58
4869,203,-33.04,0.0,-38.28,7.77,False,0.0,0.0,0.0,22.69,11.84,12.06,55.31
4870,203,-36.46,0.0,-38.77,7.68,False,0.0,0.0,0.0,22.81,12.45,10.46,55.71
4871,203,-38.7,0.0,-39.17,7.73,False,0.0,0.0,0.0,22.77,11.92,11.48,56.13
4872,204,-39.27,0.0,-39.42,8.67,False,0.0,0.0,0.0,22.64,12.12,12.05,57.08
4873,204,-38.49,0.0,-39.88,8.23,False,0.0,0.0,0.0,22.76,11.83,11.44,57.19
4874,204,-36.26,0.0,-40.43,8.81,False,0.0,0.0,0.0,22.63,12.08,10.59,58.16
4875,204,-32.84,0.0,-40.64,9.12,False,0.0,0.0,0.0,23.0,12.7,11.16,58.59
4876,204,-28.57,0.0,-40.71,10.37,False,0.0,0.0,0.0,22.8,10.89,11.63,59.62
4877,204,-23.8,0.0,-40.69,9.28,False,0.0,0.0,0.0,22.95,10.71,10.03,58.76
4878,204,-18.87,0.0,-40.43,8.84,False,0.0,0.0,0.0,23.25,12.24,10.55,58.18
4879,204,-14.08,0.0,-40.26,8.65,False,0.0,0.0,0.0,22.55,13.05,12.88,57.86
4880,204,-9.71,0.0,-39.93,8.79,False,0.0,0.0,0.0,23.03,18.85,11.84,57.65
4881,204,-6.01,0.0,-39.38,8.89,False,0.0,0.0,0.0,22.74,16.52,12.54,57.21
4882,204,-3.18,0.0,-38.78,8.69,False,0.0,0.0,0.0,23.46,17.18,22.61,56.48
4883,204,-1.41,0.0,-38.45,9.1,False,0.0,0.0,0.0,22.53,16.32,22.28,56.47
4884,204,-0.8,0.0,-38.06,9.77,False,0.0,0.0,0.0,22.85,17.06,21.78,56.59
4885,204,-1.41,0.0,-37.96,8.66,False,0.0,0.0,0.0,22.56,18.4,22.27,55.67
4886,204,-3.18,0.0,-37.85,8.6,False,0.0,0.0,0.0,21.99,17.49,23.01,55.51
4887,204,-6.01,0.0,-37.74,9.17,False,0.0,0.0,0.0,22.32,17.2,22.58,55.83
4888,204,-9.71,0.0,-37.63,8.29,False,0.0,0.0,0.0,22.87,17.94,22.12,55.08
4889,204,-14.08,0.0,-38.17,9.11,False,0.0,0.0,0.0,22.41,16.86,21.88,56.2
4890,204,-18.87,0.0,-38.69,6.91,False,0.0,0.0,0.0,21.75,18.77,22.35,55.06
4891,204,-23.8,0.0,-38.83,6.81,False,0.0,0.0,0.0,22.65,17.51,11.13,55.11
4892,204,-28.57,0.0,-39.31,6.64,False,0.0,0.0,0.0,22.28,17.18,11.85,55.43
4893,204,-32.84,0.0,-39.69,5.32,False,0.0,0.0,0.0,22.81,12.37,11.01,54.78
4894,204,-36.26,0.0,-39.81,6.31,False,0.0,0.0,0.0,23.4,12.65,11.25,55.65
4895,204,-38.49,0.0,-39.93,4.91,False,0.0,0.0,0.0,23.1,13.18,10.78,54.7
4896,205,-39.05,0.0,-40.27,5.95,False,0.0,0.0,0.0,23.45,11.73,11.19,55.8
4897,205,-38.28,0.0,-40.57,6.3,False,0.0,0.0,0.0,22.64,12.77,11.02,56.35
4898,205,-36.05,0.0,-40.81,6.38,False,0.0,0.0,0.0,22.84,11.98,12.68,56.63
4899,205,-32.64,0.0,-40.85,7.11,False,0.0,0.0,0.0,22.48,11.41,10.87,57.24
4900,205,-28.37,0.0,-40.99,4.81,False,0.0,0.0,0.0,22.65,11.28,11.77,55.58
4901,205,-23.6,0.0,-40.59,5.0,False,0.0,0.0,0.0,22.5,11.02,10.84,55.37
4902,205,-18.67,0.0,-40.26,4.87,False,0.0,0.0,0.0,22.31,11.31,11.53,54.97
4903,205,-13.88,0.0,-39.84,7.42,False,0.0,0.0,0.0,23.33,12.79,11.7,56.52
4904,205,-9.51,0.0,-39.39,6.9,False,0.0,0.0,0.0,21.89,18.07,10.2,55.7
4905,205,-5.8,0.0,-38.85,7.17,False,0.0,0.0,0.0,23.21,16.51,10.52,55.4
4906,205,-2.97,0.0,-38.48,9.7,False,0.0,0.0,0.0,23.12,16.1,21.33,56.94
4907,205,-1.19,0.0,-38.09,10.53,False,0.0,0.0,0.0,22.77,16.61,21.09,57.18
4908,205,-0.59,0.0,-37.91,12.57,False,0.0,0.0,0.0,22.1,16.88,22.06,58.5
4909,205,-1.19,0.0,-37.62,12.2,False,0.0,0.0,0.0,21.88,17.26,22.17,57.94
4910,205,-2.97,0.0,-37.31,12.66,False,0.0,0.0,0.0,22.26,18.44,21.26,57.97
4911,205,-5.8,0.0,-37.34,12.94,False,0.0,0.0,0.0,22.73,17.06,22.09,58.2
4912,205,-9.51,0.0,-37.39,10.59,False,0.0,0.0,0.0,22.49,18.84,21.7,56.53
4913,205,-13.88,0.0,-37.3,9.93,False,0.0,0.0,0.0,22.06,16.16,21.93,55.96
4914,205,-18.67,0.0,-37.78,8.67,False,0.0,0.0,0.0,22.99,17.22,21.56,55.5
4915,205,-23.6,0.0,-37.73,7.32,False,0.0,0.0,0.0,23.2,18.13,11.84,54.46
4916,205,-28.37,0.0,-37.84,7.7,False,0.0,0.0,0.0,22.45,18.18,12.64,54.84
4917,205,-32.64,0.0,-38.35,7.8,False,0.0,0.0,0.0,22.65,11.63,12.04,55.4
4918,205,-36.05,0.0,-38.75,8.08,False,0.0,0.0,0.0,22.05,12.7,12.48,55.99
4919,205,-38.28,0.0,-39.06,9.0,False,0.0,0.0,0.0,22.52,12.55,10.52,56.98
4920,206,-38.84,0.0,-39.12,8.32,False,0.0,0.0,0.0,22.9,11.35,11.03,56.53
4921,206,-38.06,0.0,-39.13,7.83,False,0.0,0.0,0.0,22.84,12.15,11.9,56.17
4922,206,-35.84,0.0,-39.4,8.25,False,0.0,0.0,0.0,22.52,12.46,12.56,56.74
4923,206,-32.43,0.0,-39.45,7.67,False,0.0,0.0,0.0,22.62,11.41,11.96,56.35
4924,206,-28.16,0.0,-39.53,8.53,False,0.0,0.0,0.0,22.56,13.26,10.78,57.07
4925,206,-23.4,0.0,-39.31,7.79,False,0.0,0.0,0.0,22.61,11.23,11.2,56.31
4926,206,-18.47,0.0,-39.02,7.67,False,0.0,0.0,0.0,22.85,12.02,11.73,55.94
4927,206,-13.68,0.0,-38.55,8.76,False,0.0,0.0,0.0,21.84,10.9,11.38,56.3
4928,206,-9.3,0.0,-37.98,8.12,False,0.0,0.0,0.0,22.53,17.58,10.94,55.28
4929,206,-5.59,0.0,-37.61,8.07,False,0.0,0.0,0.0,22.65,16.65,11.3,54.9
4930,206,-2.75,0.0,-37.52,6.93,False,0.0,0.0,0.0,22.27,17.26,21.99,53.97
4931,206,-0.98,0.0,-37.29,7.74,False,0.0,0.0,0.0,22.28,16.23,21.24,54.35
4932,206,-0.37,0.0,-36.94,7.04,False,0.0,0.0,0.0,22.25,18.14,22.69,53.51
4933,206,-0.98,0.0,-36.54,7.2,False,0.0,0.0,0.0,22.19,17.79,21.69,53.24
4934,206,-2.75,0.0,-36.27,6.83,False,0.0,0.0,0.0,22.35,18.37,21.95,52.73
4935,206,-5.59,0.0,-36.25,7.25,False,0.0,0.0,0.0,22.4,17.22,22.72,53.01
4936,206,-9.3,0.0,-36.15,8.95,False,0.0,0.0,0.0,21.5,18.41,21.91,54.13
4937,206,-13.68,0.0,-36.41,7.47,False,0.0,0.0,0.0,22.63,17.53,22.69,53.32
4938,206,-18.47,0.0,-36.94,8.48,False,0.0,0.0,0.0,22.32,17.59,21.28,54.56
4939,206,-23.4,0.0,-37.46,8.2,False,0.0,0.0,0.0,23.27,19.19,11.8,54.85
4940,206,-28.16,0.0,-37.74,8.91,False,0.0,0.0,0.0,22.05,17.11,12.09,55.63
4941,206,-32.43,0.0,-38.19,8.71,False,0.0,0.0,0.0,22.24,12.88,10.92,55.92
4942,206,-35.84,0.0,-38.68,7.9,False,0.0,0.0,0.0,22.56,12.28,11.38,55.79
4943,206,-38.06,0.0,-39.13,8.97,False,0.0,0.0,0.0,22.86,11.44,11.39,57.02
4944,207,-38.61,0.0,-39.49,9.56,False,0.0,0.0,0.0,21.96,10.85,11.65,57.82
4945,207,-37.84,0.0,-39.69,9.56,False,0.0,0.0,0.0,22.43,11.07,11.83,58.01
4946,207,-35.62,0.0,-39.83,8.84,False,0.0,0.0,0.0,23.02,12.8,10.86,57.6
4947,207,-32.21,0.0,-39.81,10.86,False,0.0,0.0,0.0,22.4,13.29,11.46,59.12
4948,207,-27.95,0.0,-39.77,10.54,False,0.0,0.0,0.0,23.32,11.97,12.61,58.84
4949,207,-23.19,0.0,-39.84,9.11,False,0.0,0.0,0.0,22.6,12.02,12.24,57.82
4950,207,-18.26,0.0,-39.24,8.18,False,0.0,0.0,0.0,22.35,12.52,12.06,56.53
4951,207,-13.47,0.0,-39.13,7.05,False,0.0,0.0,0.0,22.94,11.96,11.37,55.57
4952,207,-9.09,0.0,-38.73,6.63,False,0.0,0.0,0.0,23.29,18.38,12.99,54.88
4953,207,-5.37,0.0,-38.12,4.22,False,0.0,0.0,0.0,22.74,17.73,12.22,52.52
4954,207,-2.53,0.0,-37.79,3.49,False,0.0,0.0,0.0,23.04,17.61,22.03,51.7
4955,207,-0.75,0.0,-37.54,4.77,False,0.0,0.0,0.0,23.18,16.94,22.15,52.41
4956,207,-0.15,0.0,-37.6,4.22,False,0.0,0.0,0.0,22.14,16.74,21.68,52.06
4957,207,-0.75,0.0,-37.63,4.37,False,0.0,0.0,0.0,22.89,14.97,22.28,52.2
4958,207,-2.53,0.0,-37.48,4.3,False,0.0,0.0,0.0,21.89,18.49,22.42,52.01
4959,207,-5.37,0.0,-37.34,3.85,False,0.0,0.0,0.0,22.65,17.38,22.49,51.55
4960,207,-9.09,0.0,-37.35,4.31,False,0.0,0.0,0.0,22.45,17.18,21.87,51.9
4961,207,-13.47,0.0,-37.46,4.09,False,0.0,0.0,0.0,22.99,15.94,20.97,51.84
4962,207,-18.26,0.0,-37.87,6.19,False,0.0,0.0,0.0,23.01,16.99,22.17,53.76
4963,207,-23.19,0.0,-38.5,7.5,False,0.0,0.0,0.0,22.85,16.88,11.99,55.32
4964,207,-27.95,0.0,-38.88,9.05,False,0.0,0.0,0.0,22.78,16.86,10.82,56.84
4965,207,-32.21,0.0,-39.15,9.31,False,0.0,0.0,0.0,22.9,12.17,11.44,57.3
4966,207,-35.62,0.0,-39.41,9.3,False,0.0,0.0,0.0,22.75,12.0,12.44,57.54
4967,207,-37.84,0.0,-39.66,8.42,False,0.0,0.0,0.0,22.73,10.81,10.66,57.11
4968,208,-38.38,0.0,-39.83,7.62,False,0.0,0.0,0.0,23.36,10.86,11.3,56.68
4969,208,-37.61,0.0,-40.12,6.02,False,0.0,0.0,0.0,23.44,10.86,12.54,55.72
4970,208,-35.39,0.0,-40.4,5.29,False,0.0,0.0,0.0,22.79,13.35,11.61,55.42
4971,208,-31.99,0.0,-40.52,5.42,False,0.0,0.0,0.0,22.96,13.09,11.13,55.62
4972,208,-27.73,0.0,-40.31,5.39,False,0.0,0.0,0.0,22.87,11.22,11.5,55.4
4973,208,-22.97,0.0,-40.42,7.92,False,0.0,0.0,0.0,22.21,10.32,12.08,57.46
4974,208,-18.04,0.0,-39.95,7.87,False,0.0,0.0,0.0,22.66,12.0,11.36,56.97
4975,208,-13.25,0.0,-39.63,9.34,False,0.0,0.0,0.0,23.4,11.94,11.92,57.79
4976,208,-8.86,0.0,-39.32,9.37,False,0.0,0.0,0.0,22.42,17.75,11.66,57.51
4977,208,-5.14,0.0,-39.0,10.58,False,0.0,0.0,0.0,23.53,18.09,11.72,58.11
4978,208,-2.3,0.0,-38.67,11.25,False,0.0,0.0,0.0,23.11,17.86,22.46,58.29
4979,208,-0.52,0.0,-38.19,10.66,False,0.0,0.0,0.0,22.74,16.61,21.79,57.37
4980,208,0.09,0.39,-37.42,9.82,False,0.0,0.0,0.0,22.71,17.74,21.34,56.0
4981,208,-0.52,0.0,-37.08,9.29,False,0.0,0.0,0.0,22.08,18.18,22.33,55.28
4982,208,-2.3,0.0,-37.05,9.51,False,0.0,0.0,0.0,22.34,16.92,21.91,55.41
4983,208,-5.14,0.0,-36.97,8.53,False,0.0,0.0,0.0,23.01,17.74,21.69,54.63
4984,208,-8.86,0.0,-37.05,9.12,False,0.0,0.0,0.0,22.2,17.06,22.37,55.12
4985,208,-13.25,0.0,-37.29,9.47,False,0.0,0.0,0.0,22.9,19.1,22.89,55.61
4986,208,-18.04,0.0,-37.69,9.81,False,0.0,0.0,0.0,21.97,16.44,21.89,56.25
4987,208,-22.97,0.0,-37.88,9.47,False,0.0,0.0,0.0,22.07,18.42,11.51,56.19
4988,208,-27.73,0.0,-38.54,9.09,False,0.0,0.0,0.0,23.39,16.16,10.67,56.55
4989,208,-31.99,0.0,-38.98,10.0,False,0.0,0.0,0.0,22.67,13.33,11.34,57.66
4990,208,-35.39,0.0,-39.31,9.42,False,0.0,0.0,0.0,22.5,10.99,11.65,57.53
4991,208,-37.61,0.0,-39.63,7.04,False,0.0,0.0,0.0,23.3,12.05,11.49,56.04
4992,209,-38.14,0.0,-39.73,7.12,False,0.0,0.0,0.0,23.27,10.6,11.25,56.19
4993,209,-37.38,0.0,-39.62,6.31,False,0.0,0.0,0.0,23.12,10.82,12.01,55.47
4994,209,-35.16,0.0,-39.54,6.89,False,0.0,0.0,0.0,22.52,12.62,11.54,55.83
4995,209,-31.76,0.0,-39.74,5.87,False,0.0,0.0,0.0,22.65,12.72,13.31,55.25
4996,209,-27.51,0.0,-39.72,5.57,False,0.0,0.0,0.0,22.89,12.09,11.65,55.01
4997,209,-22.75,0.0,-39.61,7.02,False,0.0,0.0,0.0,23.03,12.49,9.58,56.0
4998,209,-17.82,0.0,-39.17,6.09,False,0.0,0.0,0.0,22.5,12.74,10.72,54.89
4999,209,-13.02,0.0,-38.96,6.5,False,0.0,0.0,0.0,22.74,11.35,11.87,55.0
5000,209,-8.64,0.0,-38.47,5.8,False,0.0,0.0,0.0,22.72,16.38,11.05,54.03
5001,209,-4.91,0.0,-38.09,5.64,False,0.0,0.0,0.0,23.09,17.49,11.09,53.56
5002,209,-2.07,0.0,-37.64,5.42,False,0.0,0.0,0.0,22.82,17.04,21.13,52.98
5003,209,-0.29,0.0,-37.35,7.05,False,0.0,0.0,0.0,21.88,17.81,21.67,53.9
5004,209,0.32,1.45,-37.3,8.57,False,0.0,0.0,0.0,22.39,17.94,22.14,54.96
5005,209,-0.29,0.0,-37.05,10.0,False,0.0,0.0,0.0,22.08,16.95,22.27,55.77
5006,209,-2.07,0.0,-37.09,11.27,False,0.0,0.0,0.0,22.68,18.06,21.29,56.73
5007,209,-4.91,0.0,-36.8,11.46,False,0.0,0.0,0.0,22.79,18.02,22.56,56.58
5008,209,-8.64,0.0,-37.25,11.39,False,0.0,0.0,0.0,22.51,18.08,21.17,56.98
5009,209,-13.02,0.0,-37.28,8.74,False,0.0,0.0,0.0,22.37,17.17,22.31,55.07
5010,209,-17.82,0.0,-37.64,8.75,False,0.0,0.0,0.0,22.54,18.12,22.24,55.43
5011,209,-22.75,0.0,-37.8,8.22,False,0.0,0.0,0.0,22.62,17.92,10.85,55.18
5012,209,-27.51,0.0,-38.22,6.68,False,0.0,0.0,0.0,22.33,18.01,10.76,54.44
5013,209,-31.76,0.0,-38.67,6.74,False,0.0,0.0,0.0,22.15,13.24,11.77,54.91
5014,209,-35.16,0.0,-38.91,7.07,False,0.0,0.0,0.0,21.85,12.16,11.11,55.39
5015,209,-37.38,0.0,-39.27,7.55,False,0.0,0.0,0.0,23.22,11.41,11.37,56.08
5016,210,-37.9,0.0,-39.86,7.75,False,0.0,0.0,0.0,22.98,11.01,11.98,56.8
5017,210,-37.14,0.0,-40.11,7.25,False,0.0,0.0,0.0,22.96,12.8,11.84,56.64
5018,210,-34.93,0.0,-39.89,8.63,False,0.0,0.0,0.0,23.29,12.19,10.86,57.5
5019,210,-31.53,0.0,-39.65,8.74,False,0.0,0.0,0.0,22.26,13.24,11.46,57.35
5020,210,-27.28,0.0,-39.62,9.18,False,0.0,0.0,0.0,22.06,10.28,10.85,57.66
5021,210,-22.52,0.0,-39.09,10.2,False,0.0,0.0,0.0,22.84,12.63,12.11,57.92
5022,210,-17.59,0.0,-38.77,10.29,False,0.0,0.0,0.0,22.77,11.69,12.58,57.66
5023,210,-12.8,0.0,-38.49,9.65,False,0.0,0.0,0.0,21.93,11.62,10.91,56.91
5024,210,-8.41,0.0,-38.17,8.21,False,0.0,0.0,0.0,22.72,16.89,11.48,55.53
5025,210,-4.68,0.0,-37.91,8.27,False,0.0,0.0,0.0,22.39,18.22,12.14,55.33
5026,210,-1.83,0.0,-37.67,7.7,False,0.0,0.0,0.0,22.2,17.99,22.02,54.68
5027,210,-0.05,0.0,-37.13,6.88,False,0.0,0.0,0.0,22.32,16.59,22.39,53.57
5028,210,0.56,2.54,-36.68,7.09,False,0.0,0.0,0.0,21.43,17.63,22.04,53.3
5029,210,-0.05,0.0,-36.85,7.23,False,0.0,0.0,0.0,22.19,18.06,21.26,53.56
5030,210,-1.83,0.0,-36.78,7.64,False,0.0,0.0,0.0,22.13,17.64,22.08,53.79
5031,210,-4.68,0.0,-36.6,7.17,False,0.0,0.0,0.0,22.62,18.39,22.79,53.28
5032,210,-8.41,0.0,-36.64,8.17,False,0.0,0.0,0.0,22.33,17.27,22.22,54.05
5033,210,-12.8,0.0,-36.72,9.25,False,0.0,0.0,0.0,22.66,15.7,23.14,54.9
5034,210,-17.59,0.0,-36.86,8.06,False,0.0,0.0,0.0,21.4,17.65,20.76,54.17
5035,210,-22.52,0.0,-36.9,8.04,False,0.0,0.0,0.0,22.09,17.64,11.77,54.19
5036,210,-27.28,0.0,-37.51,8.67,False,0.0,0.0,0.0,22.72,17.75,11.05,55.24
5037,210,-31.53,0.0,-38.05,9.53,False,0.0,0.0,0.0,22.44,12.79,10.89,56.4
5038,210,-34.93,0.0,-38.6,8.4,False,0.0,0.0,0.0,22.97,10.34,12.43,56.09
5039,210,-37.14,0.0,-38.88,7.94,False,0.0,0.0,0.0,21.94,11.71,11.32,56.01
5040,211,-37.66,0.0,-39.1,9.44,False,0.0,0.0,0.0,22.98,11.16,11.25,57.35
5041,211,-36.89,0.0,-39.33,10.23,False,0.0,0.0,0.0,22.46,10.93,11.74,58.17
5042,211,-34.68,0.0,-39.35,9.79,False,0.0,0.0,0.0,22.43,11.84,9.99,57.85
5043,211,-31.29,0.0,-39.69,9.11,False,0.0,0.0,0.0,23.16,12.46,12.45,57.66
5044,211,-27.04,0.0,-39.38,9.48,False,0.0,0.0,0.0,23.19,12.14,12.83,57.65
5045,211,-22.29,0.0,-39.15,8.52,False,0.0,0.0,0.0,23.11,11.35,12.14,56.7
5046,211,-17.36,0.0,-39.01,6.74,False,0.0,0.0,0.0,23.5,11.78,11.79,55.23
5047,211,-12.56,0.0,-38.75,5.86,False,0.0,0.0,0.0,23.16,12.64,11.35,54.33
5048,211,-8.17,0.0,-38.41,5.34,False,0.0,0.0,0.0,22.29,18.05,10.75,53.63
5049,211,-4.44,0.0,-37.88,5.17,False,0.0,0.0,0.0,22.6,17.06,12.34,53.02
5050,211,-1.59,0.0,-37.45,5.1,False,0.0,0.0,0.0,22.35,17.01,22.64,52.57
5051,211,0.2,0.9,-37.17,5.37,False,0.0,0.0,0.0,23.27,16.13,22.32,52.51
5052,211,0.81,3.66,-36.89,5.87,False,0.0,0.0,0.0,22.87,17.16,22.23,52.61
5053,211,0.2,0.9,-36.86,6.48,False,0.0,0.0,0.0,22.35,16.11,22.21,53.03
5054,211,-1.59,0.0,-36.99,6.76,False,0.0,0.0,0.0,22.79,19.15,21.63,53.35
5055,211,-4.44,0.0,-37.11,7.94,False,0.0,0.0,0.0,21.96,16.82,23.75,54.33
5056,211,-8.17,0.0,-37.26,7.83,False,0.0,0.0,0.0,22.57,18.39,21.8,54.39
5057,211,-12.56,0.0,-37.56,9.34,False,0.0,0.0,0.0,22.13,18.95,21.7,55.79
5058,211,-17.36,0.0,-37.83,9.06,False,0.0,0.0,0.0,21.86,17.67,22.78,55.84
5059,211,-22.29,0.0,-38.19,9.5,False,0.0,0.0,0.0,22.9,17.42,11.48,56.51
5060,211,-27.04,0.0,-38.25,8.78,False,0.0,0.0,0.0,22.95,16.44,11.49,56.03
5061,211,-31.29,0.0,-38.58,8.36,False,0.0,0.0,0.0,22.81,11.5,12.49,56.04
5062,211,-34.68,0.0,-38.71,9.14,False,0.0,0.0,0.0,22.57,13.18,11.98,56.74
5063,211,-36.89,0.0,-39.27,8.6,False,0.0,0.0,0.0,22.21,12.18,12.01,56.88
5064,212,-37.4,0.0,-39.68,10.82,False,0.0,0.0,0.0,22.3,11.92,10.51,58.96
5065,212,-36.64,0.0,-39.67,10.2,False,0.0,0.0,0.0,22.37,12.95,11.78,58.49
5066,212,-34.44,0.0,-39.94,11.18,False,0.0,0.0,0.0,22.7,12.46,10.8,59.49
5067,212,-31.05,0.0,-40.0,10.83,False,0.0,0.0,0.0,23.23,11.78,11.18,59.29
5068,212,-26.8,0.0,-39.67,10.2,False,0.0,0.0,0.0,23.18,12.07,11.62,58.48
5069,212,-22.05,0.0,-39.6,8.48,False,0.0,0.0,0.0,22.09,11.29,11.47,57.1
5070,212,-17.12,0.0,-39.34,7.11,False,0.0,0.0,0.0,22.44,11.45,11.96,55.82
5071,212,-12.32,0.0,-39.06,8.43,False,0.0,0.0,0.0,22.4,11.73,12.04,56.55
5072,212,-7.93,0.0,-38.74,8.22,False,0.0,0.0,0.0,21.64,17.95,12.09,56.09
5073,212,-4.19,0.0,-38.42,7.94,False,0.0,0.0,0.0,22.84,16.5,10.56,55.57
5074,212,-1.34,0.0,-37.98,7.22,False,0.0,0.0,0.0,22.46,17.56,23.65,54.63
5075,212,0.45,2.04,-37.85,8.13,False,0.0,0.0,0.0,22.5,17.19,21.98,55.17
5076,212,1.06,4.8,-37.35,7.07,False,0.0,0.0,0.0,23.02,16.78,22.85,53.92
5077,212,0.45,2.04,-37.11,7.07,False,0.0,0.0,0.0,22.49,17.19,20.24,53.69
5078,212,-1.34,0.0,-36.94,7.45,False,0.0,0.0,0.0,22.26,15.64,21.81,53.82
5079,212,-4.19,0.0,-36.76,8.06,False,0.0,0.0,0.0,22.64,16.89,20.98,54.08
5080,212,-7.93,0.0,-37.05,8.77,False,0.0,0.0,0.0,22.87,16.62,21.4,54.87
5081,212,-12.32,0.0,-37.24,7.59,False,0.0,0.0,0.0,22.59,17.28,22.04,54.19
5082,212,-17.12,0.0,-37.32,8.97,False,0.0,0.0,0.0,22.75,15.68,21.77,55.28
5083,212,-22.05,0.0,-37.6,8.23,False,0.0,0.0,0.0,22.45,17.65,12.42,55.0
5084,212,-26.8,0.0,-37.88,9.82,False,0.0,0.0,0.0,22.51,18.23,12.74,56.44
5085,212,-31.05,0.0,-38.24,9.63,False,0.0,0.0,0.0,22.63,11.81,10.82,56.66
5086,212,-34.44,0.0,-38.79,9.91,False,0.0,0.0,0.0,22.35,12.3,11.16,57.4
5087,212,-36.64,0.0,-39.11,9.95,False,0.0,0.0,0.0,22.47,11.49,10.78,57.74
5088,213,-37.15,0.0,-39.42,9.09,False,0.0,0.0,0.0,23.28,10.66,12.31,57.4
5089,213,-36.38,0.0,-39.64,9.37,False,0.0,0.0,0.0,23.56,11.9,11.61,57.82
5090,213,-34.18,0.0,-39.76,8.01,False,0.0,0.0,0.0,23.41,12.44,11.52,56.9
5091,213,-30.8,0.0,-39.99,8.46,False,0.0,0.0,0.0,22.27,10.84,11.72,57.47
5092,213,-26.56,0.0,-39.76,7.64,False,0.0,0.0,0.0,22.2,11.53,11.28,56.61
5093,213,-21.81,0.0,-39.68,9.91,False,0.0,0.0,0.0,22.29,11.7,10.9,58.27
5094,213,-16.88,0.0,-39.17,11.64,False,0.0,0.0,0.0,22.75,14.18,11.54,59.08
5095,213,-12.08,0.0,-38.86,10.38,False,0.0,0.0,0.0,21.54,12.08,11.31,57.82
5096,213,-7.68,0.0,-38.77,10.95,False,0.0,0.0,0.0,22.42,15.98,11.74,58.16
5097,213,-3.94,0.0,-38.43,10.1,False,0.0,0.0,0.0,23.17,15.78,10.36,57.19
5098,213,-1.09,0.0,-38.15,10.88,False,0.0,0.0,0.0,22.97,18.08,22.13,57.49
5099,213,0.71,3.2,-37.49,9.17,False,0.0,0.0,0.0,22.29,19.49,21.52,55.58
5100,213,1.32,0.95,-37.25,8.57,True,3.0,0.6,0.75,22.3,17.28,11.61,54.92
5101,213,0.71,0.51,-38.5,11.97,True,3.0,0.6,0.75,22.85,17.23,12.13,58.65
5102,213,-1.09,0.0,-39.42,14.13,True,3.0,0.6,0.75,23.1,17.84,11.11,61.21
5103,213,-3.94,0.0,-40.87,17.51,True,3.0,0.6,0.75,22.69,16.86,12.34,65.33
5104,213,-7.68,0.0,-42.39,19.89,True,3.0,0.6,0.75,22.99,15.46,10.28,68.85
5105,213,-12.08,0.0,-43.65,23.17,True,3.0,0.6,0.75,23.01,18.33,12.58,72.91
5106,213,-16.88,0.0,-44.94,23.69,True,3.0,0.6,0.75,22.86,17.01,12.37,74.81
5107,213,-21.81,0.0,-46.04,26.98,True,3.0,0.6,0.75,23.44,18.34,10.88,78.85
5108,213,-26.56,0.0,-47.12,30.37,True,3.0,0.6,0.75,23.54,16.89,10.89,83.04
5109,213,-30.8,0.0,-47.91,32.56,True,3.0,0.6,0.75,23.25,12.0,10.45,85.92
5110,213,-34.18,0.0,-48.64,34.68,True,3.0,0.6,0.75,24.1,12.58,12.14,88.69
5111,213,-36.38,0.0,-49.08,34.85,True,3.0,0.6,0.75,24.08,12.76,11.27,89.42
5112,214,-36.88,0.0,-49.66,35.42,True,3.0,0.6,0.75,24.24,12.09,11.22,90.66
5113,214,-36.12,0.0,-49.74,34.84,True,3.0,0.6,0.75,23.66,12.05,10.71,90.26
5114,214,-33.93,0.0,-49.5,31.79,True,3.0,0.6,0.75,23.15,12.4,12.77,87.25
5115,214,-30.55,0.0,-49.19,31.29,True,3.0,0.6,0.75,24.09,12.27,10.82,86.41
5116,214,-26.31,0.0,-48.38,28.44,True,3.0,0.6,0.75,23.54,10.87,11.52,82.92
5117,214,-21.56,0.0,-47.59,27.74,True,3.0,0.6,0.75,23.35,10.88,11.65,81.36
5118,214,-16.64,0.0,-46.49,25.08,True,3.0,0.6,0.75,23.08,10.21,11.22,77.78
5119,214,-11.83,0.0,-45.25,23.19,True,3.0,0.6,0.75,23.32,12.51,11.08,74.76
5120,214,-7.43,0.0,-43.77,20.69,True,3.0,0.6,0.75,23.88,17.18,11.24,71.03
5121,214,-3.69,0.0,-42.31,15.65,True,3.0,0.6,0.75,22.88,18.16,11.9,65.4
5122,214,-0.83,0.0,-40.76,13.49,True,3.0,0.6,0.75,22.46,17.82,11.26,62.1
5123,214,0.97,0.7,-39.22,8.94,True,3.0,0.6,0.75,22.97,16.7,12.64,57.09
5124,214,1.58,1.14,-37.57,6.74,True,3.0,0.6,0.75,22.58,17.4,10.96,53.88
5125,214,0.97,4.38,-37.1,6.18,False,0.0,0.6,0.75,21.6,17.14,22.53,53.03
5126,214,-0.83,0.0,-36.99,6.09,False,0.0,0.6,0.75,22.7,17.01,20.77,52.87
5127,214,-3.69,0.0,-36.72,8.06,False,0.0,0.6,0.75,23.26,18.23,21.46,54.04
5128,214,-7.43,0.0,-36.76,7.58,False,0.0,0.6,0.75,21.37,19.51,21.43,53.73
5129,214,-11.83,0.0,-36.87,8.37,False,0.0,0.6,0.75,21.93,18.39,21.23,54.41
5130,214,-16.64,0.0,-37.41,7.98,False,0.0,0.6,0.75,21.35,17.48,22.2,54.64
5131,214,-21.56,0.0,-37.63,8.07,False,0.0,0.6,0.75,22.49,18.51,11.42,54.91
5132,214,-26.31,0.0,-37.8,8.43,False,0.0,0.6,0.75,22.93,18.87,9.9,55.34
5133,214,-30.55,0.0,-37.91,6.86,False,0.0,0.6,0.75,22.59,10.79,12.9,54.29
5134,214,-33.93,0.0,-38.45,7.0,False,0.0,0.6,0.75,23.17,12.88,11.62,54.9
5135,214,-36.12,0.0,-38.94,6.48,False,0.0,0.6,0.75,23.0,12.52,11.5,54.96
5136,215,-36.61,0.0,-39.24,6.3,False,0.0,0.6,0.75,23.39,12.85,12.42,55.11
5137,215,-35.85,0.0,-39.39,6.43,False,0.0,0.6,0.75,23.19,12.55,12.19,55.35
5138,215,-33.66,0.0,-39.63,7.08,False,0.0,0.6,0.75,22.59,11.72,11.29,56.07
5139,215,-30.29,0.0,-39.51,6.72,False,0.0,0.6,0.75,22.77,13.53,10.13,55.68
5140,215,-26.06,0.0,-39.08,6.39,False,0.0,0.6,0.75,22.34,12.17,11.9,55.03
5141,215,-21.31,0.0,-38.92,6.34,False,0.0,0.6,0.75,22.58,11.55,10.83,54.85
5142,215,-16.38,0.0,-38.8,5.81,False,0.0,0.6,0.75,22.68,12.3,12.37,54.33
5143,215,-11.58,0.0,-38.53,5.07,False,0.0,0.6,0.75,22.59,12.68,10.96,53.54
5144,215,-7.17,0.0,-38.32,3.89,False,0.0,0.6,0.75,23.14,17.58,11.18,52.47
5145,215,-3.43,0.0,-37.91,6.78,False,0.0,0.6,0.75,22.42,17.81,10.56,54.23
5146,215,-0.56,0.0,-37.51,7.47,False,0.0,0.6,0.75,22.13,17.57,21.12,54.36
5147,215,1.24,5.59,-37.08,6.88,False,0.0,0.6,0.75,22.1,16.97,21.92,53.52
5148,215,1.85,8.37,-36.66,6.62,False,0.0,0.6,0.75,22.66,16.84,21.86,52.95
5149,215,1.24,5.59,-36.53,7.45,False,0.0,0.6,0.75,21.82,16.38,21.67,53.42
5150,215,-0.56,0.0,-36.48,8.19,False,0.0,0.6,0.75,22.3,18.71,23.44,53.91
5151,215,-3.43,0.0,-36.56,6.72,False,0.0,0.6,0.75,22.92,17.32,22.42,52.92
5152,215,-7.17,0.0,-36.78,7.32,False,0.0,0.6,0.75,22.53,14.76,22.01,53.56
5153,215,-11.58,0.0,-36.72,8.22,False,0.0,0.6,0.75,22.38,17.82,20.07,54.16
5154,215,-16.38,0.0,-37.1,8.67,False,0.0,0.6,0.75,22.44,17.8,22.58,54.85
5155,215,-21.31,0.0,-37.51,8.81,False,0.0,0.6,0.75,22.09,16.01,13.6,55.34
5156,215,-26.06,0.0,-38.06,10.16,False,0.0,0.6,0.75,22.22,16.83,11.37,56.87
5157,215,-30.29,0.0,-38.3,9.74,False,0.0,0.6,0.75,22.52,11.2,10.93,56.8
5158,215,-33.66,0.0,-38.41,9.03,False,0.0,0.6,0.75,22.72,11.31,11.61,56.38
5159,215,-35.85,0.0,-38.85,8.6,False,0.0,0.6,0.75,23.04,12.87,10.5,56.48
5160,216,-36.34,0.0,-39.42,8.93,False,0.0,0.6,0.75,22.77,11.78,11.82,57.28
5161,216,-35.58,0.0,-39.79,8.82,False,0.0,0.0,0.75,23.32,11.56,12.55,57.54
5162,216,-33.4,0.0,-39.89,8.63,False,0.0,0.0,0.75,23.43,12.8,11.03,57.49
5163,216,-30.03,0.0,-40.01,8.72,False,0.0,0.0,0.75,23.12,12.3,11.05,57.68
5164,216,-25.8,0.0,-40.02,8.95,False,0.0,0.0,0.75,23.29,10.51,11.44,57.87
5165,216,-21.05,0.0,-39.88,8.67,False,0.0,0.0,0.75,22.39,11.41,11.15,57.51
5166,216,-16.13,0.0,-39.57,8.38,False,0.0,0.0,0.75,22.29,12.16,10.44,57.0
5167,216,-11.32,0.0,-39.22,8.0,False,0.0,0.0,0.75,22.91,11.15,11.23,56.38
5168,216,-6.91,0.0,-39.11,6.41,False,0.0,0.0,0.75,22.16,19.12,11.09,55.07
5169,216,-3.16,0.0,-39.01,6.42,False,0.0,0.0,0.75,22.57,17.59,12.46,54.99
5170,216,-0.29,0.0,-38.5,5.52,False,0.0,0.0,0.75,22.93,16.9,22.81,53.84
5171,216,1.51,6.83,-38.3,6.64,False,0.0,0.0,0.75,23.16,16.6,22.98,54.48
5172,216,2.12,9.6,-37.73,7.72,False,0.0,0.0,0.75,22.43,18.24,22.56,54.75
5173,216,1.51,6.83,-37.46,7.61,False,0.0,0.0,0.0,22.24,16.98,22.14,54.42
5174,216,-0.29,0.0,-37.31,7.62,False,0.0,0.0,0.0,22.61,17.8,21.39,54.28
5175,216,-3.16,0.0,-37.21,7.64,False,0.0,0.0,0.0,22.04,16.58,22.93,54.2
5176,216,-6.91,0.0,-37.65,9.81,False,0.0,0.0,0.0,22.45,17.56,22.24,56.21
5177,216,-11.32,0.0,-37.98,9.46,False,0.0,0.0,0.0,22.55,16.99,21.13,56.27
5178,216,-16.13,0.0,-38.13,7.95,False,0.0,0.0,0.0,22.56,17.25,21.36,55.31
5179,216,-21.05,0.0,-38.36,7.03,False,0.0,0.0,0.0,22.64,16.86,10.62,54.83
5180,216,-25.8,0.0,-38.52,7.27,False,0.0,0.0,0.0,22.29,18.32,10.06,55.17
5181,216,-30.03,0.0,-38.99,6.51,False,0.0,0.0,0.0,22.39,11.51,11.77,55.04
5182,216,-33.4,0.0,-39.27,5.3,False,0.0,0.0,0.0,22.41,11.79,10.63,54.39
5183,216,-35.58,0.0,-39.76,5.8,False,0.0,0.0,0.0,22.12,11.82,10.97,55.21
5184,217,-36.06,0.0,-40.23,6.31,False,0.0,0.0,0.0,22.96,13.19,11.53,56.04
5185,217,-35.3,0.0,-40.39,7.01,False,0.0,0.0,0.0,23.2,12.61,11.37,56.73
5186,217,-33.12,0.0,-40.43,6.87,False,0.0,0.0,0.0,23.17,12.53,11.0,56.66
5187,217,-29.76,0.0,-40.13,8.33,False,0.0,0.0,0.0,22.71,10.64,12.56,57.5
5188,217,-25.53,0.0,-39.86,7.71,False,0.0,0.0,0.0,22.46,11.37,10.43,56.77
5189,217,-20.79,0.0,-39.61,7.27,False,0.0,0.0,0.0,23.05,12.85,10.46,56.19
5190,217,-15.86,0.0,-39.28,7.52,False,0.0,0.0,0.0,22.97,10.96,11.82,56.08
5191,217,-11.06,0.0,-39.04,8.03,False,0.0,0.0,0.0,22.77,11.97,11.06,56.22
5192,217,-6.64,0.0,-38.55,8.28,False,0.0,0.0,0.0,23.32,16.65,11.03,55.95
5193,217,-2.89,0.0,-38.21,7.06,False,0.0,0.0,0.0,22.57,16.73,10.74,54.72
5194,217,-0.02,0.0,-38.14,7.29,False,0.0,0.0,0.0,22.47,18.84,22.24,54.82
5195,217,1.79,8.08,-37.65,7.17,False,0.0,0.0,0.0,22.36,18.08,22.16,54.27
5196,217,2.4,10.86,-37.08,6.97,False,0.0,0.0,0.0,21.83,18.29,22.08,53.6
5197,217,1.79,8.08,-36.79,6.15,False,0.0,0.0,0.0,22.68,18.13,21.59,52.72
5198,217,-0.02,0.0,-36.58,6.13,False,0.0,0.0,0.0,22.35,17.39,21.47,52.51
5199,217,-2.89,0.0,-36.52,6.25,False,0.0,0.0,0.0,22.59,16.95,21.89,52.54
5200,217,-6.64,0.0,-36.57,6.24,False,0.0,0.0,0.0,23.13,17.18,22.68,52.58
5201,217,-11.06,0.0,-36.75,7.07,False,0.0,0.0,0.0,22.25,17.35,23.1,53.35
5202,217,-15.86,0.0,-37.16,6.51,False,0.0,0.0,0.0,21.52,18.92,22.78,53.33
5203,217,-20.79,0.0,-37.38,6.68,False,0.0,0.0,0.0,22.68,16.43,11.85,53.67
5204,217,-25.53,0.0,-37.52,6.39,False,0.0,0.0,0.0,22.57,17.06,12.19,53.58
5205,217,-29.76,0.0,-37.89,6.53,False,0.0,0.0,0.0,22.25,11.17,10.67,54.02
5206,217,-33.12,0.0,-38.4,6.19,False,0.0,0.0,0.0,22.77,12.75,11.0,54.25
5207,217,-35.3,0.0,-38.33,5.63,False,0.0,0.0,0.0,22.91,13.38,11.87,53.77
5208,218,-35.78,0.0,-38.95,6.1,False,0.0,0.0,0.0,22.3,12.15,11.42,54.69
5209,218,-35.02,0.0,-39.16,6.68,False,0.0,0.0,0.0,22.58,12.21,11.74,55.33
5210,218,-32.84,0.0,-39.26,8.04,False,0.0,0.0,0.0,23.3,11.97,12.19,56.44
5211,218,-29.48,0.0,-39.3,9.0,False,0.0,0.0,0.0,22.43,12.25,12.08,57.21
5212,218,-25.26,0.0,-39.07,10.39,False,0.0,0.0,0.0,22.72,12.52,10.74,58.03
5213,218,-20.53,0.0,-38.51,10.49,False,0.0,0.0,0.0,21.57,12.24,11.51,57.56
5214,218,-15.6,0.0,-38.16,11.85,False,0.0,0.0,0.0,21.99,12.3,10.86,58.23
5215,218,-10.79,0.0,-38.08,11.26,False,0.0,0.0,0.0,22.63,12.52,10.96,57.71
5216,218,-6.37,0.0,-37.71,9.91,False,0.0,0.0,0.0,23.02,16.08,10.3,56.34
5217,218,-2.61,0.0,-37.19,7.88,False,0.0,0.0,0.0,21.92,17.5,11.59,54.35
5218,218,0.26,1.19,-36.67,6.98,False,0.0,0.0,0.0,22.43,17.74,20.75,53.21
5219,218,2.07,9.36,-36.42,7.57,False,0.0,0.0,0.0,22.22,17.83,22.28,53.4
5220,218,2.69,12.14,-35.91,6.11,False,0.0,0.0,0.0,22.69,17.36,22.95,51.88
5221,218,2.07,9.36,-35.67,6.78,False,0.0,0.0,0.0,21.79,17.63,22.37,52.13
5222,218,0.26,1.19,-35.51,7.73,False,0.0,0.0,0.0,22.43,16.92,22.04,52.66
5223,218,-2.61,0.0,-35.73,9.85,False,0.0,0.0,0.0,22.03,16.08,23.07,54.37
5224,218,-6.37,0.0,-35.96,9.73,False,0.0,0.0,0.0,22.4,18.29,22.23,54.51
5225,218,-10.79,0.0,-36.15,10.01,False,0.0,0.0,0.0,22.37,16.59,21.4,54.89
5226,218,-15.6,0.0,-36.26,10.28,False,0.0,0.0,0.0,22.25,17.37,22.09,55.19
5227,218,-20.53,0.0,-36.34,9.8,False,0.0,0.0,0.0,22.55,16.9,12.87,54.93
5228,218,-25.26,0.0,-36.71,9.42,False,0.0,0.0,0.0,22.42,18.77,10.74,55.01
5229,218,-29.48,0.0,-37.17,8.17,False,0.0,0.0,0.0,22.41,11.84,10.53,54.55
5230,218,-32.84,0.0,-37.61,6.79,False,0.0,0.0,0.0,22.37,11.65,11.93,53.96
5231,218,-35.02,0.0,-37.85,5.83,False,0.0,0.0,0.0,22.57,12.5,11.34,53.48
5232,219,-35.49,0.0,-38.16,6.55,False,0.0,0.0,0.0,22.67,13.63,11.13,54.29
5233,219,-34.74,0.0,-38.54,7.25,False,0.0,0.0,0.0,22.23,12.22,10.62,55.17
5234,219,-32.56,0.0,-38.8,6.93,False,0.0,0.0,0.0,22.52,11.6,10.13,55.17
5235,219,-29.21,0.0,-38.93,7.15,False,0.0,0.0,0.0,22.25,12.46,10.48,55.47
5236,219,-24.99,0.0,-38.99,8.05,False,0.0,0.0,0.0,22.66,10.64,12.63,56.19
5237,219,-20.25,0.0,-38.87,6.64,False,0.0,0.0,0.0,22.43,11.94,11.49,55.02
5238,219,-15.33,0.0,-38.62,6.27,False,0.0,0.0,0.0,22.94,13.5,10.13,54.51
5239,219,-10.51,0.0,-38.54,5.16,False,0.0,0.0,0.0,22.89,12.03,12.33,53.62
5240,219,-6.1,0.0,-38.26,4.66,False,0.0,0.0,0.0,22.22,17.59,12.36,52.98
5241,219,-2.33,0.0,-38.03,5.1,False,0.0,0.0,0.0,22.56,17.52,12.36,53.09
5242,219,0.55,2.47,-37.3,4.29,False,0.0,0.0,0.0,22.73,17.18,21.7,51.84
5243,219,2.36,10.65,-37.13,6.55,False,0.0,0.0,0.0,22.38,17.75,21.81,53.33
5244,219,2.98,13.45,-36.78,6.47,False,0.0,0.0,0.0,22.12,18.12,22.1,52.95
5245,219,2.36,10.65,-36.46,8.7,False,0.0,0.0,0.0,21.94,17.23,22.98,54.25
5246,219,0.55,2.47,-36.3,8.64,False,0.0,0.0,0.0,22.7,15.51,21.61,54.06
5247,219,-2.33,0.0,-36.18,8.3,False,0.0,0.0,0.0,22.7,17.87,21.47,53.7
5248,219,-6.1,0.0,-36.43,9.09,False,0.0,0.0,0.0,22.29,19.21,22.49,54.5
5249,219,-10.51,0.0,-36.65,8.53,False,0.0,0.0,0.0,22.7,17.2,22.85,54.31
5250,219,-15.33,0.0,-37.0,8.28,False,0.0,0.0,0.0,21.25,16.32,21.96,54.47
5251,219,-20.25,0.0,-37.34,6.32,False,0.0,0.0,0.0,23.01,18.04,11.97,53.36
5252,219,-24.99,0.0,-37.59,7.89,False,0.0,0.0,0.0,22.45,18.9,11.58,54.75
5253,219,-29.21,0.0,-37.86,7.55,False,0.0,0.0,0.0,22.6,12.32,11.32,54.75
5254,219,-32.56,0.0,-38.19,6.81,False,0.0,0.0,0.0,22.45,13.28,10.92,54.51
5255,219,-34.74,0.0,-38.52,5.92,False,0.0,0.0,0.0,23.18,12.53,10.69,54.16
5256,220,-35.2,0.0,-38.89,6.41,False,0.0,0.0,0.0,22.24,12.47,11.07,54.87
5257,220,-34.44,0.0,-39.19,6.4,False,0.0,0.0,0.0,23.29,11.49,10.82,55.14
5258,220,-32.27,0.0,-39.34,5.53,False,0.0,0.0,0.0,22.88,12.13,11.7,54.62
5259,220,-28.92,0.0,-39.54,4.91,False,0.0,0.0,0.0,22.99,11.88,12.35,54.33
5260,220,-24.71,0.0,-39.53,6.05,False,0.0,0.0,0.0,22.61,11.85,11.64,55.19
5261,220,-19.98,0.0,-39.54,6.7,False,0.0,0.0,0.0,22.22,11.7,10.86,55.7
5262,220,-15.05,0.0,-39.36,6.29,False,0.0,0.0,0.0,23.1,12.08,12.1,55.22
5263,220,-10.24,0.0,-39.23,6.57,False,0.0,0.0,0.0,22.83,10.86,11.71,55.3
5264,220,-5.82,0.0,-38.79,5.94,False,0.0,0.0,0.0,23.2,18.15,11.85,54.42
5265,220,-2.05,0.0,-38.21,6.27,False,0.0,0.0,0.0,22.51,16.8,11.14,54.14
5266,220,0.84,3.78,-37.58,5.54,False,0.0,0.0,0.0,22.34,17.3,22.79,53.01
5267,220,2.65,11.97,-37.13,5.03,False,0.0,0.0,0.0,23.01,17.76,22.79,52.22
5268,220,3.27,15.53,-36.81,5.22,False,0.0,0.0,0.0,23.18,16.76,21.87,52.07
5269,220,2.65,11.97,-36.6,6.54,False,0.0,0.0,0.0,22.4,15.93,22.5,52.82
5270,220,0.84,3.78,-36.23,6.5,False,0.0,0.0,0.0,22.05,17.19,22.77,52.45
5271,220,-2.05,0.0,-36.19,7.16,False,0.0,0.0,0.0,22.67,16.36,21.67,52.89
5272,220,-5.82,0.0,-35.97,7.79,False,0.0,0.0,0.0,22.21,18.07,21.94,53.13
5273,220,-10.24,0.0,-35.85,7.84,False,0.0,0.0,0.0,22.54,16.58,22.06,53.06
5274,220,-15.05,0.0,-35.91,8.61,False,0.0,0.0,0.0,22.21,18.69,21.23,53.66
5275,220,-19.98,0.0,-36.33,6.93,False,0.0,0.0,0.0,22.99,17.5,11.81,52.86
5276,220,-24.71,0.0,-36.71,6.82,False,0.0,0.0,0.0,22.13,17.55,12.22,53.14
5277,220,-28.92,0.0,-36.77,6.96,False,0.0,0.0,0.0,22.6,10.32,11.4,53.29
5278,220,-32.27,0.0,-37.39,6.67,False,0.0,0.0,0.0,22.29,12.02,11.74,53.66
5279,220,-34.44,0.0,-37.88,5.66,False,0.0,0.0,0.0,22.43,11.84,12.48,53.38
5280,221,-34.9,0.0,-38.02,4.44,False,0.0,0.0,0.0,22.4,10.86,11.22,52.6
5281,221,-34.15,0.0,-38.2,4.62,False,0.0,0.0,0.0,22.88,11.97,11.75,52.9
5282,221,-31.98,0.0,-38.36,5.7,False,0.0,0.0,0.0,22.97,11.58,11.1,53.85
5283,221,-28.64,0.0,-38.57,4.85,False,0.0,0.0,0.0,22.85,11.73,11.08,53.4
5284,221,-24.43,0.0,-38.45,4.96,False,0.0,0.0,0.0,22.57,11.92,11.74,53.38
5285,221,-19.7,0.0,-38.33,5.91,False,0.0,0.0,0.0,22.66,11.52,11.67,53.97
5286,221,-14.77,0.0,-37.96,6.25,False,0.0,0.0,0.0,22.91,12.1,11.89,53.88
5287,221,-9.95,0.0,-37.53,7.99,False,0.0,0.0,0.0,22.87,11.83,11.55,54.76
5288,221,-5.53,0.0,-37.12,6.93,False,0.0,0.0,0.0,21.38,17.88,11.83,53.6
5289,221,-1.76,0.0,-36.88,8.68,False,0.0,0.0,0.0,22.32,17.08,12.67,54.65
5290,221,1.13,5.11,-36.87,8.96,False,0.0,0.0,0.0,22.34,16.65,22.74,54.84
5291,221,2.95,13.32,-36.46,9.57,False,0.0,0.0,0.0,22.64,16.93,22.24,54.88
5292,221,3.57,17.83,-36.33,9.52,False,0.0,0.0,0.0,22.33,18.65,22.35,54.72
5293,221,2.95,13.32,-36.07,8.01,False,0.0,0.0,0.0,22.62,18.26,21.79,53.39
5294,221,1.13,5.11,-35.87,9.71,False,0.0,0.0,0.0,21.87,18.47,21.89,54.4
5295,221,-1.76,0.0,-35.74,9.4,False,0.0,0.0,0.0,22.39,18.53,22.34,54.06
5296,221,-5.53,0.0,-35.62,8.84,False,0.0,0.0,0.0,22.63,17.13,22.06,53.54
5297,221,-9.95,0.0,-35.75,7.76,False,0.0,0.0,0.0,21.7,17.74,22.56,52.91
5298,221,-14.77,0.0,-36.02,7.87,False,0.0,0.0,0.0,23.33,17.56,22.89,53.24
5299,221,-19.7,0.0,-36.43,8.86,False,0.0,0.0,0.0,22.85,18.03,11.43,54.34
5300,221,-24.43,0.0,-36.88,7.74,False,0.0,0.0,0.0,22.43,17.27,10.09,53.96
5301,221,-28.64,0.0,-37.4,7.1,False,0.0,0.0,0.0,22.16,11.97,12.92,53.99
5302,221,-31.98,0.0,-37.79,7.91,False,0.0,0.0,0.0,22.46,11.96,11.04,54.95
5303,221,-34.15,0.0,-38.3,8.94,False,0.0,0.0,0.0,22.63,12.33,11.64,56.2
5304,222,-34.6,0.0,-38.79,9.05,False,0.0,0.0,0.0,22.83,12.42,12.01,56.75
5305,222,-33.85,0.0,-38.77,7.97,False,0.0,0.0,0.0,23.25,11.97,12.49,55.93
5306,222,-31.68,0.0,-39.04,9.61,False,0.0,0.0,0.0,22.49,12.0,12.76,57.42
5307,222,-28.34,0.0,-39.0,9.54,False,0.0,0.0,0.0,22.9,12.08,11.25,57.32
5308,222,-24.14,0.0,-39.04,9.58,False,0.0,0.0,0.0,22.17,13.22,12.33,57.4
5309,222,-19.41,0.0,-39.12,8.8,False,0.0,0.0,0.0,22.53,10.52,11.64,56.88
5310,222,-14.49,0.0,-38.9,8.99,False,0.0,0.0,0.0,22.82,11.12,13.42,56.82
5311,222,-9.67,0.0,-38.37,8.75,False,0.0,0.0,0.0,22.88,12.44,12.27,56.13
5312,222,-5.24,0.0,-38.09,6.99,False,0.0,0.0,0.0,22.27,17.72,11.38,54.55
5313,222,-1.46,0.0,-37.91,7.18,False,0.0,0.0,0.0,22.37,17.71,10.94,54.53
5314,222,1.43,6.46,-37.52,6.8,False,0.0,0.0,0.0,23.09,18.03,20.16,53.88
5315,222,3.25,15.37,-37.14,7.38,False,0.0,0.0,0.0,22.92,17.67,22.47,53.94
5316,222,3.87,20.3,-36.77,6.7,False,0.0,0.0,0.0,22.5,17.05,22.71,53.11
5317,222,3.25,15.37,-36.69,7.26,False,0.0,0.0,0.0,21.51,18.0,22.52,53.44
5318,222,1.43,6.46,-36.63,7.59,False,0.0,0.0,0.0,23.4,17.52,20.35,53.61
5319,222,-1.46,0.0,-36.6,7.36,False,0.0,0.0,0.0,22.38,17.14,21.12,53.43
5320,222,-5.24,0.0,-36.7,6.99,False,0.0,0.0,0.0,22.28,18.05,22.34,53.25
5321,222,-9.67,0.0,-36.98,7.06,False,0.0,0.0,0.0,22.23,18.02,23.25,53.56
5322,222,-14.49,0.0,-37.19,8.03,False,0.0,0.0,0.0,22.61,17.67,21.96,54.47
5323,222,-19.41,0.0,-37.59,7.48,False,0.0,0.0,0.0,22.67,18.87,12.26,54.44
5324,222,-24.14,0.0,-38.02,7.25,False,0.0,0.0,0.0,22.94,18.56,10.78,54.67
5325,222,-28.34,0.0,-38.57,7.36,False,0.0,0.0,0.0,22.26,12.7,11.64,55.29
5326,222,-31.68,0.0,-38.93,8.05,False,0.0,0.0,0.0,22.55,13.95,11.31,56.13
5327,222,-33.85,0.0,-39.23,8.03,False,0.0,0.0,0.0,23.52,11.78,12.33,56.41
5328,223,-34.29,0.0,-39.25,7.75,False,0.0,0.0,0.0,22.8,11.53,11.12,56.21
5329,223,-33.54,0.0,-39.48,7.96,False,0.0,0.0,0.0,22.67,12.59,12.67,56.6
5330,223,-31.38,0.0,-40.01,8.12,False,0.0,0.0,0.0,22.42,11.7,11.28,57.21
5331,223,-28.05,0.0,-40.18,7.44,False,0.0,0.0,0.0,23.02,11.91,10.75,56.86
5332,223,-23.85,0.0,-40.15,6.51,False,0.0,0.0,0.0,23.23,11.11,10.77,56.11
5333,223,-19.12,0.0,-39.85,6.48,False,0.0,0.0,0.0,23.13,12.39,11.06,55.82
5334,223,-14.2,0.0,-39.54,5.44,False,0.0,0.0,0.0,22.64,10.72,11.76,54.73
5335,223,-9.38,0.0,-39.03,6.73,False,0.0,0.0,0.0,22.83,11.82,11.07,55.24
5336,223,-4.95,0.0,-38.51,7.56,False,0.0,0.0,0.0,23.29,17.49,10.93,55.37
5337,223,-1.17,0.0,-38.16,8.71,False,0.0,0.0,0.0,23.01,17.15,12.12,55.89
5338,223,1.73,7.83,-37.72,10.24,False,0.0,0.0,0.0,22.21,16.09,19.75,56.6
5339,223,3.55,17.73,-37.56,9.75,False,0.0,0.0,0.0,21.49,16.09,21.7,56.08
5340,223,4.18,22.92,-37.22,11.19,False,0.0,0.0,0.0,22.58,16.9,21.07,56.8
5341,223,3.55,17.73,-37.29,9.5,False,0.0,0.0,0.0,22.79,17.93,21.39,55.64
5342,223,1.73,7.83,-37.19,7.88,False,0.0,0.0,0.0,22.03,17.73,22.17,54.36
5343,223,-1.17,0.0,-37.16,7.67,False,0.0,0.0,0.0,22.46,17.49,21.86,54.18
5344,223,-4.95,0.0,-37.2,5.95,False,0.0,0.0,0.0,22.36,16.79,21.79,52.96
5345,223,-9.38,0.0,-37.28,7.8,False,0.0,0.0,0.0,22.51,17.77,22.83,54.38
5346,223,-14.2,0.0,-37.64,7.39,False,0.0,0.0,0.0,22.3,16.06,21.99,54.42
5347,223,-19.12,0.0,-38.02,8.44,False,0.0,0.0,0.0,23.08,15.58,12.76,55.55
5348,223,-23.85,0.0,-38.35,8.98,False,0.0,0.0,0.0,22.66,17.31,12.0,56.28
5349,223,-28.05,0.0,-38.52,8.74,False,0.0,0.0,0.0,22.27,11.46,10.82,56.26
5350,223,-31.38,0.0,-38.91,8.64,False,0.0,0.0,0.0,23.04,12.71,12.85,56.56
5351,223,-33.54,0.0,-39.34,7.64,False,0.0,0.0,0.0,22.22,12.03,11.69,56.22
5352,224,-33.98,0.0,-39.61,6.77,False,0.0,0.0,0.0,23.27,13.22,12.81,55.81
5353,224,-33.23,0.0,-39.89,6.65,False,0.0,0.0,0.0,23.18,11.46,11.31,55.99
5354,224,-31.08,0.0,-40.11,6.62,False,0.0,0.0,0.0,23.37,12.29,11.69,56.16
5355,224,-27.75,0.0,-40.22,5.52,False,0.0,0.0,0.0,22.76,11.7,11.8,55.42
5356,224,-23.55,0.0,-40.08,6.36,False,0.0,0.0,0.0,22.61,13.01,11.38,55.94
5357,224,-18.83,0.0,-39.84,5.11,False,0.0,0.0,0.0,22.81,11.74,12.39,54.76
5358,224,-13.9,0.0,-39.6,6.09,False,0.0,0.0,0.0,22.72,12.58,12.85,55.28
5359,224,-9.08,0.0,-38.88,5.31,False,0.0,0.0,0.0,22.4,11.04,9.89,54.03
5360,224,-4.65,0.0,-38.81,5.5,False,0.0,0.0,0.0,22.44,17.17,12.07,54.11
5361,224,-0.86,0.0,-38.16,6.4,False,0.0,0.0,0.0,22.43,17.43,10.87,54.18
5362,224,2.04,9.22,-37.76,6.09,False,0.0,0.0,0.0,22.06,18.51,20.19,53.58
5363,224,3.86,20.26,-37.43,6.45,False,0.0,0.0,0.0,22.76,15.74,22.36,53.53
5364,224,4.49,25.7,-37.37,6.65,False,0.0,0.0,0.0,22.46,17.23,22.36,53.63
5365,224,3.86,20.26,-37.19,6.55,False,0.0,0.0,0.0,22.34,17.21,22.48,53.39
5366,224,2.04,9.22,-36.61,6.05,False,0.0,0.0,0.0,21.95,15.84,22.26,52.48
5367,224,-0.86,0.0,-36.23,5.66,False,0.0,0.0,0.0,21.88,17.13,22.61,51.86
5368,224,-4.65,0.0,-36.28,5.89,False,0.0,0.0,0.0,23.13,16.27,21.58,52.06
5369,224,-9.08,0.0,-36.34,6.16,False,0.0,0.0,0.0,22.11,15.64,22.18,52.31
5370,224,-13.9,0.0,-36.79,5.32,False,0.0,0.0,0.0,22.66,17.29,22.49,52.12
5371,224,-18.83,0.0,-37.26,6.42,False,0.0,0.0,0.0,22.54,17.26,12.45,53.35
5372,224,-23.55,0.0,-37.98,6.28,False,0.0,0.0,0.0,21.45,17.3,11.53,53.93
5373,224,-27.75,0.0,-38.39,6.45,False,0.0,0.0,0.0,23.32,12.1,11.35,54.43
5374,224,-31.08,0.0,-38.85,6.38,False,0.0,0.0,0.0,22.94,11.2,11.46,54.81
5375,224,-33.23,0.0,-39.01,6.57,False,0.0,0.0,0.0,22.37,13.33,10.66,55.1
5376,225,-33.66,0.0,-39.2,8.12,False,0.0,0.0,0.0,22.69,11.87,12.04,56.45
5377,225,-32.92,0.0,-39.39,7.57,False,0.0,0.0,0.0,22.27,12.93,10.48,56.22
5378,225,-30.77,0.0,-39.42,10.11,False,0.0,0.0,0.0,23.46,10.56,11.77,58.16
5379,225,-27.44,0.0,-39.43,9.9,False,0.0,0.0,0.0,22.37,11.23,11.56,58.02
5380,225,-23.25,0.0,-39.3,9.18,False,0.0,0.0,0.0,22.51,12.45,10.41,57.35
5381,225,-18.53,0.0,-39.37,8.36,False,0.0,0.0,0.0,22.43,11.72,10.45,56.79
5382,225,-13.61,0.0,-38.98,6.85,False,0.0,0.0,0.0,22.71,11.04,10.9,55.29
5383,225,-8.78,0.0,-38.78,6.53,False,0.0,0.0,0.0,23.2,10.43,11.26,54.86
5384,225,-4.34,0.0,-38.29,4.16,False,0.0,0.0,0.0,23.31,18.09,12.54,52.64
5385,225,-0.55,0.0,-37.99,4.37,False,0.0,0.0,0.0,22.4,18.02,11.42,52.52
5386,225,2.35,10.62,-37.55,5.03,False,0.0,0.0,0.0,22.66,17.69,22.38,52.61
5387,225,4.18,22.95,-37.22,4.94,False,0.0,0.0,0.0,22.5,17.1,22.89,52.25
5388,225,4.8,28.64,-37.08,4.78,False,0.0,0.0,0.0,22.06,16.61,22.75,52.0
5389,225,4.18,22.95,-36.87,5.94,False,0.0,0.0,0.0,23.39,17.46,22.0,52.65
5390,225,2.35,10.62,-36.46,6.33,False,0.0,0.0,0.0,22.92,16.45,21.51,52.55
5391,225,-0.55,0.0,-36.31,6.83,False,0.0,0.0,0.0,22.43,16.9,22.35,52.76
5392,225,-4.34,0.0,-36.22,7.28,False,0.0,0.0,0.0,22.98,18.51,21.52,53.0
5393,225,-8.78,0.0,-36.47,7.81,False,0.0,0.0,0.0,22.86,16.02,23.27,53.63
5394,225,-13.61,0.0,-36.85,7.71,False,0.0,0.0,0.0,22.45,18.04,22.61,53.91
5395,225,-18.53,0.0,-37.52,6.64,False,0.0,0.0,0.0,22.63,18.7,11.65,53.77
5396,225,-23.25,0.0,-37.53,7.12,False,0.0,0.0,0.0,23.11,18.15,11.86,54.12
5397,225,-27.44,0.0,-38.06,6.49,False,0.0,0.0,0.0,22.19,12.22,11.62,54.16
5398,225,-30.77,0.0,-38.31,5.83,False,0.0,0.0,0.0,23.27,11.53,11.24,53.9
5399,225,-32.92,0.0,-38.64,5.28,False,0.0,0.0,0.0,22.55,11.38,11.85,53.8
5400,226,-33.34,0.0,-39.1,6.54,False,0.0,0.0,0.0,23.3,10.1,11.33,55.16
5401,226,-32.6,0.0,-39.29,6.66,False,0.0,0.0,0.0,22.71,11.93,12.86,55.43
5402,226,-30.45,0.0,-39.76,6.72,False,0.0,0.0,0.0,22.91,11.58,11.02,55.91
5403,226,-27.13,0.0,-39.89,6.94,False,0.0,0.0,0.0,22.77,11.34,11.86,56.21
5404,226,-22.95,0.0,-39.97,8.22,False,0.0,0.0,0.0,22.58,11.88,10.95,57.26
5405,226,-18.23,0.0,-39.86,8.96,False,0.0,0.0,0.0,22.68,11.95,10.94,57.72
5406,226,-13.31,0.0,-39.46,8.1,False,0.0,0.0,0.0,23.29,11.39,10.25,56.68
5407,226,-8.48,0.0,-39.02,9.23,False,0.0,0.0,0.0,21.76,13.19,11.79,57.11
5408,226,-4.04,0.0,-38.33,9.41,False,0.0,0.0,0.0,22.1,18.08,11.13,56.58
5409,226,-0.24,0.0,-37.75,8.75,False,0.0,0.0,0.0,22.24,18.22,12.26,55.54
5410,226,2.67,12.05,-37.38,7.41,False,0.0,0.0,0.0,22.05,17.42,22.29,54.19
5411,226,4.5,25.8,-37.11,7.88,False,0.0,0.0,0.0,23.06,17.91,22.1,54.28
5412,226,5.12,31.73,-37.01,8.6,False,0.0,0.0,0.0,22.94,16.78,21.01,54.71
5413,226,4.5,25.8,-36.68,7.64,False,0.0,0.0,0.0,22.64,18.03,22.41,53.7
5414,226,2.67,12.05,-36.69,7.33,False,0.0,0.0,0.0,22.15,17.34,21.54,53.48
5415,226,-0.24,0.0,-36.64,8.23,False,0.0,0.0,0.0,22.93,16.68,21.0,54.09
5416,226,-4.04,0.0,-36.81,8.67,False,0.0,0.0,0.0,21.78,17.48,22.3,54.57
5417,226,-8.48,0.0,-36.67,8.44,False,0.0,0.0,0.0,23.26,17.27,21.12,54.26
5418,226,-13.31,0.0,-37.0,7.07,False,0.0,0.0,0.0,22.17,19.36,20.54,53.59
5419,226,-18.23,0.0,-37.18,8.29,False,0.0,0.0,0.0,22.36,17.85,12.41,54.64
5420,226,-22.95,0.0,-37.36,8.66,False,0.0,0.0,0.0,22.31,18.76,11.11,55.09
5421,226,-27.13,0.0,-37.76,8.66,False,0.0,0.0,0.0,22.1,12.81,10.28,55.48
5422,226,-30.45,0.0,-38.16,8.46,False,0.0,0.0,0.0,23.35,11.93,10.83,55.71
5423,226,-32.6,0.0,-38.49,7.57,False,0.0,0.0,0.0,22.93,11.55,11.0,55.37
5424,227,-33.02,0.0,-38.87,8.11,False,0.0,0.0,0.0,23.15,10.51,12.3,56.13
5425,227,-32.27,0.0,-39.03,7.1,False,0.0,0.0,0.0,22.19,11.2,10.34,55.51
5426,227,-30.13,0.0,-39.36,6.86,False,0.0,0.0,0.0,22.8,12.43,10.56,55.65
5427,227,-26.82,0.0,-39.3,6.45,False,0.0,0.0,0.0,22.92,11.66,12.19,55.28
5428,227,-22.64,0.0,-39.39,6.94,False,0.0,0.0,0.0,22.83,12.2,11.19,55.73
5429,227,-17.92,0.0,-39.32,8.13,False,0.0,0.0,0.0,22.25,10.28,11.66,56.58
5430,227,-13.0,0.0,-38.83,7.34,False,0.0,0.0,0.0,23.09,12.26,11.16,55.51
5431,227,-8.17,0.0,-38.39,6.98,False,0.0,0.0,0.0,22.66,12.78,12.91,54.83
5432,227,-3.73,0.0,-38.27,7.23,False,0.0,0.0,0.0,22.21,16.08,10.6,54.91
5433,227,0.07,0.33,-37.85,7.5,False,0.0,0.0,0.0,21.8,17.8,11.7,54.7
5434,227,2.99,13.5,-37.52,7.57,False,0.0,0.0,0.0,22.74,18.57,23.05,54.44
5435,227,4.82,28.81,-36.92,6.97,False,0.0,0.0,0.0,23.41,18.84,21.74,53.44
5436,227,5.45,34.97,-36.5,9.71,False,0.0,0.0,0.0,21.97,17.1,21.47,55.03
5437,227,4.82,28.81,-36.09,8.96,False,0.0,0.0,0.0,22.4,18.12,22.54,54.08
5438,227,2.99,13.5,-35.65,8.46,False,0.0,0.0,0.0,22.72,18.64,22.7,53.3
5439,227,0.07,0.33,-35.66,7.66,False,0.0,0.0,0.0,21.77,17.82,21.44,52.75
5440,227,-3.73,0.0,-35.61,6.83,False,0.0,0.0,0.0,22.08,18.53,23.02,52.1
5441,227,-8.17,0.0,-35.97,6.61,False,0.0,0.0,0.0,21.97,17.47,22.04,52.29
5442,227,-13.0,0.0,-36.21,4.22,False,0.0,0.0,0.0,22.74,17.82,22.36,50.81
5443,227,-17.92,0.0,-36.5,6.37,False,0.0,0.0,0.0,22.91,17.0,12.54,52.62
5444,227,-22.64,0.0,-36.86,7.56,False,0.0,0.0,0.0,22.49,17.37,12.04,53.81
5445,227,-26.82,0.0,-37.23,8.02,False,0.0,0.0,0.0,22.13,12.25,11.5,54.5
5446,227,-30.13,0.0,-37.69,8.84,False,0.0,0.0,0.0,22.35,11.34,11.03,55.54
5447,227,-32.27,0.0,-38.18,9.08,False,0.0,0.0,0.0,22.33,11.72,13.4,56.19
5448,228,-32.69,0.0,-38.29,10.29,False,0.0,0.0,0.0,22.2,12.51,10.95,57.19
5449,228,-31.95,0.0,-38.41,9.19,False,0.0,0.0,0.0,22.57,13.54,11.72,56.5
5450,228,-29.81,0.0,-38.46,6.86,False,0.0,0.0,0.0,22.84,10.26,11.86,54.8
5451,228,-26.5,0.0,-38.55,7.62,False,0.0,0.0,0.0,22.82,13.48,11.89,55.46
5452,228,-22.33,0.0,-38.44,7.83,False,0.0,0.0,0.0,22.61,11.69,12.99,55.51
5453,228,-17.61,0.0,-38.19,7.79,False,0.0,0.0,0.0,22.61,12.67,11.53,55.25
5454,228,-12.69,0.0,-37.84,8.1,False,0.0,0.0,0.0,22.51,12.83,11.43,55.13
5455,228,-7.86,0.0,-37.56,8.83,False,0.0,0.0,0.0,21.99,13.15,12.59,55.41
5456,228,-3.41,0.0,-37.38,10.03,False,0.0,0.0,0.0,22.55,16.92,11.4,56.11
5457,228,0.39,1.77,-37.04,9.72,False,0.0,0.0,0.0,22.21,17.32,12.11,55.55
5458,228,3.31,15.85,-36.46,11.31,False,0.0,0.0,0.0,21.84,17.46,22.14,56.13
5459,228,5.15,31.97,-36.04,10.97,False,0.0,0.0,0.0,22.47,17.21,22.64,55.47
5460,228,5.78,38.36,-35.66,9.75,False,0.0,0.0,0.0,22.03,18.56,22.51,54.23
5461,228,5.15,31.97,-35.37,8.27,False,0.0,0.0,0.0,22.34,17.44,21.72,52.91
5462,228,3.31,15.85,-35.04,9.13,False,0.0,0.0,0.0,22.54,16.21,20.71,53.19
5463,228,0.39,1.77,-34.84,9.4,False,0.0,0.0,0.0,21.8,16.99,20.83,53.19
5464,228,-3.41,0.0,-34.81,6.66,False,0.0,0.0,0.0,22.21,16.24,20.71,51.25
5465,228,-7.86,0.0,-34.8,8.54,False,0.0,0.0,0.0,21.45,17.32,21.94,52.55
5466,228,-12.69,0.0,-35.22,9.25,False,0.0,0.0,0.0,22.84,18.04,20.35,53.45
5467,228,-17.61,0.0,-35.83,10.51,False,0.0,0.0,0.0,21.76,16.98,11.39,54.94
5468,228,-22.33,0.0,-35.95,8.76,False,0.0,0.0,0.0,22.11,17.18,11.59,53.8
5469,228,-26.5,0.0,-36.26,8.31,False,0.0,0.0,0.0,22.89,11.68,12.1,53.79
5470,228,-29.81,0.0,-36.61,9.36,False,0.0,0.0,0.0,22.3,12.01,11.85,54.87
5471,228,-31.95,0.0,-37.23,7.88,False,0.0,0.0,0.0,21.99,12.31,12.13,54.4
5472,229,-32.36,0.0,-37.46,7.75,False,0.0,0.0,0.0,22.78,12.55,11.79,54.52
5473,229,-31.62,0.0,-37.85,7.65,False,0.0,0.0,0.0,22.82,13.7,11.27,54.81
5474,229,-29.48,0.0,-38.03,8.3,False,0.0,0.0,0.0,22.31,12.0,11.43,55.47
5475,229,-26.18,0.0,-38.05,9.02,False,0.0,0.0,0.0,22.36,12.49,10.9,56.02
5476,229,-22.01,0.0,-37.73,8.1,False,0.0,0.0,0.0,22.35,10.63,11.66,55.03
5477,229,-17.3,0.0,-37.41,7.65,False,0.0,0.0,0.0,22.41,11.6,10.39,54.4
5478,229,-12.38,0.0,-37.28,6.49,False,0.0,0.0,0.0,21.72,11.68,12.25,53.43
5479,229,-7.55,0.0,-36.98,5.64,False,0.0,0.0,0.0,22.36,11.09,10.83,52.53
5480,229,-3.09,0.0,-36.76,5.65,False,0.0,0.0,0.0,23.12,17.07,11.61,52.33
5481,229,0.72,3.23,-36.73,5.52,False,0.0,0.0,0.0,22.05,17.41,11.73,52.21
5482,229,3.64,18.41,-36.07,6.35,False,0.0,0.0,0.0,22.1,17.1,22.81,52.2
5483,229,5.48,35.29,-35.41,6.62,False,0.0,0.0,0.0,21.78,19.58,20.82,51.77
5484,229,6.11,41.9,-35.03,7.76,False,0.0,0.0,0.0,22.45,17.91,21.77,52.22
5485,229,5.48,35.29,-34.8,7.14,False,0.0,0.0,0.0,22.66,19.1,22.38,51.56
5486,229,3.64,18.41,-34.82,6.8,False,0.0,0.0,0.0,22.65,18.69,23.23,51.35
5487,229,0.72,3.23,-34.78,6.41,False,0.0,0.0,0.0,21.67,16.99,21.97,51.05
5488,229,-3.09,0.0,-34.75,6.39,False,0.0,0.0,0.0,22.37,17.53,21.58,51.0
5489,229,-7.55,0.0,-35.18,7.02,False,0.0,0.0,0.0,22.79,17.15,23.42,51.84
5490,229,-12.38,0.0,-35.73,6.6,False,0.0,0.0,0.0,22.49,17.37,22.56,52.06
5491,229,-17.3,0.0,-36.02,7.84,False,0.0,0.0,0.0,22.51,16.72,12.46,53.22
5492,229,-22.01,0.0,-36.34,8.7,False,0.0,0.0,0.0,22.17,17.15,10.65,54.13
5493,229,-26.18,0.0,-36.68,9.79,False,0.0,0.0,0.0,22.49,12.19,11.86,55.26
5494,229,-29.48,0.0,-37.17,9.08,False,0.0,0.0,0.0,22.95,12.17,10.74,55.21
5495,229,-31.62,0.0,-37.43,8.64,False,0.0,0.0,0.0,22.62,12.1,10.59,55.15
5496,230,-32.02,0.0,-37.7,8.97,False,0.0,0.0,0.0,22.03,11.85,11.91,55.65
5497,230,-31.28,0.0,-37.75,10.86,False,0.0,0.0,0.0,22.35,12.59,11.96,57.08
5498,230,-29.15,0.0,-38.18,10.04,False,0.0,0.0,0.0,23.07,11.69,11.16,56.91
5499,230,-25.86,0.0,-38.39,8.76,False,0.0,0.0,0.0,22.74,13.01,12.5,56.16
5500,230,-21.69,0.0,-38.31,8.98,False,0.0,0.0,0.0,22.65,10.42,11.24,56.25
5501,230,-16.98,0.0,-38.31,8.94,False,0.0,0.0,0.0,22.38,12.43,11.31,56.21
5502,230,-12.06,0.0,-38.23,8.33,False,0.0,0.0,0.0,23.06,12.29,11.47,55.68
5503,230,-7.23,0.0,-37.73,5.19,False,0.0,0.0,0.0,23.19,11.36,11.33,52.89
5504,230,-2.77,0.0,-37.52,5.8,False,0.0,0.0,0.0,23.01,17.22,12.39,53.15
5505,230,1.04,4.71,-37.06,5.5,False,0.0,0.0,0.0,23.02,17.87,10.77,52.5
5506,230,3.97,21.15,-36.78,5.22,False,0.0,0.0,0.0,22.27,18.23,21.47,52.04
5507,230,5.82,38.76,-36.43,4.89,False,0.0,0.0,0.0,22.17,16.1,21.17,51.48
5508,230,6.45,45.57,-36.13,4.48,False,0.0,0.0,0.0,22.27,18.0,23.32,50.92
5509,230,5.82,38.76,-35.72,6.54,False,0.0,0.0,0.0,22.3,17.13,21.77,52.01
5510,230,3.97,21.15,-35.68,6.55,False,0.0,0.0,0.0,22.85,18.4,21.46,51.98
5511,230,1.04,4.71,-35.6,7.44,False,0.0,0.0,0.0,22.74,16.03,21.8,52.53
5512,230,-2.77,0.0,-35.88,7.85,False,0.0,0.0,0.0,22.52,19.46,22.59,53.09
5513,230,-7.23,0.0,-35.93,9.06,False,0.0,0.0,0.0,21.74,16.79,22.46,54.01
5514,230,-12.06,0.0,-36.11,9.89,False,0.0,0.0,0.0,21.66,18.64,21.6,54.76
5515,230,-16.98,0.0,-36.25,8.81,False,0.0,0.0,0.0,22.45,17.44,11.22,54.13
5516,230,-21.69,0.0,-36.51,8.66,False,0.0,0.0,0.0,22.73,16.85,10.48,54.27
5517,230,-25.86,0.0,-36.66,8.46,False,0.0,0.0,0.0,22.37,12.11,11.6,54.28
5518,230,-29.15,0.0,-36.95,8.69,False,0.0,0.0,0.0,23.2,12.72,12.4,54.72
5519,230,-31.28,0.0,-37.5,7.39,False,0.0,0.0,0.0,22.07,10.66,11.09,54.29
5520,231,-31.68,0.0,-37.9,6.82,False,0.0,0.0,0.0,22.06,12.46,11.95,54.25
5521,231,-30.94,0.0,-38.29,6.87,False,0.0,0.0,0.0,22.33,11.89,11.09,54.65
5522,231,-28.82,0.0,-38.17,6.87,False,0.0,0.0,0.0,22.3,12.36,10.73,54.54
5523,231,-25.53,0.0,-37.97,5.72,False,0.0,0.0,0.0,22.77,11.91,11.98,53.51
5524,231,-21.37,0.0,-37.82,5.45,False,0.0,0.0,0.0,22.37,11.44,13.14,53.17
5525,231,-16.66,0.0,-37.42,5.84,False,0.0,0.0,0.0,21.87,11.01,11.88,53.08
5526,231,-11.74,0.0,-36.91,7.1,False,0.0,0.0,0.0,22.79,12.44,11.21,53.53
5527,231,-6.91,0.0,-36.61,6.16,False,0.0,0.0,0.0,21.69,12.43,11.26,52.56
5528,231,-2.44,0.0,-36.41,5.93,False,0.0,0.0,0.0,21.94,18.03,12.84,52.22
5529,231,1.37,6.21,-35.81,7.3,False,0.0,0.0,0.0,21.65,17.84,11.71,52.63
5530,231,4.31,24.06,-35.44,7.72,False,0.0,0.0,0.0,22.34,18.26,21.46,52.58
5531,231,6.16,42.38,-35.2,7.36,False,0.0,0.0,0.0,22.3,18.62,21.96,52.09
5532,231,6.79,49.39,-34.76,7.41,False,0.0,0.0,0.0,22.94,16.0,22.15,51.72
5533,231,6.16,42.38,-34.76,8.17,False,0.0,0.0,0.0,22.54,15.63,22.33,52.25
5534,231,4.31,24.06,-34.39,8.41,False,0.0,0.0,0.0,22.7,18.87,23.06,52.06
5535,231,1.37,6.21,-34.4,9.23,False,0.0,0.0,0.0,22.24,16.43,22.89,52.65
5536,231,-2.44,0.0,-34.45,10.15,False,0.0,0.0,0.0,21.74,16.63,22.14,53.33
5537,231,-6.91,0.0,-34.46,10.26,False,0.0,0.0,0.0,22.19,17.27,21.97,53.42
5538,231,-11.74,0.0,-34.69,8.93,False,0.0,0.0,0.0,22.4,16.18,22.28,52.71
5539,231,-16.66,0.0,-34.9,8.66,False,0.0,0.0,0.0,22.47,17.19,11.07,52.73
5540,231,-21.37,0.0,-35.06,7.75,False,0.0,0.0,0.0,22.02,16.74,12.19,52.24
5541,231,-25.53,0.0,-35.53,5.31,False,0.0,0.0,0.0,22.46,11.71,11.36,50.96
5542,231,-28.82,0.0,-35.76,3.97,False,0.0,0.0,0.0,21.92,12.12,11.84,50.21
5543,231,-30.94,0.0,-36.14,5.33,False,0.0,0.0,0.0,21.92,11.63,12.7,51.53
5544,232,-31.33,0.0,-36.37,6.75,False,0.0,0.0,0.0,21.92,11.58,11.89,52.77
5545,232,-30.6,0.0,-36.8,7.05,False,0.0,0.0,0.0,22.43,12.11,11.66,53.38
5546,232,-28.48,0.0,-36.86,8.07,False,0.0,0.0,0.0,21.95,12.74,11.14,54.18
5547,232,-25.19,0.0,-36.88,7.97,False,0.0,0.0,0.0,22.26,13.18,11.45,54.13
5548,232,-21.04,0.0,-36.74,7.67,False,0.0,0.0,0.0,22.77,11.73,10.7,53.77
5549,232,-16.34,0.0,-36.6,5.59,False,0.0,0.0,0.0,21.98,13.36,11.87,52.15
5550,232,-11.42,0.0,-36.2,5.26,False,0.0,0.0,0.0,22.14,12.6,10.01,51.54
5551,232,-6.58,0.0,-35.99,4.64,False,0.0,0.0,0.0,22.35,10.91,12.18,50.91
5552,232,-2.11,0.0,-35.76,5.33,False,0.0,0.0,0.0,22.39,16.49,12.01,51.19
5553,232,1.71,7.72,-35.35,6.64,False,0.0,0.0,0.0,22.04,17.04,11.57,51.73
5554,232,4.65,27.15,-35.29,6.67,False,0.0,0.0,0.0,22.55,18.66,21.63,51.7
5555,232,6.5,46.14,-34.84,7.04,False,0.0,0.0,0.0,22.42,17.1,21.99,51.54
5556,232,7.13,53.35,-34.53,6.78,False,0.0,0.0,0.0,22.6,15.99,20.76,51.06
5557,232,6.5,46.14,-34.25,8.3,False,0.0,0.0,0.0,22.08,17.32,22.58,51.86
5558,232,4.65,27.15,-34.42,7.9,False,0.0,0.0,0.0,21.93,15.92,21.89,51.74
5559,232,1.71,7.72,-34.63,7.41,False,0.0,0.0,0.0,21.88,16.66,23.06,51.59
5560,232,-2.11,0.0,-34.83,8.0,False,0.0,0.0,0.0,22.3,17.03,22.27,52.2
5561,232,-6.58,0.0,-35.26,8.27,False,0.0,0.0,0.0,22.08,17.62,22.16,52.8
5562,232,-11.42,0.0,-35.47,10.46,False,0.0,0.0,0.0,22.03,18.32,22.28,54.55
5563,232,-16.34,0.0,-35.52,10.0,False,0.0,0.0,0.0,22.08,18.06,10.82,54.27
5564,232,-21.04,0.0,-35.58,9.8,False,0.0,0.0,0.0,22.0,16.56,11.18,54.19
5565,232,-25.19,0.0,-36.0,9.92,False,0.0,0.0,0.0,22.4,11.6,11.59,54.69
5566,232,-28.48,0.0,-36.39,9.97,False,0.0,0.0,0.0,21.8,11.96,11.29,55.11
5567,232,-30.6,0.0,-36.56,10.02,False,0.0,0.0,0.0,22.51,11.69,11.1,55.31
5568,233,-30.99,0.0,-37.1,6.69,False,0.0,0.0,0.0,22.72,11.68,11.3,53.4
5569,233,-30.26,0.0,-37.29,6.06,False,0.0,0.0,0.0,22.24,10.52,11.53,53.13
5570,233,-28.14,0.0,-37.78,6.94,False,0.0,0.0,0.0,23.3,10.98,13.12,54.23
5571,233,-24.86,0.0,-37.68,7.28,False,0.0,0.0,0.0,22.53,11.58,11.27,54.38
5572,233,-20.71,0.0,-37.52,6.33,False,0.0,0.0,0.0,21.88,9.43,11.03,53.53
5573,233,-16.01,0.0,-37.42,7.44,False,0.0,0.0,0.0,22.38,12.41,11.39,54.25
5574,233,-11.09,0.0,-37.04,7.99,False,0.0,0.0,0.0,22.47,10.8,12.55,54.29
5575,233,-6.25,0.0,-36.81,7.74,False,0.0,0.0,0.0,22.6,12.45,12.6,53.9
5576,233,-1.78,0.0,-36.52,6.35,False,0.0,0.0,0.0,22.28,17.98,12.86,52.61
5577,233,2.05,9.25,-35.99,6.26,False,0.0,0.0,0.0,21.91,17.07,11.54,52.06
5578,233,4.99,30.4,-35.88,7.08,False,0.0,0.0,0.0,21.87,18.3,22.45,52.54
5579,233,6.84,50.04,-35.35,6.21,False,0.0,0.0,0.0,21.98,18.09,21.26,51.43
5580,233,7.48,57.44,-35.06,6.98,False,0.0,0.0,0.0,21.98,17.25,21.75,51.7
5581,233,6.84,50.04,-34.73,7.1,False,0.0,0.0,0.0,21.71,17.16,21.22,51.48
5582,233,4.99,30.4,-34.61,7.97,False,0.0,0.0,0.0,21.86,18.38,22.33,51.96
5583,233,2.05,9.25,-34.57,7.3,False,0.0,0.0,0.0,22.41,17.69,22.03,51.46
5584,233,-1.78,0.0,-34.71,7.76,False,0.0,0.0,0.0,22.82,18.34,22.16,51.92
5585,233,-6.25,0.0,-34.99,8.06,False,0.0,0.0,0.0,22.5,15.59,21.41,52.4
5586,233,-11.09,0.0,-35.19,7.99,False,0.0,0.0,0.0,22.75,17.58,22.6,52.54
5587,233,-16.01,0.0,-35.48,8.26,False,0.0,0.0,0.0,22.65,16.24,9.82,53.0
5588,233,-20.71,0.0,-35.7,8.01,False,0.0,0.0,0.0,22.62,17.48,11.32,53.04
5589,233,-24.86,0.0,-36.22,7.8,False,0.0,0.0,0.0,22.21,12.47,11.43,53.38
5590,233,-28.14,0.0,-36.59,7.99,False,0.0,0.0,0.0,22.45,13.29,10.08,53.87
5591,233,-30.26,0.0,-36.8,6.88,False,0.0,0.0,0.0,22.25,11.15,11.77,53.27
5592,234,-30.64,0.0,-37.06,5.96,False,0.0,0.0,0.0,22.36,11.48,11.38,52.84
5593,234,-29.91,0.0,-37.11,6.12,False,0.0,0.0,0.0,22.48,11.82,11.89,53.0
5594,234,-27.8,0.0,-36.84,6.27,False,0.0,0.0,0.0,22.71,11.12,12.9,52.86
5595,234,-24.52,0.0,-36.69,6.26,False,0.0,0.0,0.0,22.57,12.68,11.73,52.71
5596,234,-20.37,0.0,-36.65,6.54,False,0.0,0.0,0.0,22.33,11.84,12.18,52.87
5597,234,-15.68,0.0,-36.4,8.79,False,0.0,0.0,0.0,22.39,12.0,12.47,54.26
5598,234,-10.76,0.0,-36.44,9.57,False,0.0,0.0,0.0,22.55,12.4,11.84,54.86
5599,234,-5.92,0.0,-36.35,9.41,False,0.0,0.0,0.0,22.63,11.84,10.89,54.66
5600,234,-1.45,0.0,-36.13,9.41,False,0.0,0.0,0.0,21.73,16.85,10.35,54.45
5601,234,2.39,10.79,-35.87,9.9,False,0.0,0.0,0.0,21.87,17.45,11.76,54.55
5602,234,5.33,33.81,-35.54,8.88,False,0.0,0.0,0.0,22.71,16.82,21.72,53.49
5603,234,7.19,54.08,-35.34,8.44,False,0.0,0.0,0.0,22.22,17.59,22.9,52.99
5604,234,7.83,61.66,-35.14,9.5,False,0.0,0.0,0.0,22.05,18.3,21.67,53.55
5605,234,7.19,54.08,-34.92,10.59,False,0.0,0.0,0.0,22.09,16.56,21.99,54.1
5606,234,5.33,33.81,-34.41,9.75,False,0.0,0.0,0.0,22.02,16.27,21.19,53.01
5607,234,2.39,10.79,-34.29,9.59,False,0.0,0.0,0.0,22.34,17.54,21.76,52.79
5608,234,-1.45,0.0,-34.52,9.28,False,0.0,0.0,0.0,21.7,16.89,21.34,52.79
5609,234,-5.92,0.0,-34.56,8.19,False,0.0,0.0,0.0,22.16,17.53,21.4,52.08
5610,234,-10.76,0.0,-34.66,6.65,False,0.0,0.0,0.0,22.26,17.76,21.96,51.09
5611,234,-15.68,0.0,-34.97,5.39,False,0.0,0.0,0.0,22.35,15.79,11.08,50.5
5612,234,-20.37,0.0,-35.33,5.98,False,0.0,0.0,0.0,22.33,18.05,13.34,51.25
5613,234,-24.52,0.0,-35.91,6.92,False,0.0,0.0,0.0,22.52,10.96,12.09,52.46
5614,234,-27.8,0.0,-36.01,7.68,False,0.0,0.0,0.0,22.09,11.88,12.26,53.09
5615,234,-29.91,0.0,-36.39,8.4,False,0.0,0.0,0.0,21.99,11.37,11.42,53.97
5616,235,-30.28,0.0,-36.63,7.78,False,0.0,0.0,0.0,23.38,11.46,11.57,53.75
5617,235,-29.55,0.0,-36.96,7.13,False,0.0,0.0,0.0,22.31,13.26,11.2,53.6
5618,235,-27.45,0.0,-37.07,7.49,False,0.0,0.0,0.0,22.38,12.16,13.34,53.96
5619,235,-24.18,0.0,-36.87,7.05,False,0.0,0.0,0.0,22.7,12.62,11.42,53.45
5620,235,-20.04,0.0,-36.91,6.75,False,0.0,0.0,0.0,23.07,12.02,11.08,53.27
5621,235,-15.34,0.0,-36.77,5.28,False,0.0,0.0,0.0,22.19,12.4,10.97,52.07
5622,235,-10.42,0.0,-36.6,5.8,False,0.0,0.0,0.0,21.99,12.23,11.73,52.29
5623,235,-5.58,0.0,-36.24,6.89,False,0.0,0.0,0.0,21.85,12.1,12.49,52.75
5624,235,-1.11,0.0,-35.96,7.09,False,0.0,0.0,0.0,22.95,18.39,12.26,52.63
5625,235,2.73,12.35,-35.74,8.03,False,0.0,0.0,0.0,21.87,17.63,10.97,53.09
5626,235,5.68,37.38,-35.15,7.9,False,0.0,0.0,0.0,22.21,19.33,21.45,52.43
5627,235,7.55,58.26,-34.8,8.81,False,0.0,0.0,0.0,21.78,18.27,22.87,52.74
5628,235,8.18,66.01,-34.68,9.89,False,0.0,0.0,0.0,21.58,16.59,23.47,53.37
5629,235,7.55,58.26,-34.57,9.72,False,0.0,0.0,0.0,22.03,17.36,21.9,53.15
5630,235,5.68,37.38,-34.44,8.98,False,0.0,0.0,0.0,21.76,17.82,22.84,52.5
5631,235,2.73,12.35,-34.33,8.92,False,0.0,0.0,0.0,21.84,17.54,20.97,52.37
5632,235,-1.11,0.0,-34.28,9.48,False,0.0,0.0,0.0,22.92,18.05,21.41,52.7
5633,235,-5.58,0.0,-34.39,10.37,False,0.0,0.0,0.0,22.3,18.14,21.29,53.42
5634,235,-10.42,0.0,-34.33,9.23,False,0.0,0.0,0.0,22.49,16.41,22.29,52.57
5635,235,-15.34,0.0,-34.63,9.2,False,0.0,0.0,0.0,22.48,18.52,11.37,52.84
5636,235,-20.04,0.0,-34.82,9.88,False,0.0,0.0,0.0,22.14,17.1,11.67,53.5
5637,235,-24.18,0.0,-35.34,8.27,False,0.0,0.0,0.0,22.06,11.42,12.35,52.87
5638,235,-27.45,0.0,-35.79,8.28,False,0.0,0.0,0.0,22.39,11.42,11.04,53.31
5639,235,-29.55,0.0,-36.0,6.79,False,0.0,0.0,0.0,22.39,12.55,11.57,52.45
5640,236,-29.92,0.0,-36.11,7.86,False,0.0,0.0,0.0,22.11,11.69,10.56,53.32
5641,236,-29.2,0.0,-36.08,8.01,False,0.0,0.0,0.0,22.38,11.37,12.31,53.4
5642,236,-27.1,0.0,-36.35,6.8,False,0.0,0.0,0.0,22.08,11.56,12.27,52.78
5643,236,-23.83,0.0,-36.59,7.43,False,0.0,0.0,0.0,22.32,10.46,11.75,53.47
5644,236,-19.69,0.0,-36.63,7.18,False,0.0,0.0,0.0,22.26,11.23,11.58,53.32
5645,236,-15.01,0.0,-36.51,7.94,False,0.0,0.0,0.0,21.87,10.91,11.14,53.75
5646,236,-10.09,0.0,-36.53,7.21,False,0.0,0.0,0.0,21.44,11.68,10.52,53.25
5647,236,-5.24,0.0,-36.18,7.94,False,0.0,0.0,0.0,21.97,12.43,11.71,53.43
5648,236,-0.76,0.0,-36.01,8.48,False,0.0,0.0,0.0,23.04,17.94,12.03,53.66
5649,236,3.08,14.13,-35.45,8.53,False,0.0,0.0,0.0,22.13,18.51,12.91,53.16
5650,236,6.04,41.1,-35.07,7.4,False,0.0,0.0,0.0,22.52,18.33,21.72,52.01
5651,236,7.9,62.56,-34.91,8.19,False,0.0,0.0,0.0,21.34,17.08,22.19,52.41
5652,236,8.54,70.49,-34.48,7.77,False,0.0,0.0,0.0,21.73,17.52,22.78,51.71
5653,236,7.9,62.56,-33.87,6.9,False,0.0,0.0,0.0,21.52,17.47,22.8,50.53
5654,236,6.04,41.1,-33.79,7.47,False,0.0,0.0,0.0,21.97,15.78,21.56,50.84
5655,236,3.08,14.13,-34.03,6.99,False,0.0,0.0,0.0,23.05,16.53,21.8,50.74
5656,236,-0.76,0.0,-33.65,7.84,False,0.0,0.0,0.0,22.22,17.37,21.63,50.97
5657,236,-5.24,0.0,-33.9,6.4,False,0.0,0.0,0.0,22.75,17.36,21.37,50.21
5658,236,-10.09,0.0,-34.15,7.42,False,0.0,0.0,0.0,22.0,17.91,23.03,51.16
5659,236,-15.01,0.0,-34.52,7.48,False,0.0,0.0,0.0,22.69,17.87,11.54,51.55
5660,236,-19.69,0.0,-34.67,7.64,False,0.0,0.0,0.0,22.99,16.08,11.45,51.79
5661,236,-23.83,0.0,-34.69,9.0,False,0.0,0.0,0.0,22.12,12.31,11.67,52.77
5662,236,-27.1,0.0,-35.28,9.21,False,0.0,0.0,0.0,22.02,12.04,11.54,53.48
5663,236,-29.2,0.0,-35.82,10.05,False,0.0,0.0,0.0,21.77,12.4,11.35,54.6
5664,237,-29.56,0.0,-35.97,9.64,False,0.0,0.0,0.0,22.19,12.75,10.97,54.46
5665,237,-28.84,0.0,-36.25,9.35,False,0.0,0.0,0.0,22.38,11.79,12.6,54.52
5666,237,-26.74,0.0,-36.56,8.85,False,0.0,0.0,0.0,23.2,12.9,11.1,54.46
5667,237,-23.48,0.0,-36.83,8.91,False,0.0,0.0,0.0,21.9,11.19,10.85,54.76
5668,237,-19.35,0.0,-37.04,8.52,False,0.0,0.0,0.0,22.47,11.14,11.44,54.68
5669,237,-14.67,0.0,-36.72,7.81,False,0.0,0.0,0.0,21.68,12.24,13.01,53.86
5670,237,-9.75,0.0,-36.54,7.55,False,0.0,0.0,0.0,22.21,11.6,10.92,53.5
5671,237,-4.9,0.0,-36.35,7.63,False,0.0,0.0,0.0,22.49,12.11,12.0,53.38
5672,237,-0.42,0.0,-36.12,6.6,False,0.0,0.0,0.0,22.54,19.09,11.33,52.43
5673,237,3.43,16.76,-35.62,5.65,False,0.0,0.0,0.0,22.51,17.81,11.67,51.28
5674,237,6.39,44.97,-35.33,5.77,False,0.0,0.0,0.0,22.4,17.67,22.65,51.1
5675,237,8.26,66.99,-35.04,6.22,False,0.0,0.0,0.0,22.44,16.8,20.8,51.14
5676,237,8.9,75.09,-34.83,6.18,False,0.0,0.0,0.0,22.2,16.14,21.37,50.92
5677,237,8.26,66.99,-34.55,6.47,False,0.0,0.0,0.0,21.73,17.44,22.64,50.87
5678,237,6.39,44.97,-34.26,8.08,False,0.0,0.0,0.0,21.37,18.35,22.07,51.71
5679,237,3.43,16.76,-34.24,9.32,False,0.0,0.0,0.0,21.89,17.24,22.15,52.55
5680,237,-0.42,0.0,-34.26,9.47,False,0.0,0.0,0.0,22.06,17.82,22.5,52.67
5681,237,-4.9,0.0,-34.42,8.45,False,0.0,0.0,0.0,22.63,18.64,21.38,52.12
5682,237,-9.75,0.0,-34.41,10.05,False,0.0,0.0,0.0,22.09,18.62,22.74,53.22
5683,237,-14.67,0.0,-34.67,10.23,False,0.0,0.0,0.0,22.08,17.84,12.07,53.59
5684,237,-19.35,0.0,-34.88,9.13,False,0.0,0.0,0.0,22.34,17.64,11.67,53.04
5685,237,-23.48,0.0,-35.33,7.29,False,0.0,0.0,0.0,22.13,10.69,11.83,52.18
5686,237,-26.74,0.0,-35.86,6.54,False,0.0,0.0,0.0,22.63,11.4,12.32,52.14
5687,237,-28.84,0.0,-36.06,6.86,False,0.0,0.0,0.0,23.12,11.68,11.08,52.55
5688,238,-29.2,0.0,-36.75,4.62,False,0.0,0.0,0.0,23.29,11.22,11.96,51.58
5689,238,-28.48,0.0,-37.15,5.18,False,0.0,0.0,0.0,22.5,12.1,12.72,52.35
5690,238,-26.38,0.0,-37.26,5.51,False,0.0,0.0,0.0,22.61,13.43,11.95,52.69
5691,238,-23.13,0.0,-37.32,6.47,False,0.0,0.0,0.0,23.11,13.11,11.34,53.44
5692,238,-19.0,0.0,-37.36,7.74,False,0.0,0.0,0.0,22.42,12.1,13.12,54.42
5693,238,-14.32,0.0,-37.05,8.86,False,0.0,0.0,0.0,22.72,12.52,11.66,54.94
5694,238,-9.4,0.0,-36.92,10.57,False,0.0,0.0,0.0,21.98,11.32,12.48,56.05
5695,238,-4.56,0.0,-36.53,10.99,False,0.0,0.0,0.0,22.26,13.07,11.2,55.97
5696,238,-0.07,0.0,-36.26,10.83,False,0.0,0.0,0.0,22.81,16.25,12.25,55.59
5697,238,3.78,19.59,-35.86,11.67,False,0.0,0.0,0.0,22.02,18.23,11.12,55.8
5698,238,6.75,48.99,-35.46,11.41,False,0.0,0.0,0.0,22.2,17.9,22.23,55.21
5699,238,8.63,71.55,-34.93,10.07,False,0.0,0.0,0.0,21.56,16.9,21.58,53.74
5700,238,9.27,79.8,-34.6,9.54,False,0.0,0.0,0.0,22.95,17.33,23.33,53.06
5701,238,8.63,71.55,-34.18,8.52,False,0.0,0.0,0.0,22.61,16.59,21.85,51.94
5702,238,6.75,48.99,-34.24,9.56,False,0.0,0.0,0.0,22.18,16.63,21.22,52.72
5703,238,3.78,19.59,-34.17,8.16,False,0.0,0.0,0.0,22.3,16.23,22.07,51.68
5704,238,-0.07,0.0,-33.86,7.89,False,0.0,0.0,0.0,22.22,18.11,22.38,51.2
5705,238,-4.56,0.0,-34.22,7.66,False,0.0,0.0,0.0,22.66,18.46,21.98,51.38
5706,238,-9.4,0.0,-34.47,7.07,False,0.0,0.0,0.0,21.93,15.77,21.43,51.2
5707,238,-14.32,0.0,-34.68,5.93,False,0.0,0.0,0.0,22.45,18.97,12.23,50.61
5708,238,-19.0,0.0,-35.15,5.02,False,0.0,0.0,0.0,22.65,17.49,12.38,50.41
5709,238,-23.13,0.0,-35.78,5.86,False,0.0,0.0,0.0,22.78,12.13,10.35,51.58
5710,238,-26.38,0.0,-35.99,5.23,False,0.0,0.0,0.0,21.42,10.72,10.89,51.33
5711,238,-28.48,0.0,-36.37,6.29,False,0.0,0.0,0.0,22.12,12.96,11.39,52.44
5712,239,-28.83,0.0,-36.56,6.07,False,0.0,0.0,0.0,21.98,12.06,11.13,52.46
5713,239,-28.11,0.0,-37.0,6.22,False,0.0,0.0,0.0,22.5,12.81,11.87,52.97
5714,239,-26.02,0.0,-37.19,6.21,False,0.0,0.0,0.0,21.66,12.88,12.79,53.14
5715,239,-22.78,0.0,-37.08,4.81,False,0.0,0.0,0.0,21.63,12.97,11.23,52.02
5716,239,-18.65,0.0,-36.96,5.45,False,0.0,0.0,0.0,23.3,11.38,12.6,52.37
5717,239,-13.98,0.0,-36.85,4.49,False,0.0,0.0,0.0,22.67,11.73,10.47,51.58
5718,239,-9.06,0.0,-36.71,4.29,False,0.0,0.0,0.0,22.45,11.41,11.82,51.3
5719,239,-4.21,0.0,-36.32,5.02,False,0.0,0.0,0.0,22.5,12.62,11.08,51.48
5720,239,0.28,1.28,-35.77,5.16,False,0.0,0.0,0.0,22.35,17.77,11.83,51.07
5721,239,4.14,22.61,-35.45,4.99,False,0.0,0.0,0.0,22.65,18.36,10.27,50.66
5722,239,7.11,53.14,-34.98,4.97,False,0.0,0.0,0.0,21.94,18.39,21.1,50.21
5723,239,8.99,76.22,-34.53,6.58,False,0.0,0.0,0.0,22.22,16.12,22.33,50.93
5724,239,9.63,84.63,-34.09,7.67,False,0.0,0.0,0.0,22.18,18.58,21.56,51.27
5725,239,8.99,76.22,-33.95,6.96,False,0.0,0.0,0.0,21.66,18.26,21.77,50.64
5726,239,7.11,53.14,-33.99,6.96,False,0.0,0.0,0.0,22.59,17.2,23.29,50.68
5727,239,4.14,22.61,-34.04,8.19,False,0.0,0.0,0.0,21.91,17.78,22.1,51.57
5728,239,0.28,1.28,-34.25,7.17,False,0.0,0.0,0.0,22.52,17.4,22.63,51.08
5729,239,-4.21,0.0,-34.45,7.23,False,0.0,0.0,0.0,22.18,17.99,21.47,51.3
5730,239,-9.06,0.0,-34.54,7.77,False,0.0,0.0,0.0,22.8,17.2,21.06,51.76
5731,239,-13.98,0.0,-34.94,9.13,False,0.0,0.0,0.0,21.78,17.88,11.44,53.1
5732,239,-18.65,0.0,-35.45,9.63,False,0.0,0.0,0.0,21.82,17.55,10.46,53.94
5733,239,-22.78,0.0,-35.88,9.78,False,0.0,0.0,0.0,21.94,11.55,11.01,54.46
5734,239,-26.02,0.0,-36.35,10.91,False,0.0,0.0,0.0,22.41,12.05,11.67,55.73
5735,239,-28.11,0.0,-36.59,10.47,False,0.0,0.0,0.0,23.01,14.07,11.42,55.66
5736,240,-28.46,0.0,-37.02,10.13,False,0.0,0.0,0.0,23.08,11.35,11.73,55.83
5737,240,-27.74,0.0,-37.33,9.68,False,0.0,0.0,0.0,21.56,11.7,11.92,55.81
5738,240,-25.66,0.0,-37.38,8.75,False,0.0,0.0,0.0,22.59,11.37,10.66,55.17
5739,240,-22.42,0.0,-37.31,8.09,False,0.0,0.0,0.0,21.19,11.45,10.84,54.63
5740,240,-18.3,0.0,-37.48,8.77,False,0.0,0.0,0.0,22.82,12.55,9.97,55.28
5741,240,-13.63,0.0,-37.29,7.47,False,0.0,0.0,0.0,22.92,12.47,11.24,54.16
5742,240,-8.71,0.0,-36.89,7.22,False,0.0,0.0,0.0,22.41,11.9,12.02,53.59
5743,240,-3.86,0.0,-36.51,8.17,False,0.0,0.0,0.0,22.42,12.72,12.54,53.93
5744,240,0.64,2.88,-35.95,8.82,False,0.0,0.0,0.0,22.34,18.13,11.63,53.85
5745,240,4.5,25.82,-35.42,10.91,False,0.0,0.0,0.0,21.94,17.37,12.46,54.82
5746,240,7.48,57.43,-35.15,10.34,False,0.0,0.0,0.0,22.39,16.27,22.27,54.15
5747,240,9.36,81.01,-34.79,10.42,False,0.0,0.0,0.0,22.08,18.16,22.08,53.85
5748,240,10.0,89.57,-34.5,10.73,False,0.0,0.0,0.0,22.51,17.64,21.57,53.78
5749,240,9.36,81.01,-34.17,9.14,False,0.0,0.0,0.0,22.05,17.52,20.33,52.35
5750,240,7.48,57.43,-34.02,8.68,False,0.0,0.0,0.0,21.74,17.13,22.86,51.9
5751,240,4.5,25.82,-34.05,6.49,False,0.0,0.0,0.0,21.47,18.1,21.96,50.42
5752,240,0.64,2.88,-34.25,5.78,False,0.0,0.0,0.0,21.36,17.78,22.97,50.12
5753,240,-3.86,0.0,-34.12,6.58,False,0.0,0.0,0.0,22.62,17.31,21.34,50.54
5754,240,-8.71,0.0,-34.34,5.72,False,0.0,0.0,0.0,21.94,16.52,23.7,50.15
5755,240,-13.63,0.0,-34.63,6.3,False,0.0,0.0,0.0,22.29,18.35,11.33,50.82
5756,240,-18.3,0.0,-35.23,7.01,False,0.0,0.0,0.0,22.94,17.98,11.02,51.88
5757,240,-22.42,0.0,-35.51,6.98,False,0.0,0.0,0.0,22.04,12.1,11.35,52.12
5758,240,-25.66,0.0,-36.05,6.89,False,0.0,0.0,0.0,22.07,9.77,11.62,52.56
5759,240,-27.74,0.0,-36.39,7.29,False,0.0,0.0,0.0,22.31,11.87,11.45,53.17
5760,241,-28.09,0.0,-36.62,7.78,False,0.0,0.0,0.0,22.41,11.71,11.14,53.74
5761,241,-27.37,0.0,-36.85,8.48,False,0.0,0.0,0.0,23.18,11.41,10.24,54.46
5762,241,-25.29,0.0,-36.75,6.86,False,0.0,0.0,0.0,23.04,12.5,10.94,53.2
5763,241,-22.06,0.0,-36.73,7.93,False,0.0,0.0,0.0,22.66,12.47,12.25,53.96
5764,241,-17.95,0.0,-36.79,8.44,False,0.0,0.0,0.0,22.99,12.25,10.88,54.38
5765,241,-13.27,0.0,-36.54,8.35,False,0.0,0.0,0.0,22.31,12.73,10.3,54.08
5766,241,-8.36,0.0,-36.08,7.33,False,0.0,0.0,0.0,22.45,11.08,10.76,52.91
5767,241,-3.51,0.0,-35.78,6.3,False,0.0,0.0,0.0,22.17,11.54,11.44,51.89
5768,241,0.99,4.5,-35.23,6.84,False,0.0,0.0,0.0,21.71,17.56,10.97,51.76
5769,241,4.86,29.19,-34.84,5.7,False,0.0,0.0,0.0,22.66,17.0,11.3,50.6
5770,241,7.85,61.85,-34.09,5.67,False,0.0,0.0,0.0,22.3,18.08,21.44,49.89
5771,241,9.73,85.91,-34.07,6.08,False,0.0,0.0,0.0,22.1,17.08,22.71,50.16
5772,241,10.38,94.61,-33.59,7.26,False,0.0,0.0,0.0,22.03,18.54,22.34,50.51
5773,241,9.73,85.91,-33.5,7.52,False,0.0,0.0,0.0,21.42,16.76,23.55,50.61
5774,241,7.85,61.85,-33.51,8.04,False,0.0,0.0,0.0,21.63,19.21,21.73,50.96
5775,241,4.86,29.19,-33.48,8.32,False,0.0,0.0,0.0,22.15,19.12,21.8,51.13
5776,241,0.99,4.5,-33.47,9.73,False,0.0,0.0,0.0,21.8,17.42,22.83,52.08
5777,241,-3.51,0.0,-33.58,9.21,False,0.0,0.0,0.0,21.94,18.42,22.27,51.84
5778,241,-8.36,0.0,-33.92,8.36,False,0.0,0.0,0.0,22.03,17.18,21.34,51.58
5779,241,-13.27,0.0,-33.88,7.76,False,0.0,0.0,0.0,21.79,18.31,11.89,51.13
5780,241,-17.95,0.0,-34.32,7.89,False,0.0,0.0,0.0,21.73,17.36,11.78,51.64
5781,241,-22.06,0.0,-34.54,8.04,False,0.0,0.0,0.0,21.5,10.87,10.24,51.95
5782,241,-25.29,0.0,-34.83,5.57,False,0.0,0.0,0.0,22.12,9.07,11.04,50.5
5783,241,-27.37,0.0,-35.17,6.14,False,0.0,0.0,0.0,22.47,11.69,11.63,51.21
5784,242,-27.72,0.0,-35.46,6.91,False,0.0,0.0,0.0,21.6,12.12,12.51,52.03
5785,242,-27.0,0.0,-35.8,7.64,False,0.0,0.0,0.0,22.29,12.96,11.99,52.87
5786,242,-24.92,0.0,-35.73,6.66,False,0.0,0.0,0.0,22.4,11.93,11.11,52.11
5787,242,-21.69,0.0,-35.67,6.4,False,0.0,0.0,0.0,21.88,12.7,11.0,51.86
5788,242,-17.59,0.0,-35.41,8.55,False,0.0,0.0,0.0,22.82,11.54,12.06,53.14
5789,242,-12.92,0.0,-35.72,8.65,False,0.0,0.0,0.0,22.13,11.63,9.8,53.51
5790,242,-8.01,0.0,-35.5,7.94,False,0.0,0.0,0.0,22.22,12.74,10.93,52.79
5791,242,-3.15,0.0,-34.96,7.08,False,0.0,0.0,0.0,22.13,9.93,12.49,51.67
5792,242,1.35,6.12,-34.52,7.78,False,0.0,0.0,0.0,21.43,17.51,11.71,51.75
5793,242,5.23,32.74,-34.03,7.77,False,0.0,0.0,0.0,22.49,17.18,10.97,51.28
5794,242,8.22,66.4,-33.33,6.99,False,0.0,0.0,0.0,21.62,18.59,21.16,50.09
5795,242,10.1,90.93,-32.99,7.57,False,0.0,0.0,0.0,21.86,17.08,22.59,50.15
5796,242,10.75,99.76,-32.72,7.69,False,0.0,0.0,0.0,22.17,17.91,22.05,49.99
5797,242,10.1,90.93,-32.75,7.47,False,0.0,0.0,0.0,22.51,18.24,21.85,49.86
5798,242,8.22,66.4,-32.59,8.46,False,0.0,0.0,0.0,21.48,16.31,22.26,50.37
5799,242,5.23,32.74,-32.49,7.8,False,0.0,0.0,0.0,21.72,17.39,22.12,49.83
5800,242,1.35,6.12,-32.43,8.7,False,0.0,0.0,0.0,22.45,17.15,22.06,50.38
5801,242,-3.15,0.0,-32.76,7.64,False,0.0,0.0,0.0,22.12,18.26,21.07,49.99
5802,242,-8.01,0.0,-33.26,9.0,False,0.0,0.0,0.0,22.26,18.04,21.28,51.38
5803,242,-12.92,0.0,-33.54,9.31,False,0.0,0.0,0.0,21.6,17.31,12.02,51.86
5804,242,-17.59,0.0,-33.93,7.52,False,0.0,0.0,0.0,21.92,16.66,11.89,51.01
5805,242,-21.69,0.0,-34.42,8.39,False,0.0,0.0,0.0,22.06,12.73,11.77,52.08
5806,242,-24.92,0.0,-34.88,7.09,False,0.0,0.0,0.0,21.84,11.85,11.09,51.61
5807,242,-27.0,0.0,-35.11,6.53,False,0.0,0.0,0.0,21.54,10.61,12.04,51.43
5808,243,-27.34,0.0,-35.61,6.65,False,0.0,0.0,0.0,22.07,10.67,11.24,51.99
5809,243,-26.62,0.0,-35.67,7.8,False,0.0,0.0,0.0,22.82,12.25,12.41,52.86
5810,243,-24.55,0.0,-35.53,8.96,False,0.0,0.0,0.0,22.29,10.88,10.98,53.54
5811,243,-21.33,0.0,-35.59,8.41,False,0.0,0.0,0.0,22.82,13.39,11.13,53.21
5812,243,-17.23,0.0,-35.39,8.92,False,0.0,0.0,0.0,22.32,11.15,11.39,53.38
5813,243,-12.56,0.0,-35.23,9.61,False,0.0,0.0,0.0,21.92,11.9,12.09,53.71
5814,243,-7.65,0.0,-34.98,8.23,False,0.0,0.0,0.0,22.71,12.03,11.48,52.5
5815,243,-2.79,0.0,-35.13,8.62,False,0.0,0.0,0.0,22.3,11.32,11.53,52.92
5816,243,1.72,7.76,-34.64,7.77,False,0.0,0.0,0.0,22.54,15.71,11.23,51.86
5817,243,5.59,36.46,-34.28,7.96,False,0.0,0.0,0.0,21.69,17.65,11.69,51.65
5818,243,8.59,71.06,-33.86,6.73,False,0.0,0.0,0.0,22.48,16.9,21.95,50.4
5819,243,10.48,96.04,-33.73,6.89,False,0.0,0.0,0.0,22.48,17.59,21.45,50.39
5820,243,11.13,105.01,-33.23,7.22,False,0.0,0.0,0.0,22.1,17.4,22.09,50.14
5821,243,10.48,96.04,-33.07,5.88,False,0.0,0.0,0.0,21.65,17.71,22.11,49.09
5822,243,8.59,71.06,-33.18,5.88,False,0.0,0.0,0.0,21.96,18.75,23.64,49.19
5823,243,5.59,36.46,-33.21,5.37,False,0.0,0.0,0.0,22.23,17.06,21.57,48.87
5824,243,1.72,7.76,-33.4,5.62,False,0.0,0.0,0.0,22.1,17.12,21.41,49.22
5825,243,-2.79,0.0,-33.45,4.97,False,0.0,0.0,0.0,22.25,16.17,22.2,48.82
5826,243,-7.65,0.0,-33.88,4.35,False,0.0,0.0,0.0,22.47,17.34,21.31,48.78
5827,243,-12.56,0.0,-34.4,4.25,False,0.0,0.0,0.0,21.87,17.83,10.75,49.19
5828,243,-17.23,0.0,-34.79,5.64,False,0.0,0.0,0.0,21.71,17.11,10.49,50.51
5829,243,-21.33,0.0,-34.96,6.54,False,0.0,0.0,0.0,22.18,12.23,10.96,51.31
5830,243,-24.55,0.0,-35.62,7.52,False,0.0,0.0,0.0,22.14,11.76,10.98,52.61
5831,243,-26.62,0.0,-36.09,6.7,False,0.0,0.0,0.0,22.65,10.86,10.6,52.47
5832,244,-26.96,0.0,-36.37,6.9,False,0.0,0.0,0.0,21.93,12.15,11.32,52.87
5833,244,-26.24,0.0,-36.3,7.25,False,0.0,0.0,0.0,22.76,11.74,9.84,53.06
5834,244,-24.18,0.0,-36.57,5.91,False,0.0,0.0,0.0,22.93,12.0,11.84,52.35
5835,244,-20.96,0.0,-36.45,5.23,False,0.0,0.0,0.0,22.37,11.45,11.11,51.75
5836,244,-16.87,0.0,-36.52,5.61,False,0.0,0.0,0.0,22.41,11.38,11.21,52.09
5837,244,-12.2,0.0,-36.38,7.63,False,0.0,0.0,0.0,22.06,12.03,11.91,53.41
5838,244,-7.29,0.0,-36.3,7.09,False,0.0,0.0,0.0,22.14,11.72,11.76,52.95
5839,244,-2.43,0.0,-36.23,6.88,False,0.0,0.0,0.0,22.18,13.28,11.06,52.73
5840,244,2.08,9.4,-35.95,8.67,False,0.0,0.0,0.0,22.89,18.14,11.82,53.74
5841,244,5.96,40.33,-35.46,8.58,False,0.0,0.0,0.0,22.23,17.94,12.58,53.21
5842,244,8.96,75.85,-35.27,8.03,False,0.0,0.0,0.0,21.7,17.36,21.29,52.64
5843,244,10.86,101.26,-34.69,8.32,False,0.0,0.0,0.0,22.27,15.88,22.53,52.29
5844,244,11.51,110.36,-34.05,10.57,False,0.0,0.0,0.0,22.42,16.85,21.22,53.23
5845,244,10.86,101.26,-33.83,10.77,False,0.0,0.0,0.0,22.05,16.98,22.82,53.14
5846,244,8.96,75.85,-33.87,8.93,False,0.0,0.0,0.0,22.65,17.28,21.5,51.93
5847,244,5.96,40.33,-33.89,9.19,False,0.0,0.0,0.0,22.38,17.47,21.47,52.12
5848,244,2.08,9.4,-34.15,9.81,False,0.0,0.0,0.0,21.68,18.02,22.8,52.81
5849,244,-2.43,0.0,-34.34,9.37,False,0.0,0.0,0.0,21.9,17.72,22.51,52.68
5850,244,-7.29,0.0,-34.64,8.06,False,0.0,0.0,0.0,22.25,18.43,21.52,52.06
5851,244,-12.2,0.0,-34.89,8.61,False,0.0,0.0,0.0,21.52,17.25,11.59,52.68
5852,244,-16.87,0.0,-35.38,9.62,False,0.0,0.0,0.0,22.38,17.71,11.0,53.86
5853,244,-20.96,0.0,-35.85,10.39,False,0.0,0.0,0.0,21.6,12.18,10.39,54.87
5854,244,-24.18,0.0,-36.16,10.18,False,0.0,0.0,0.0,22.75,12.1,11.63,55.02
5855,244,-26.24,0.0,-36.26,9.54,False,0.0,0.0,0.0,22.71,12.93,11.25,54.66
5856,245,-26.58,0.0,-36.82,9.41,False,0.0,0.0,0.0,22.62,12.54,10.84,55.12
5857,245,-25.86,0.0,-36.77,8.48,False,0.0,0.0,0.0,22.14,10.84,12.41,54.4
5858,245,-23.8,0.0,-36.96,8.49,False,0.0,0.0,0.0,22.5,11.81,10.86,54.58
5859,245,-20.59,0.0,-37.22,8.16,False,0.0,0.0,0.0,22.26,11.89,11.6,54.59
5860,245,-16.5,0.0,-36.98,7.17,False,0.0,0.0,0.0,22.03,13.62,12.26,53.65
5861,245,-11.84,0.0,-36.75,7.43,False,0.0,0.0,0.0,22.27,11.64,11.32,53.62
5862,245,-6.93,0.0,-36.23,7.73,False,0.0,0.0,0.0,22.63,11.11,10.99,53.34
5863,245,-2.07,0.0,-36.26,9.27,False,0.0,0.0,0.0,22.37,12.25,11.71,54.47
5864,245,2.45,11.06,-35.67,8.26,False,0.0,0.0,0.0,22.86,17.9,11.82,53.18
5865,245,6.34,44.35,-35.53,8.56,False,0.0,0.0,0.0,22.57,17.44,12.11,53.26
5866,245,9.34,80.74,-35.19,8.47,False,0.0,0.0,0.0,22.49,17.32,23.31,52.87
5867,245,11.24,106.57,-34.88,8.81,False,0.0,0.0,0.0,21.54,18.26,21.68,52.81
5868,245,11.89,115.8,-34.31,7.76,False,0.0,0.0,0.0,22.0,16.82,22.14,51.53
5869,245,11.24,106.57,-34.17,6.92,False,0.0,0.0,0.0,21.67,17.23,21.11,50.82
5870,245,9.34,80.74,-34.05,8.04,False,0.0,0.0,0.0,22.01,17.08,22.47,51.49
5871,245,6.34,44.35,-34.31,7.55,False,0.0,0.0,0.0,21.84,18.38,22.13,51.4
5872,245,2.45,11.06,-34.28,9.2,False,0.0,0.0,0.0,21.96,17.73,21.87,52.51
5873,245,-2.07,0.0,-34.3,9.0,False,0.0,0.0,0.0,22.54,16.65,21.57,52.38
5874,245,-6.93,0.0,-34.25,9.38,False,0.0,0.0,0.0,22.3,16.73,21.76,52.6
5875,245,-11.84,0.0,-34.46,8.05,False,0.0,0.0,0.0,22.54,19.0,11.67,51.88
5876,245,-16.5,0.0,-34.92,7.16,False,0.0,0.0,0.0,21.55,18.37,10.82,51.7
5877,245,-20.59,0.0,-35.22,7.04,False,0.0,0.0,0.0,22.25,12.57,11.29,51.89
5878,245,-23.8,0.0,-35.42,6.68,False,0.0,0.0,0.0,22.64,11.91,11.51,51.83
5879,245,-25.86,0.0,-36.08,7.3,False,0.0,0.0,0.0,22.93,13.11,10.42,52.89
5880,246,-26.19,0.0,-36.4,6.85,False,0.0,0.0,0.0,21.75,11.02,10.76,52.87
5881,246,-25.48,0.0,-36.59,7.86,False,0.0,0.0,0.0,22.25,12.5,11.04,53.77
5882,246,-23.43,0.0,-36.41,8.26,False,0.0,0.0,0.0,22.78,11.55,12.6,53.89
5883,246,-20.22,0.0,-36.39,7.9,False,0.0,0.0,0.0,22.29,11.7,10.92,53.61
5884,246,-16.13,0.0,-36.55,6.82,False,0.0,0.0,0.0,22.02,12.48,11.46,52.99
5885,246,-11.48,0.0,-36.33,5.18,False,0.0,0.0,0.0,21.74,11.79,10.77,51.6
5886,246,-6.57,0.0,-35.89,6.02,False,0.0,0.0,0.0,21.93,11.55,10.96,51.8
5887,246,-1.7,0.0,-35.6,6.35,False,0.0,0.0,0.0,21.6,11.5,10.49,51.76
5888,246,2.82,12.72,-35.23,6.63,False,0.0,0.0,0.0,22.25,15.91,11.97,51.61
5889,246,6.71,48.51,-34.78,6.73,False,0.0,0.0,0.0,22.53,18.11,10.57,51.26
5890,246,9.72,85.75,-34.73,7.55,False,0.0,0.0,0.0,21.66,16.69,22.63,51.79
5891,246,11.62,111.98,-34.21,8.16,False,0.0,0.0,0.0,22.21,18.99,22.33,51.72
5892,246,12.28,121.33,-33.89,8.97,False,0.0,0.0,0.0,22.4,17.27,21.95,51.97
5893,246,11.62,111.98,-33.73,8.61,False,0.0,0.0,0.0,22.05,18.55,22.66,51.57
5894,246,9.72,85.75,-33.47,9.14,False,0.0,0.0,0.0,21.37,16.05,24.17,51.68
5895,246,6.71,48.51,-33.09,10.54,False,0.0,0.0,0.0,22.13,18.09,22.33,52.26
5896,246,2.82,12.72,-33.13,9.82,False,0.0,0.0,0.0,21.95,18.29,21.22,51.81
5897,246,-1.7,0.0,-33.21,9.31,False,0.0,0.0,0.0,21.92,18.54,23.04,51.54
5898,246,-6.57,0.0,-33.57,9.53,False,0.0,0.0,0.0,21.81,16.28,22.13,52.04
5899,246,-11.48,0.0,-33.52,10.0,False,0.0,0.0,0.0,22.06,16.94,12.98,52.31
5900,246,-16.13,0.0,-34.23,10.16,False,0.0,0.0,0.0,22.31,17.96,11.15,53.12
5901,246,-20.22,0.0,-34.61,9.96,False,0.0,0.0,0.0,23.11,12.02,12.4,53.36
5902,246,-23.43,0.0,-34.95,10.24,False,0.0,0.0,0.0,22.24,12.13,11.5,53.88
5903,246,-25.48,0.0,-35.0,9.77,False,0.0,0.0,0.0,22.8,11.61,13.36,53.6
5904,247,-25.8,0.0,-35.47,8.35,False,0.0,0.0,0.0,22.4,13.14,11.3,53.05
5905,247,-25.1,0.0,-35.54,9.33,False,0.0,0.0,0.0,22.23,13.99,13.6,53.82
5906,247,-23.05,0.0,-35.58,7.98,False,0.0,0.0,0.0,22.33,11.98,11.81,52.9
5907,247,-19.84,0.0,-35.57,6.68,False,0.0,0.0,0.0,21.78,12.26,12.09,51.96
5908,247,-15.76,0.0,-35.56,6.87,False,0.0,0.0,0.0,22.39,11.94,12.69,52.09
5909,247,-11.11,0.0,-35.3,7.96,False,0.0,0.0,0.0,21.44,12.93,10.95,52.62
5910,247,-6.2,0.0,-35.12,7.95,False,0.0,0.0,0.0,21.87,12.56,12.18,52.44
5911,247,-1.34,0.0,-34.51,6.26,False,0.0,0.0,0.0,22.19,11.05,11.3,50.68
5912,247,3.19,14.91,-33.93,6.5,False,0.0,0.0,0.0,22.55,17.01,11.61,50.3
5913,247,7.09,52.81,-33.69,6.26,False,0.0,0.0,0.0,22.61,16.69,11.56,49.92
5914,247,10.1,90.86,-33.49,6.44,False,0.0,0.0,0.0,21.92,19.66,22.4,49.86
5915,247,12.01,117.47,-32.93,5.72,False,0.0,0.0,0.0,22.01,18.01,22.37,48.85
5916,247,12.66,126.94,-32.99,6.81,False,0.0,0.0,0.0,22.35,17.02,21.6,49.64
5917,247,12.01,117.47,-32.56,7.73,False,0.0,0.0,0.0,21.38,16.96,22.09,49.86
5918,247,10.1,90.86,-32.47,8.06,False,0.0,0.0,0.0,22.06,18.14,20.37,50.0
5919,247,7.09,52.81,-32.27,8.74,False,0.0,0.0,0.0,21.54,18.22,22.69,50.26
5920,247,3.19,14.91,-32.21,8.21,False,0.0,0.0,0.0,21.8,18.14,23.19,49.84
5921,247,-1.34,0.0,-32.19,8.41,False,0.0,0.0,0.0,21.68,17.16,22.13,49.96
5922,247,-6.2,0.0,-32.29,7.41,False,0.0,0.0,0.0,22.05,17.74,20.88,49.39
5923,247,-11.11,0.0,-32.64,7.54,False,0.0,0.0,0.0,22.14,17.59,12.02,49.81
5924,247,-15.76,0.0,-32.87,7.23,False,0.0,0.0,0.0,22.3,16.75,10.97,49.81
5925,247,-19.84,0.0,-33.22,8.19,False,0.0,0.0,0.0,22.13,11.16,11.63,50.8
5926,247,-23.05,0.0,-33.45,7.48,False,0.0,0.0,0.0,22.08,12.23,11.98,50.53
5927,247,-25.1,0.0,-33.94,6.95,False,0.0,0.0,0.0,22.81,12.06,11.88,50.63
5928,248,-25.42,0.0,-34.05,8.69,False,0.0,0.0,0.0,21.48,12.34,12.26,51.93
5929,248,-24.71,0.0,-34.4,8.11,False,0.0,0.0,0.0,22.81,12.53,11.6,51.87
5930,248,-22.66,0.0,-34.4,8.16,False,0.0,0.0,0.0,22.01,13.1,11.62,51.9
5931,248,-19.47,0.0,-34.77,7.52,False,0.0,0.0,0.0,22.4,11.28,12.02,51.8
5932,248,-15.39,0.0,-34.92,7.74,False,0.0,0.0,0.0,22.06,12.4,11.45,52.1
5933,248,-10.75,0.0,-34.72,8.75,False,0.0,0.0,0.0,21.88,12.5,11.02,52.61
5934,248,-5.84,0.0,-34.37,6.53,False,0.0,0.0,0.0,22.32,11.65,11.82,50.74
5935,248,-0.97,0.0,-34.22,6.5,False,0.0,0.0,0.0,22.52,12.0,10.71,50.58
5936,248,3.56,17.76,-33.55,6.6,False,0.0,0.0,0.0,22.21,17.27,11.44,50.02
5937,248,7.46,57.25,-33.16,7.55,False,0.0,0.0,0.0,21.76,19.19,10.54,50.3
5938,248,10.48,96.07,-32.55,8.06,False,0.0,0.0,0.0,23.35,17.58,21.61,50.06
5939,248,12.39,123.05,-32.33,7.04,False,0.0,0.0,0.0,22.36,17.86,21.64,49.18
5940,248,13.05,132.63,-31.96,7.91,False,0.0,0.0,0.0,22.21,17.29,21.31,49.4
5941,248,12.39,123.05,-31.83,7.06,False,0.0,0.0,0.0,21.68,17.12,22.77,48.72
5942,248,10.48,96.07,-31.45,6.45,False,0.0,0.0,0.0,21.52,16.46,22.71,47.97
5943,248,7.46,57.25,-31.29,4.55,False,0.0,0.0,0.0,21.64,18.38,22.92,46.57
5944,248,3.56,17.76,-31.0,4.53,False,0.0,0.0,0.0,22.15,18.11,21.87,46.3
5945,248,-0.97,0.0,-31.21,4.41,False,0.0,0.0,0.0,21.35,17.26,21.7,46.41
5946,248,-5.84,0.0,-31.61,4.24,False,0.0,0.0,0.0,21.37,16.78,22.56,46.66
5947,248,-10.75,0.0,-31.89,6.05,False,0.0,0.0,0.0,22.04,17.64,11.59,48.11
5948,248,-15.39,0.0,-32.28,6.93,False,0.0,0.0,0.0,22.0,17.1,11.59,49.06
5949,248,-19.47,0.0,-32.45,7.09,False,0.0,0.0,0.0,21.59,11.72,9.72,49.33
5950,248,-22.66,0.0,-32.61,6.61,False,0.0,0.0,0.0,21.48,10.89,12.03,49.15
5951,248,-24.71,0.0,-32.94,7.66,False,0.0,0.0,0.0,22.53,12.07,11.94,50.17
5952,249,-25.03,0.0,-33.05,8.61,False,0.0,0.0,0.0,22.11,12.09,11.5,50.91
5953,249,-24.32,0.0,-33.35,6.61,False,0.0,0.0,0.0,21.46,12.78,12.07,49.85
5954,249,-22.28,0.0,-33.54,6.84,False,0.0,0.0,0.0,21.51,11.78,11.92,50.18
5955,249,-19.09,0.0,-33.64,7.7,False,0.0,0.0,0.0,21.89,11.63,11.01,50.86
5956,249,-15.02,0.0,-33.65,8.23,False,0.0,0.0,0.0,22.33,10.65,11.35,51.23
5957,249,-10.38,0.0,-33.58,9.19,False,0.0,0.0,0.0,22.27,12.78,10.79,51.82
5958,249,-5.47,0.0,-33.65,8.75,False,0.0,0.0,0.0,22.49,12.61,12.52,51.59
5959,249,-0.6,0.0,-33.0,10.39,False,0.0,0.0,0.0,21.36,11.92,12.18,52.07
5960,249,3.93,20.82,-32.64,9.54,False,0.0,0.0,0.0,22.01,16.44,10.93,51.15
5961,249,7.84,61.81,-32.22,9.53,False,0.0,0.0,0.0,22.44,16.53,11.93,50.73
5962,249,10.87,101.37,-31.6,9.65,False,0.0,0.0,0.0,22.32,17.06,22.2,50.2
5963,249,12.78,128.72,-31.39,8.1,False,0.0,0.0,0.0,21.91,18.27,21.52,48.99
5964,249,13.44,138.4,-30.98,7.75,False,0.0,0.0,0.0,22.66,17.73,22.09,48.37
5965,249,12.78,128.72,-30.45,6.59,False,0.0,0.0,0.0,21.9,16.31,22.6,47.12
5966,249,10.87,101.37,-30.37,6.22,False,0.0,0.0,0.0,22.06,17.82,22.66,46.81
5967,249,7.84,61.81,-29.95,5.93,False,0.0,0.0,0.0,21.61,16.83,23.63,46.23
5968,249,3.93,20.82,-29.89,6.17,False,0.0,0.0,0.0,21.27,17.08,22.07,46.33
5969,249,-0.6,0.0,-30.13,7.45,False,0.0,0.0,0.0,21.27,18.28,21.83,47.38
5970,249,-5.47,0.0,-30.36,7.26,False,0.0,0.0,0.0,21.72,18.11,22.39,47.47
5971,249,-10.38,0.0,-30.53,7.94,False,0.0,0.0,0.0,21.58,18.37,11.37,48.07
5972,249,-15.02,0.0,-31.02,7.85,False,0.0,0.0,0.0,21.01,17.48,11.09,48.47
5973,249,-19.09,0.0,-31.4,8.99,False,0.0,0.0,0.0,21.36,12.61,10.85,49.58
5974,249,-22.28,0.0,-31.84,8.66,False,0.0,0.0,0.0,21.69,11.43,9.1,49.79
5975,249,-24.32,0.0,-32.29,8.21,False,0.0,0.0,0.0,22.17,11.69,12.01,49.92
5976,250,-24.63,0.0,-32.6,8.85,False,0.0,0.0,0.0,21.91,11.64,10.35,50.64
5977,250,-23.93,0.0,-32.68,8.21,False,0.0,0.0,0.0,21.89,11.92,10.88,50.29
5978,250,-21.89,0.0,-33.03,8.95,False,0.0,0.0,0.0,21.57,10.87,11.7,51.13
5979,250,-18.71,0.0,-32.85,9.3,False,0.0,0.0,0.0,21.95,11.72,11.27,51.19
5980,250,-14.65,0.0,-33.16,8.46,False,0.0,0.0,0.0,22.51,13.06,13.0,50.92
5981,250,-10.01,0.0,-32.96,8.24,False,0.0,0.0,0.0,22.02,11.03,10.44,50.58
5982,250,-5.1,0.0,-32.68,8.97,False,0.0,0.0,0.0,21.32,10.84,13.07,50.81
5983,250,-0.23,0.0,-32.64,9.05,False,0.0,0.0,0.0,21.42,10.9,12.47,50.82
5984,250,4.31,24.07,-32.35,9.77,False,0.0,0.0,0.0,22.12,19.63,12.14,51.02
5985,250,8.22,66.5,-32.15,9.57,False,0.0,0.0,0.0,21.77,17.87,12.51,50.7
5986,250,11.25,106.76,-31.95,10.76,False,0.0,0.0,0.0,21.8,17.28,22.28,51.29
5987,250,13.17,134.46,-31.64,10.0,False,0.0,0.0,0.0,21.55,17.55,20.81,50.48
5988,250,13.83,144.25,-31.17,8.43,False,0.0,0.0,0.0,21.94,17.68,22.36,48.99
5989,250,13.17,134.46,-31.06,7.85,False,0.0,0.0,0.0,21.61,16.99,20.96,48.51
5990,250,11.25,106.76,-31.08,7.76,False,0.0,0.0,0.0,21.65,17.09,21.63,48.47
5991,250,8.22,66.5,-30.97,7.4,False,0.0,0.0,0.0,21.38,17.37,21.95,48.13
5992,250,4.31,24.07,-30.86,7.17,False,0.0,0.0,0.0,22.07,16.92,21.36,47.88
5993,250,-0.23,0.0,-31.06,7.37,False,0.0,0.0,0.0,21.64,17.18,22.66,48.2
5994,250,-5.1,0.0,-31.17,6.87,False,0.0,0.0,0.0,21.98,17.78,21.85,47.98
5995,250,-10.01,0.0,-31.63,8.24,False,0.0,0.0,0.0,21.32,16.7,11.79,49.31
5996,250,-14.65,0.0,-31.93,7.98,False,0.0,0.0,0.0,22.53,19.59,11.49,49.42
5997,250,-18.71,0.0,-32.28,8.23,False,0.0,0.0,0.0,22.38,12.5,11.59,49.92
5998,250,-21.89,0.0,-32.81,8.42,False,0.0,0.0,0.0,21.17,10.88,10.88,50.56
5999,250,-23.93,0.0,-32.81,9.32,False,0.0,0.0,0.0,21.62,9.92,10.68,51.17
6000,251,-24.24,0.0,-33.27,10.54,False,0.0,0.0,0.0,22.18,11.35,11.39,52.44
6001,251,-23.54,0.0,-33.74,10.3,False,0.0,0.0,0.0,21.52,12.45,10.82,52.73
6002,251,-21.51,0.0,-33.81,9.77,False,0.0,0.0,0.0,22.0,12.29,12.48,52.44
6003,251,-18.33,0.0,-34.0,9.72,False,0.0,0.0,0.0,22.25,11.81,10.54,52.59
6004,251,-14.27,0.0,-33.83,9.56,False,0.0,0.0,0.0,21.99,11.42,13.14,52.32
6005,251,-9.63,0.0,-33.31,8.73,False,0.0,0.0,0.0,22.21,11.18,11.71,51.24
6006,251,-4.73,0.0,-33.1,7.52,False,0.0,0.0,0.0,21.69,11.58,11.55,50.23
6007,251,0.14,0.65,-32.86,6.96,False,0.0,0.0,0.0,21.05,11.09,11.12,49.62
6008,251,4.68,27.51,-32.43,7.15,False,0.0,0.0,0.0,22.28,17.18,11.96,49.35
6009,251,8.61,71.29,-31.98,5.86,False,0.0,0.0,0.0,22.23,18.56,11.36,48.06
6010,251,11.64,112.24,-31.78,5.14,False,0.0,0.0,0.0,22.81,16.88,22.21,47.41
6011,251,13.57,140.27,-31.51,5.35,False,0.0,0.0,0.0,20.9,17.99,22.59,47.3
6012,251,14.23,150.16,-31.32,5.54,False,0.0,0.0,0.0,22.06,18.11,22.47,47.25
6013,251,13.57,140.27,-31.35,6.47,False,0.0,0.0,0.0,20.97,16.64,22.87,47.88
6014,251,11.64,112.24,-31.25,6.37,False,0.0,0.0,0.0,22.45,16.83,22.38,47.73
6015,251,8.61,71.29,-31.26,6.86,False,0.0,0.0,0.0,21.95,18.36,21.33,48.06
6016,251,4.68,27.51,-31.27,6.72,False,0.0,0.0,0.0,21.37,16.76,20.54,47.97
6017,251,0.14,0.65,-31.62,6.39,False,0.0,0.0,0.0,22.11,17.45,22.15,48.08
6018,251,-4.73,0.0,-31.71,6.8,False,0.0,0.0,0.0,21.58,19.13,22.16,48.44
6019,251,-9.63,0.0,-31.79,6.82,False,0.0,0.0,0.0,21.94,18.28,12.85,48.53
6020,251,-14.27,0.0,-32.26,7.36,False,0.0,0.0,0.0,21.95,17.57,11.42,49.33
6021,251,-18.33,0.0,-32.45,6.78,False,0.0,0.0,0.0,22.59,12.57,11.76,49.11
6022,251,-21.51,0.0,-32.67,7.58,False,0.0,0.0,0.0,22.65,11.86,12.04,49.86
6023,251,-23.54,0.0,-32.9,7.44,False,0.0,0.0,0.0,21.71,12.71,11.86,49.98
6024,252,-23.84,0.0,-33.15,9.28,False,0.0,0.0,0.0,22.4,10.26,12.09,51.47
6025,252,-23.15,0.0,-33.1,9.88,False,0.0,0.0,0.0,22.11,11.79,10.93,51.83
6026,252,-21.12,0.0,-33.11,9.48,False,0.0,0.0,0.0,21.41,10.23,10.82,51.56
6027,252,-17.94,0.0,-33.26,10.29,False,0.0,0.0,0.0,21.71,12.03,11.3,52.26
6028,252,-13.89,0.0,-33.15,10.68,False,0.0,0.0,0.0,22.91,11.71,9.98,52.42
6029,252,-9.26,0.0,-32.99,11.5,False,0.0,0.0,0.0,22.1,12.99,11.47,52.81
6030,252,-4.35,0.0,-32.62,10.17,False,0.0,0.0,0.0,22.31,12.47,11.04,51.55
6031,252,0.52,2.35,-32.47,10.22,False,0.0,0.0,0.0,21.81,11.48,11.73,51.44
6032,252,5.06,31.13,-32.32,10.28,False,0.0,0.0,0.0,21.66,17.18,11.31,51.32
6033,252,8.99,76.2,-31.82,10.16,False,0.0,0.0,0.0,21.83,17.8,10.79,50.75
6034,252,12.03,117.8,-31.21,10.29,False,0.0,0.0,0.0,21.64,17.04,22.92,50.25
6035,252,13.96,146.15,-31.12,10.19,False,0.0,0.0,0.0,21.14,17.47,22.06,50.1
6036,252,14.62,156.14,-30.73,10.26,False,0.0,0.0,0.0,21.29,18.55,22.6,49.75
6037,252,13.96,146.15,-30.43,8.56,False,0.0,0.0,0.0,21.93,16.84,22.13,48.36
6038,252,12.03,117.8,-30.21,8.19,False,0.0,0.0,0.0,21.47,17.14,22.32,47.92
6039,252,8.99,76.2,-30.16,7.35,False,0.0,0.0,0.0,21.63,17.25,21.05,47.34
6040,252,5.06,31.13,-30.14,6.63,False,0.0,0.0,0.0,21.71,20.03,22.89,46.86
6041,252,0.52,2.35,-30.26,6.26,False,0.0,0.0,0.0,21.76,17.99,22.62,46.73
6042,252,-4.35,0.0,-30.39,7.94,False,0.0,0.0,0.0,22.11,18.41,21.99,47.93
6043,252,-9.26,0.0,-30.65,8.56,False,0.0,0.0,0.0,21.24,18.11,11.7,48.58
6044,252,-13.89,0.0,-30.94,9.32,False,0.0,0.0,0.0,21.94,18.17,12.2,49.35
6045,252,-17.94,0.0,-31.47,9.65,False,0.0,0.0,0.0,22.08,12.28,11.24,50.09
6046,252,-21.12,0.0,-31.42,10.32,False,0.0,0.0,0.0,22.16,12.19,10.39,50.47
6047,252,-23.15,0.0,-31.53,10.58,False,0.0,0.0,0.0,21.22,10.74,11.25,50.76
6048,253,-23.45,0.0,-31.8,8.84,False,0.0,0.0,0.0,21.92,12.19,11.61,49.87
6049,253,-22.75,0.0,-31.94,8.31,False,0.0,0.0,0.0,22.52,11.81,11.48,49.65
6050,253,-20.73,0.0,-31.91,7.84,False,0.0,0.0,0.0,21.79,12.34,12.42,49.31
6051,253,-17.56,0.0,-31.91,8.34,False,0.0,0.0,0.0,22.02,11.84,10.83,49.64
6052,253,-13.51,0.0,-31.81,7.82,False,0.0,0.0,0.0,22.13,12.51,10.92,49.2
6053,253,-8.88,0.0,-31.42,8.61,False,0.0,0.0,0.0,21.36,12.65,10.76,49.35
6054,253,-3.98,0.0,-31.35,9.17,False,0.0,0.0,0.0,22.5,9.57,11.8,49.65
6055,253,0.9,4.05,-31.11,10.89,False,0.0,0.0,0.0,21.93,11.55,10.43,50.54
6056,253,5.44,34.91,-30.5,11.11,False,0.0,0.0,0.0,21.87,16.01,12.02,50.07
6057,253,9.37,81.21,-30.0,12.28,False,0.0,0.0,0.0,20.94,17.69,10.85,50.33
6058,253,12.42,123.44,-29.78,12.81,False,0.0,0.0,0.0,21.89,17.26,21.46,50.44
6059,253,14.35,152.1,-29.65,11.45,False,0.0,0.0,0.0,21.76,18.58,23.24,49.46
6060,253,15.02,162.18,-29.57,10.43,False,0.0,0.0,0.0,22.2,17.67,22.86,48.72
6061,253,14.35,152.1,-29.71,8.6,False,0.0,0.0,0.0,21.44,17.11,22.08,47.71
6062,253,12.42,123.44,-29.37,7.22,False,0.0,0.0,0.0,21.13,18.25,21.08,46.51
6063,253,9.37,81.21,-29.14,5.3,False,0.0,0.0,0.0,21.22,17.25,23.41,45.09
6064,253,5.44,34.91,-29.1,3.53,False,0.0,0.0,0.0,21.29,17.1,21.86,43.95
6065,253,0.9,4.05,-29.11,4.3,False,0.0,0.0,0.0,21.05,17.81,22.17,44.44
6066,253,-3.98,0.0,-29.49,4.3,False,0.0,0.0,0.0,22.06,18.79,22.64,44.78
6067,253,-8.88,0.0,-29.65,4.43,False,0.0,0.0,0.0,22.09,18.18,10.13,45.01
6068,253,-13.51,0.0,-29.95,6.0,False,0.0,0.0,0.0,21.52,17.95,11.05,46.28
6069,253,-17.56,0.0,-30.51,7.2,False,0.0,0.0,0.0,21.5,14.1,11.45,47.57
6070,253,-20.73,0.0,-31.18,9.74,False,0.0,0.0,0.0,21.01,11.31,11.59,49.85
6071,253,-22.75,0.0,-31.46,9.58,False,0.0,0.0,0.0,22.05,11.3,10.59,50.03
6072,254,-23.05,0.0,-31.86,9.64,False,0.0,0.0,0.0,22.48,12.02,11.73,50.45
6073,254,-22.36,0.0,-32.04,9.63,False,0.0,0.0,0.0,21.59,13.11,11.52,50.63
6074,254,-20.34,0.0,-32.34,8.68,False,0.0,0.0,0.0,21.83,11.15,12.67,50.28
6075,254,-17.17,0.0,-32.41,7.53,False,0.0,0.0,0.0,22.06,13.3,12.2,49.58
6076,254,-13.13,0.0,-32.56,5.93,False,0.0,0.0,0.0,22.6,10.75,11.31,48.65
6077,254,-8.51,0.0,-32.68,7.49,False,0.0,0.0,0.0,22.0,11.8,11.36,49.81
6078,254,-3.6,0.0,-32.42,6.41,False,0.0,0.0,0.0,21.97,12.04,12.21,48.84
6079,254,1.27,5.75,-32.23,6.22,False,0.0,0.0,0.0,21.94,11.19,11.7,48.54
6080,254,5.82,38.84,-31.93,6.16,False,0.0,0.0,0.0,21.26,17.0,10.54,48.22
6081,254,9.76,86.33,-31.46,7.03,False,0.0,0.0,0.0,21.2,18.14,12.97,48.35
6082,254,12.81,129.16,-31.41,6.94,False,0.0,0.0,0.0,21.45,18.65,21.31,48.24
6083,254,14.75,158.11,-31.12,5.07,False,0.0,0.0,0.0,22.14,15.81,23.74,46.76
6084,254,15.42,168.28,-30.75,5.61,False,0.0,0.0,0.0,21.56,17.64,22.3,46.76
6085,254,14.75,158.11,-30.53,5.96,False,0.0,0.0,0.0,21.45,17.41,21.56,46.79
6086,254,12.81,129.16,-30.45,5.78,False,0.0,0.0,0.0,21.44,17.59,20.34,46.6
6087,254,9.76,86.33,-30.59,5.44,False,0.0,0.0,0.0,21.62,17.25,22.54,46.51
6088,254,5.82,38.84,-30.46,4.97,False,0.0,0.0,0.0,22.34,16.47,20.91,46.08
6089,254,1.27,5.75,-30.4,5.6,False,0.0,0.0,0.0,21.59,18.73,22.25,46.44
6090,254,-3.6,0.0,-30.56,6.31,False,0.0,0.0,0.0,21.35,18.43,23.35,47.04
6091,254,-8.51,0.0,-30.82,6.87,False,0.0,0.0,0.0,21.71,17.42,10.7,47.65
6092,254,-13.13,0.0,-31.3,7.43,False,0.0,0.0,0.0,22.46,17.11,12.02,48.47
6093,254,-17.17,0.0,-31.75,7.19,False,0.0,0.0,0.0,21.61,11.41,10.93,48.73
6094,254,-20.34,0.0,-32.19,7.19,False,0.0,0.0,0.0,21.39,9.83,12.29,49.14
6095,254,-22.36,0.0,-32.34,6.67,False,0.0,0.0,0.0,21.68,12.18,11.55,48.94
6096,255,-22.65,0.0,-32.64,6.58,False,0.0,0.0,0.0,21.97,12.52,11.49,49.16
6097,255,-21.96,0.0,-32.74,6.12,False,0.0,0.0,0.0,22.2,12.01,12.35,48.95
6098,255,-19.94,0.0,-33.15,6.69,False,0.0,0.0,0.0,22.38,11.83,11.94,49.71
6099,255,-16.79,0.0,-33.27,7.56,False,0.0,0.0,0.0,21.57,12.01,10.94,50.42
6100,255,-12.75,0.0,-33.34,8.74,False,0.0,0.0,0.0,21.62,11.22,12.75,51.28
6101,255,-8.13,0.0,-33.25,8.09,False,0.0,0.0,0.0,21.86,11.5,10.42,50.76
6102,255,-3.23,0.0,-33.06,8.28,False,0.0,0.0,0.0,22.24,11.77,11.69,50.7
6103,255,1.65,7.46,-32.74,7.58,False,0.0,0.0,0.0,21.42,12.46,10.92,49.92
6104,255,6.21,42.93,-32.31,7.48,False,0.0,0.0,0.0,21.63,18.6,10.46,49.45
6105,255,10.15,91.53,-31.96,6.61,False,0.0,0.0,0.0,21.6,17.32,10.71,48.55
6106,255,13.21,134.94,-31.37,5.51,False,0.0,0.0,0.0,22.14,16.66,21.97,47.28
6107,255,15.15,164.18,-30.86,6.89,False,0.0,0.0,0.0,21.91,17.53,22.24,47.7
6108,255,15.81,174.44,-30.62,6.88,False,0.0,0.0,0.0,22.04,19.11,22.74,47.46
6109,255,15.15,164.18,-30.32,7.4,False,0.0,0.0,0.0,22.17,16.73,23.03,47.52
6110,255,13.21,134.94,-30.01,6.13,False,0.0,0.0,0.0,21.48,18.21,22.19,46.42
6111,255,10.15,91.53,-30.02,6.38,False,0.0,0.0,0.0,21.13,18.57,21.69,46.59
6112,255,6.21,42.93,-30.12,8.04,False,0.0,0.0,0.0,21.14,17.21,22.73,47.75
6113,255,1.65,7.46,-30.24,7.44,False,0.0,0.0,0.0,20.89,16.94,21.57,47.46
6114,255,-3.23,0.0,-30.61,8.65,False,0.0,0.0,0.0,21.49,17.96,20.88,48.6
6115,255,-8.13,0.0,-30.57,8.26,False,0.0,0.0,0.0,21.52,17.78,12.16,48.31
6116,255,-12.75,0.0,-30.93,9.29,False,0.0,0.0,0.0,22.03,18.06,12.43,49.32
6117,255,-16.79,0.0,-31.43,9.81,False,0.0,0.0,0.0,21.78,13.56,10.92,50.14
6118,255,-19.94,0.0,-31.85,8.82,False,0.0,0.0,0.0,21.63,12.03,12.87,49.91
6119,255,-21.96,0.0,-32.02,7.93,False,0.0,0.0,0.0,21.8,10.95,11.91,49.48
6120,256,-22.25,0.0,-32.41,6.67,False,0.0,0.0,0.0,21.47,11.95,11.8,49.0
6121,256,-21.56,0.0,-32.5,7.48,False,0.0,0.0,0.0,22.31,12.09,11.14,49.63
6122,256,-19.55,0.0,-32.58,7.78,False,0.0,0.0,0.0,21.59,12.91,12.21,49.91
6123,256,-16.4,0.0,-32.57,7.69,False,0.0,0.0,0.0,21.45,11.74,10.43,49.84
6124,256,-12.37,0.0,-32.63,8.16,False,0.0,0.0,0.0,22.24,11.57,11.26,50.22
6125,256,-7.75,0.0,-32.73,9.18,False,0.0,0.0,0.0,22.16,10.8,10.99,50.99
6126,256,-2.85,0.0,-32.31,8.57,False,0.0,0.0,0.0,21.19,12.34,10.58,50.18
6127,256,2.03,9.17,-31.99,8.23,False,0.0,0.0,0.0,22.18,14.58,12.1,49.64
6128,256,6.59,47.16,-31.56,8.33,False,0.0,0.0,0.0,21.49,17.32,11.74,49.3
6129,256,10.54,96.82,-31.27,9.07,False,0.0,0.0,0.0,21.6,17.86,12.06,49.51
6130,256,13.6,140.78,-30.77,7.8,False,0.0,0.0,0.0,21.77,17.06,21.81,48.2
6131,256,15.55,170.3,-30.62,7.57,False,0.0,0.0,0.0,21.91,16.47,22.69,47.91
6132,256,16.21,180.65,-30.17,7.74,False,0.0,0.0,0.0,21.8,17.85,22.05,47.59
6133,256,15.55,170.3,-29.69,7.44,False,0.0,0.0,0.0,21.54,17.52,21.67,46.95
6134,256,13.6,140.78,-29.51,6.92,False,0.0,0.0,0.0,21.37,15.59,21.55,46.45
6135,256,10.54,96.82,-29.63,5.88,False,0.0,0.0,0.0,21.72,18.79,20.61,45.9
6136,256,6.59,47.16,-29.67,5.6,False,0.0,0.0,0.0,21.51,17.83,22.82,45.77
6137,256,2.03,9.17,-29.79,6.08,False,0.0,0.0,0.0,22.3,17.56,22.74,46.18
6138,256,-2.85,0.0,-29.93,7.02,False,0.0,0.0,0.0,21.83,17.16,24.05,46.91
6139,256,-7.75,0.0,-30.24,8.81,False,0.0,0.0,0.0,21.26,17.82,11.27,48.34
6140,256,-12.37,0.0,-30.71,8.27,False,0.0,0.0,0.0,21.49,17.86,11.03,48.45
6141,256,-16.4,0.0,-30.99,8.25,False,0.0,0.0,0.0,21.74,12.22,10.31,48.7
6142,256,-19.55,0.0,-31.57,9.16,False,0.0,0.0,0.0,22.31,12.75,12.17,49.85
6143,256,-21.56,0.0,-32.07,8.36,False,0.0,0.0,0.0,22.41,12.94,12.01,49.81
6144,257,-21.85,0.0,-32.19,7.83,False,0.0,0.0,0.0,21.7,13.5,12.59,49.57
6145,257,-21.16,0.0,-32.69,7.03,False,0.0,0.0,0.0,21.55,11.23,10.86,49.51
6146,257,-19.15,0.0,-33.16,6.61,False,0.0,0.0,0.0,21.55,11.44,12.0,49.67
6147,257,-16.01,0.0,-32.94,7.83,False,0.0,0.0,0.0,22.05,12.19,11.13,50.28
6148,257,-11.99,0.0,-32.78,8.56,False,0.0,0.0,0.0,22.86,11.28,12.44,50.63
6149,257,-7.37,0.0,-32.53,9.3,False,0.0,0.0,0.0,22.12,11.41,11.88,50.88
6150,257,-2.47,0.0,-32.24,9.68,False,0.0,0.0,0.0,21.23,12.28,10.41,50.85
6151,257,2.41,10.89,-32.14,8.96,False,0.0,0.0,0.0,21.57,12.62,11.41,50.27
6152,257,6.97,51.52,-31.72,10.38,False,0.0,0.0,0.0,21.56,18.52,10.14,50.81
6153,257,10.93,102.2,-31.33,8.82,False,0.0,0.0,0.0,21.43,17.35,10.69,49.41
6154,257,14.0,146.69,-30.79,9.12,False,0.0,0.0,0.0,21.54,17.87,21.23,49.08
6155,257,15.95,176.47,-30.59,8.11,False,0.0,0.0,0.0,21.82,17.69,21.55,48.23
6156,257,16.61,186.9,-30.35,7.28,False,0.0,0.0,0.0,21.91,17.51,21.82,47.47
6157,257,15.95,176.47,-30.07,7.55,False,0.0,0.0,0.0,22.04,16.85,22.12,47.37
6158,257,14.0,146.69,-30.04,6.79,False,0.0,0.0,0.0,21.81,16.75,22.08,46.87
6159,257,10.93,102.2,-29.94,6.85,False,0.0,0.0,0.0,20.81,18.03,21.98,46.81
6160,257,6.97,51.52,-30.11,5.92,False,0.0,0.0,0.0,21.19,16.83,22.23,46.38
6161,257,2.41,10.89,-30.07,7.22,False,0.0,0.0,0.0,21.55,16.08,21.13,47.17
6162,257,-2.47,0.0,-30.28,7.59,False,0.0,0.0,0.0,21.69,17.47,22.05,47.6
6163,257,-7.37,0.0,-30.54,7.28,False,0.0,0.0,0.0,22.01,18.66,12.5,47.65
6164,257,-11.99,0.0,-30.9,7.16,False,0.0,0.0,0.0,21.73,15.26,11.38,47.91
6165,257,-16.01,0.0,-31.48,7.14,False,0.0,0.0,0.0,21.8,11.67,11.85,48.44
6166,257,-19.15,0.0,-31.6,7.18,False,0.0,0.0,0.0,21.89,12.44,11.78,48.58
6167,257,-21.16,0.0,-31.79,6.88,False,0.0,0.0,0.0,21.71,10.44,12.1,48.57
6168,258,-21.45,0.0,-32.2,6.19,False,0.0,0.0,0.0,21.9,11.73,11.7,48.49
6169,258,-20.76,0.0,-32.59,5.95,False,0.0,0.0,0.0,22.36,10.99,12.09,48.7
6170,258,-18.76,0.0,-32.51,6.17,False,0.0,0.0,0.0,21.87,11.09,11.86,48.76
6171,258,-15.62,0.0,-32.46,6.09,False,0.0,0.0,0.0,21.88,11.58,11.96,48.67
6172,258,-11.6,0.0,-32.16,5.89,False,0.0,0.0,0.0,21.85,11.0,11.81,48.26
6173,258,-6.99,0.0,-31.96,6.0,False,0.0,0.0,0.0,22.35,10.93,10.8,48.15
6174,258,-2.09,0.0,-31.88,6.38,False,0.0,0.0,0.0,21.38,11.85,10.68,48.32
6175,258,2.79,12.61,-31.62,6.84,False,0.0,0.0,0.0,22.5,13.68,11.25,48.38
6176,258,7.36,56.0,-31.04,7.24,False,0.0,0.0,0.0,21.25,18.11,12.59,48.1
6177,258,11.32,107.65,-30.95,7.03,False,0.0,0.0,0.0,21.45,18.31,11.38,47.88
6178,258,14.39,152.66,-30.4,7.6,False,0.0,0.0,0.0,21.95,18.14,22.22,47.72
6179,258,16.35,182.69,-30.2,7.11,False,0.0,0.0,0.0,22.04,16.94,20.62,47.22
6180,258,17.02,193.2,-30.03,7.3,False,0.0,0.0,0.0,21.04,17.75,22.14,47.18
6181,258,16.35,182.69,-29.67,7.91,False,0.0,0.0,0.0,21.12,18.38,22.06,47.23
6182,258,14.39,152.66,-29.38,7.28,False,0.0,0.0,0.0,21.64,18.16,20.13,46.56
6183,258,11.32,107.65,-29.56,8.57,False,0.0,0.0,0.0,22.48,17.66,22.2,47.54
6184,258,7.36,56.0,-29.65,8.28,False,0.0,0.0,0.0,22.06,17.92,20.84,47.44
6185,258,2.79,12.61,-29.66,8.38,False,0.0,0.0,0.0,21.46,19.47,21.49,47.52
6186,258,-2.09,0.0,-29.67,9.29,False,0.0,0.0,0.0,20.59,18.17,22.7,48.1
6187,258,-6.99,0.0,-30.08,9.31,False,0.0,0.0,0.0,21.64,17.25,11.61,48.51
6188,258,-11.6,0.0,-30.3,9.9,False,0.0,0.0,0.0,21.78,17.44,11.19,49.11
6189,258,-15.62,0.0,-30.63,9.52,False,0.0,0.0,0.0,21.52,11.06,11.13,49.18
6190,258,-18.76,0.0,-31.0,9.31,False,0.0,0.0,0.0,21.38,13.78,11.21,49.41
6191,258,-20.76,0.0,-31.32,9.21,False,0.0,0.0,0.0,21.82,13.18,11.61,49.65
6192,259,-21.05,0.0,-31.55,7.58,False,0.0,0.0,0.0,21.41,11.97,10.66,48.8
6193,259,-20.36,0.0,-31.7,6.22,False,0.0,0.0,0.0,22.55,13.64,12.29,48.05
6194,259,-18.36,0.0,-31.8,6.71,False,0.0,0.0,0.0,22.42,12.41,10.7,48.46
6195,259,-15.23,0.0,-31.87,5.43,False,0.0,0.0,0.0,22.09,11.56,10.29,47.68
6196,259,-11.22,0.0,-31.82,4.98,False,0.0,0.0,0.0,21.85,12.63,12.19,47.34
6197,259,-6.61,0.0,-31.94,5.48,False,0.0,0.0,0.0,21.57,12.22,11.19,47.78
6198,259,-1.71,0.0,-31.97,5.15,False,0.0,0.0,0.0,21.83,12.57,11.55,47.59
6199,259,3.17,14.8,-31.75,5.53,False,0.0,0.0,0.0,22.47,10.8,11.96,47.64
6200,259,7.74,60.61,-31.48,5.0,False,0.0,0.0,0.0,22.13,16.85,11.0,47.04
6201,259,11.71,113.18,-30.92,5.98,False,0.0,0.0,0.0,21.79,18.69,11.6,47.16
6202,259,14.79,158.67,-30.59,7.06,False,0.0,0.0,0.0,22.04,18.85,22.45,47.55
6203,259,16.75,188.96,-30.07,6.49,False,0.0,0.0,0.0,21.83,18.63,23.15,46.71
6204,259,17.42,199.54,-29.67,7.64,False,0.0,0.0,0.0,21.72,19.27,21.64,47.06
6205,259,16.75,188.96,-29.48,8.41,False,0.0,0.0,0.0,21.93,17.96,21.68,47.36
6206,259,14.79,158.67,-29.24,8.26,False,0.0,0.0,0.0,21.72,17.91,22.39,47.04
6207,259,11.71,113.18,-29.12,8.29,False,0.0,0.0,0.0,21.84,16.77,22.15,46.94
6208,259,7.74,60.61,-29.34,8.66,False,0.0,0.0,0.0,21.58,17.04,21.9,47.39
6209,259,3.17,14.8,-29.75,8.5,False,0.0,0.0,0.0,21.47,15.91,23.11,47.68
6210,259,-1.71,0.0,-29.82,8.3,False,0.0,0.0,0.0,21.36,17.24,20.82,47.62
6211,259,-6.61,0.0,-29.95,6.79,False,0.0,0.0,0.0,21.33,15.85,10.5,46.79
6212,259,-11.22,0.0,-30.48,6.99,False,0.0,0.0,0.0,21.02,18.36,10.33,47.41
6213,259,-15.23,0.0,-30.52,5.88,False,0.0,0.0,0.0,21.3,12.21,12.34,46.73
6214,259,-18.36,0.0,-30.93,4.98,False,0.0,0.0,0.0,21.33,10.28,11.86,46.52
6215,259,-20.36,0.0,-31.14,5.74,False,0.0,0.0,0.0,21.53,11.75,10.54,47.21
6216,260,-20.65,0.0,-31.66,6.0,False,0.0,0.0,0.0,22.42,13.47,11.41,47.87
6217,260,-19.96,0.0,-31.88,6.72,False,0.0,0.0,0.0,21.76,11.8,11.48,48.55
6218,260,-17.97,0.0,-31.87,7.08,False,0.0,0.0,0.0,21.92,11.1,9.95,48.78
6219,260,-14.84,0.0,-31.92,7.63,False,0.0,0.0,0.0,21.94,10.47,11.63,49.19
6220,260,-10.83,0.0,-31.73,8.05,False,0.0,0.0,0.0,22.44,10.5,10.68,49.28
6221,260,-6.23,0.0,-31.91,7.64,False,0.0,0.0,0.0,21.6,12.33,11.99,49.18
6222,260,-1.33,0.0,-31.83,7.01,False,0.0,0.0,0.0,21.73,11.55,10.7,48.68
6223,260,3.55,17.72,-31.4,8.32,False,0.0,0.0,0.0,21.73,11.62,11.65,49.14
6224,260,8.13,65.32,-31.31,7.27,False,0.0,0.0,0.0,22.21,17.16,12.41,48.37
6225,260,12.1,118.78,-30.72,9.38,False,0.0,0.0,0.0,22.22,17.39,12.18,49.17
6226,260,15.18,164.74,-30.23,7.89,False,0.0,0.0,0.0,21.82,16.52,22.36,47.75
6227,260,17.15,195.26,-29.92,7.32,False,0.0,0.0,0.0,22.08,17.75,21.94,47.09
6228,260,17.82,205.91,-29.47,7.38,False,0.0,0.0,0.0,21.61,16.36,20.95,46.7
6229,260,17.15,195.26,-29.27,5.44,False,0.0,0.0,0.0,21.44,16.9,21.69,45.29
6230,260,15.18,164.74,-29.05,6.36,False,0.0,0.0,0.0,21.96,18.31,21.84,45.67
6231,260,12.1,118.78,-29.12,4.97,False,0.0,0.0,0.0,21.69,17.8,21.79,44.87
6232,260,8.13,65.32,-28.91,6.59,False,0.0,0.0,0.0,21.17,18.05,20.93,45.68
6233,260,3.55,17.72,-29.01,6.58,False,0.0,0.0,0.0,21.88,19.22,22.3,45.77
6234,260,-1.33,0.0,-29.1,6.99,False,0.0,0.0,0.0,21.41,17.45,21.17,46.11
6235,260,-6.23,0.0,-29.1,8.27,False,0.0,0.0,0.0,21.36,17.52,12.58,46.92
6236,260,-10.83,0.0,-29.29,7.74,False,0.0,0.0,0.0,21.87,17.29,11.6,46.76
6237,260,-14.84,0.0,-29.68,7.75,False,0.0,0.0,0.0,21.53,11.55,12.19,47.14
6238,260,-17.97,0.0,-30.46,7.42,False,0.0,0.0,0.0,21.81,11.09,12.17,47.66
6239,260,-19.96,0.0,-30.79,7.14,False,0.0,0.0,0.0,21.96,11.97,12.95,47.79
6240,261,-20.24,0.0,-31.23,7.77,False,0.0,0.0,0.0,21.43,12.18,11.63,48.62
6241,261,-19.56,0.0,-31.56,7.89,False,0.0,0.0,0.0,21.94,12.23,11.23,49.02
6242,261,-17.57,0.0,-31.95,8.26,False,0.0,0.0,0.0,22.37,11.95,11.24,49.63
6243,261,-14.45,0.0,-31.89,7.33,False,0.0,0.0,0.0,21.44,12.64,12.55,48.95
6244,261,-10.45,0.0,-31.7,6.72,False,0.0,0.0,0.0,21.98,11.92,10.58,48.38
6245,261,-5.85,0.0,-31.4,7.22,False,0.0,0.0,0.0,21.44,11.57,10.89,48.42
6246,261,-0.95,0.0,-31.16,6.32,False,0.0,0.0,0.0,22.15,11.16,11.67,47.61
6247,261,3.93,20.85,-31.0,5.48,False,0.0,0.0,0.0,22.12,10.66,11.39,46.91
6248,261,8.51,70.14,-30.54,5.81,False,0.0,0.0,0.0,21.52,18.67,12.18,46.7
6249,261,12.49,124.44,-30.17,6.63,False,0.0,0.0,0.0,22.5,16.94,10.56,46.88
6250,261,15.58,170.85,-29.62,7.11,False,0.0,0.0,0.0,22.0,16.76,21.95,46.68
6251,261,17.55,201.59,-29.12,6.84,False,0.0,0.0,0.0,21.78,17.17,21.87,46.03
6252,261,18.22,212.32,-28.46,8.2,False,0.0,0.0,0.0,21.68,17.28,21.25,46.26
6253,261,17.55,201.59,-28.23,8.13,False,0.0,0.0,0.0,21.78,18.81,22.62,45.99
6254,261,15.58,170.85,-28.1,8.1,False,0.0,0.0,0.0,20.97,17.24,21.94,45.85
6255,261,12.49,124.44,-27.97,9.21,False,0.0,0.0,0.0,21.43,19.61,21.91,46.41
6256,261,8.51,70.14,-28.14,9.52,False,0.0,0.0,0.0,21.53,17.55,21.42,46.76
6257,261,3.93,20.85,-28.24,11.81,False,0.0,0.0,0.0,21.23,19.15,21.74,48.27
6258,261,-0.95,0.0,-28.5,11.07,False,0.0,0.0,0.0,21.61,18.22,21.28,48.07
6259,261,-5.85,0.0,-28.67,11.11,False,0.0,0.0,0.0,21.93,17.79,12.1,48.27
6260,261,-10.45,0.0,-28.94,10.05,False,0.0,0.0,0.0,21.3,18.76,12.22,47.87
6261,261,-14.45,0.0,-29.6,8.42,False,0.0,0.0,0.0,21.53,12.8,12.68,47.49
6262,261,-17.57,0.0,-30.07,6.95,False,0.0,0.0,0.0,21.28,12.41,11.8,47.0
6263,261,-19.56,0.0,-30.35,5.43,False,0.0,0.0,0.0,20.93,13.75,11.26,46.28
6264,262,-19.84,0.0,-30.68,4.79,False,0.0,0.0,0.0,21.99,11.5,11.17,46.18
6265,262,-19.16,0.0,-30.87,5.89,False,0.0,0.0,0.0,21.69,11.1,11.84,47.05
6266,262,-17.17,0.0,-30.96,6.15,False,0.0,0.0,0.0,21.73,11.36,11.64,47.31
6267,262,-14.06,0.0,-30.88,6.4,False,0.0,0.0,0.0,21.31,13.3,11.38,47.4
6268,262,-10.06,0.0,-31.0,8.79,False,0.0,0.0,0.0,21.65,13.06,11.32,49.07
6269,262,-5.46,0.0,-30.89,8.05,False,0.0,0.0,0.0,22.15,11.48,12.32,48.48
6270,262,-0.57,0.0,-30.52,8.83,False,0.0,0.0,0.0,21.66,10.02,11.2,48.63
6271,262,4.32,24.16,-30.33,8.68,False,0.0,0.0,0.0,21.65,11.74,12.44,48.35
6272,262,8.9,75.06,-30.03,8.44,False,0.0,0.0,0.0,21.69,16.69,11.63,47.91
6273,262,12.88,130.16,-29.61,8.48,False,0.0,0.0,0.0,21.06,17.1,11.24,47.54
6274,262,15.98,177.0,-28.81,6.9,False,0.0,0.0,0.0,21.71,16.66,21.45,45.78
6275,262,17.95,207.96,-28.53,7.84,False,0.0,0.0,0.0,20.92,16.21,21.89,46.1
6276,262,18.63,218.75,-28.01,7.64,False,0.0,0.0,0.0,20.99,19.01,22.35,45.49
6277,262,17.95,207.96,-27.79,7.13,False,0.0,0.0,0.0,20.91,16.95,21.74,44.96
6278,262,15.98,177.0,-27.51,8.12,False,0.0,0.0,0.0,21.23,18.63,22.6,45.31
6279,262,12.88,130.16,-27.71,7.69,False,0.0,0.0,0.0,21.18,17.32,21.7,45.23
6280,262,8.9,75.06,-27.96,8.4,False,0.0,0.0,0.0,21.36,16.6,21.91,45.91
6281,262,4.32,24.16,-28.12,8.67,False,0.0,0.0,0.0,21.01,17.91,21.1,46.22
6282,262,-0.57,0.0,-28.45,9.29,False,0.0,0.0,0.0,21.82,17.19,22.39,46.92
6283,262,-5.46,0.0,-28.71,9.87,False,0.0,0.0,0.0,21.78,17.33,11.31,47.53
6284,262,-10.06,0.0,-29.23,9.19,False,0.0,0.0,0.0,21.44,17.62,12.61,47.62
6285,262,-14.06,0.0,-29.51,11.18,False,0.0,0.0,0.0,21.35,11.25,11.99,49.14
6286,262,-17.17,0.0,-29.87,10.51,False,0.0,0.0,0.0,21.35,10.6,11.56,49.08
6287,262,-19.16,0.0,-30.55,9.97,False,0.0,0.0,0.0,21.54,11.86,12.36,49.39
6288,263,-19.43,0.0,-30.79,8.56,False,0.0,0.0,0.0,21.14,12.67,11.78,48.72
6289,263,-18.75,0.0,-31.07,9.55,False,0.0,0.0,0.0,21.34,11.18,12.21,49.63
6290,263,-16.77,0.0,-31.2,10.06,False,0.0,0.0,0.0,22.09,12.02,10.9,50.09
6291,263,-13.67,0.0,-31.23,8.98,False,0.0,0.0,0.0,21.87,13.1,11.82,49.42
6292,263,-9.67,0.0,-31.05,8.38,False,0.0,0.0,0.0,22.38,11.83,11.85,48.85
6293,263,-5.08,0.0,-30.86,8.64,False,0.0,0.0,0.0,21.58,11.97,10.42,48.84
6294,263,-0.19,0.0,-30.49,9.73,False,0.0,0.0,0.0,21.51,11.94,12.55,49.18
6295,263,4.7,27.65,-30.41,8.5,False,0.0,0.0,0.0,21.49,11.35,10.69,48.31
6296,263,9.29,80.06,-29.95,7.8,False,0.0,0.0,0.0,21.47,16.71,10.59,47.42
6297,263,13.27,135.93,-29.29,7.31,False,0.0,0.0,0.0,21.25,16.71,9.51,46.49
6298,263,16.38,183.18,-28.82,7.43,False,0.0,0.0,0.0,21.57,17.79,22.33,46.12
6299,263,18.35,214.36,-28.2,6.88,False,0.0,0.0,0.0,21.4,18.11,20.85,45.2
6300,263,19.03,54.05,-27.96,5.94,True,2.0,0.4,0.5,21.15,18.14,11.14,44.4
6301,263,18.35,51.45,-28.12,6.5,True,2.0,0.4,0.5,21.88,17.2,12.09,44.89
6302,263,16.38,43.96,-28.5,7.36,True,2.0,0.4,0.5,22.18,18.37,11.63,45.78
6303,263,13.27,32.62,-28.65,8.03,True,2.0,0.4,0.5,21.91,17.75,11.06,46.34
6304,263,9.29,19.22,-29.04,9.02,True,2.0,0.4,0.5,21.71,17.56,10.39,47.32
6305,263,4.7,6.64,-29.51,11.15,True,2.0,0.4,0.5,21.85,14.83,11.42,49.12
6306,263,-0.19,0.0,-30.07,12.67,True,2.0,0.4,0.5,22.35,16.85,12.1,50.65
6307,263,-5.08,0.0,-30.98,13.79,True,2.0,0.4,0.5,22.02,16.28,11.99,52.3
6308,263,-9.67,0.0,-31.84,15.43,True,2.0,0.4,0.5,21.59,18.0,12.75,54.26
6309,263,-13.67,0.0,-32.63,17.08,True,2.0,0.4,0.5,22.07,11.98,11.04,56.2
6310,263,-16.77,0.0,-33.47,19.83,True,2.0,0.4,0.5,22.27,11.04,10.58,58.97
6311,263,-18.75,0.0,-34.08,19.22,True,2.0,0.4,0.5,21.69,12.14,11.72,59.22
6312,264,-19.03,0.0,-34.76,19.75,True,2.0,0.4,0.5,22.06,10.76,11.65,60.33
6313,264,-18.35,0.0,-35.04,22.25,True,2.0,0.4,0.5,22.64,11.06,11.5,62.4
6314,264,-16.38,0.0,-35.72,22.82,True,2.0,0.4,0.5,21.56,11.33,10.98,63.58
6315,264,-13.27,0.0,-36.01,22.44,True,2.0,0.4,0.5,21.82,12.33,9.64,63.64
6316,264,-9.29,0.0,-36.15,21.58,True,2.0,0.4,0.5,22.27,13.02,10.8,63.17
6317,264,-4.7,0.0,-36.23,21.89,True,2.0,0.4,0.5,22.49,11.43,11.89,63.49
6318,264,0.19,0.21,-36.16,24.63,True,2.0,0.4,0.5,21.8,12.96,11.7,65.37
6319,264,5.08,7.51,-35.98,23.43,True,2.0,0.4,0.5,22.27,11.94,12.18,64.3
6320,264,9.67,20.44,-35.71,25.25,True,2.0,0.4,0.5,22.75,17.69,11.74,65.29
6321,264,13.67,34.02,-35.6,28.73,True,2.0,0.4,0.5,22.3,17.45,12.02,67.63
6322,264,16.77,45.46,-35.51,29.97,True,2.0,0.4,0.5,22.64,17.34,12.04,68.4
6323,264,18.75,52.99,-35.19,30.42,True,2.0,0.4,0.5,21.99,17.85,11.51,68.31
6324,264,19.43,55.61,-35.13,28.29,True,2.0,0.4,0.5,21.89,18.09,11.52,66.74
6325,264,18.75,52.99,-34.92,28.93,True,2.0,0.4,0.5,22.53,16.79,9.46,66.95
6326,264,16.77,45.46,-34.97,28.01,True,2.0,0.4,0.5,22.34,17.35,11.04,66.36
6327,264,13.67,34.02,-34.98,26.39,True,2.0,0.4,0.5,21.72,18.84,11.07,65.23
6328,264,9.67,20.44,-35.07,26.26,True,2.0,0.4,0.5,21.89,17.64,11.42,65.25
6329,264,5.08,7.51,-35.27,28.35,True,2.0,0.4,0.5,22.86,17.73,10.85,66.95
6330,264,0.19,0.21,-35.5,29.19,True,2.0,0.4,0.5,21.89,18.43,12.16,67.82
6331,264,-4.7,0.0,-35.78,29.53,True,2.0,0.4,0.5,22.67,17.1,10.88,68.41
6332,264,-9.29,0.0,-36.24,30.5,True,2.0,0.4,0.5,22.16,17.47,12.27,69.68
6333,264,-13.27,0.0,-36.38,29.58,True,2.0,0.4,0.5,22.36,12.55,10.83,69.18
6334,264,-16.38,0.0,-36.87,29.03,True,2.0,0.4,0.5,22.54,12.89,11.08,69.4
6335,264,-18.35,0.0,-37.54,27.0,True,2.0,0.4,0.5,21.66,10.01,11.02,68.71
6336,265,-18.63,0.0,-37.58,26.01,True,2.0,0.4,0.5,21.92,11.31,11.15,68.04
6337,265,-17.95,0.0,-38.0,25.32,True,2.0,0.4,0.5,22.59,11.1,12.33,68.03
6338,265,-15.98,0.0,-37.99,23.71,True,2.0,0.4,0.5,22.27,11.8,11.27,66.83
6339,265,-12.88,0.0,-37.75,23.71,True,2.0,0.4,0.5,22.93,11.16,11.29,66.55
6340,265,-8.9,0.0,-37.66,25.2,True,2.0,0.4,0.5,21.88,12.43,10.98,67.54
6341,265,-4.32,0.0,-37.46,24.73,True,2.0,0.4,0.5,22.72,12.04,11.32,66.96
6342,265,0.57,0.62,-37.28,24.79,True,2.0,0.4,0.5,21.92,12.61,11.65,66.8
6343,265,5.46,8.43,-36.55,23.39,True,2.0,0.4,0.5,22.25,12.66,11.35,64.94
6344,265,10.06,21.68,-35.63,22.68,True,2.0,0.4,0.5,21.85,18.04,11.39,63.36
6345,265,14.06,35.43,-34.94,22.09,True,2.0,0.4,0.5,22.95,17.23,12.21,62.17
6346,265,17.17,46.96,-34.23,20.9,True,2.0,0.4,0.5,21.57,17.58,11.69,60.54
6347,265,19.16,54.53,-33.54,20.47,True,2.0,0.4,0.5,21.98,17.13,10.69,59.48
6348,265,19.84,57.17,-32.7,18.73,True,2.0,0.4,0.5,21.23,16.41,11.44,57.37
6349,265,19.16,54.53,-32.27,18.35,True,2.0,0.4,0.5,22.51,18.26,11.12,56.66
6350,265,17.17,46.96,-31.86,17.1,True,2.0,0.4,0.5,21.98,17.43,11.86,55.39
6351,265,14.06,35.43,-31.47,15.65,True,2.0,0.4,0.5,21.83,16.3,11.57,54.02
6352,265,10.06,21.68,-31.15,13.68,True,2.0,0.4,0.5,22.33,17.93,12.29,52.4
6353,265,5.46,8.43,-30.92,12.05,True,2.0,0.4,0.5,21.77,17.32,10.98,51.1
6354,265,0.57,0.62,-30.78,11.76,True,2.0,0.4,0.5,21.78,15.85,11.37,50.78
6355,265,-4.32,0.0,-30.63,11.07,True,2.0,0.4,0.5,21.73,16.4,10.76,50.18
6356,265,-8.9,0.0,-30.38,10.48,True,2.0,0.4,0.5,21.87,16.94,11.47,49.56
6357,265,-12.88,0.0,-30.38,8.86,True,2.0,0.4,0.5,21.45,12.07,10.42,48.52
6358,265,-15.98,0.0,-30.22,9.2,True,2.0,0.4,0.5,21.54,12.53,11.73,48.57
6359,265,-17.95,0.0,-30.01,8.68,True,2.0,0.4,0.5,21.93,12.5,11.46,48.04
6360,266,-18.22,0.0,-29.87,8.17,True,2.0,0.4,0.5,21.7,12.38,11.61,47.58
6361,266,-17.55,0.0,-29.98,7.7,False,0.0,0.4,0.5,21.55,11.87,12.05,47.39
6362,266,-15.58,0.0,-30.09,7.79,False,0.0,0.4,0.5,21.05,13.28,11.66,47.55
6363,266,-12.49,0.0,-29.91,8.58,False,0.0,0.4,0.5,22.19,12.46,10.61,47.88
6364,266,-8.51,0.0,-30.01,6.7,False,0.0,0.4,0.5,21.34,12.08,11.11,46.79
6365,266,-3.93,0.0,-29.86,5.96,False,0.0,0.4,0.5,21.98,12.35,11.44,46.17
6366,266,0.95,4.31,-29.77,5.2,False,0.0,0.4,0.5,21.64,11.58,11.27,45.6
6367,266,5.85,39.08,-29.27,6.35,False,0.0,0.4,0.5,20.99,11.85,11.36,45.87
6368,266,10.45,95.57,-28.67,6.73,False,0.0,0.4,0.5,21.94,15.83,12.64,45.55
6369,266,14.45,153.53,-28.58,6.31,False,0.0,0.4,0.5,21.53,17.19,11.57,45.21
6370,266,17.57,201.92,-28.23,6.72,False,0.0,0.4,0.5,21.92,18.91,22.27,45.12
6371,266,19.56,233.67,-27.61,8.56,False,0.0,0.4,0.5,21.24,17.62,20.59,45.67
6372,266,20.24,244.71,-27.29,9.14,False,0.0,0.4,0.5,21.56,17.59,22.52,45.71
6373,266,19.56,233.67,-27.02,7.67,False,0.0,0.4,0.5,20.54,18.3,24.0,44.57
6374,266,17.57,201.92,-26.83,8.13,False,0.0,0.4,0.5,21.02,17.79,22.94,44.66
6375,266,14.45,153.53,-27.19,8.41,False,0.0,0.4,0.5,20.75,16.87,21.69,45.17
6376,266,10.45,95.57,-27.13,8.18,False,0.0,0.4,0.5,21.11,17.52,23.6,44.98
6377,266,5.85,39.08,-27.15,7.34,False,0.0,0.4,0.5,21.45,16.59,22.02,44.49
6378,266,0.95,4.31,-27.12,7.72,False,0.0,0.4,0.5,21.01,17.65,22.21,44.69
6379,266,-3.93,0.0,-27.5,9.39,False,0.0,0.4,0.5,21.65,16.83,11.31,46.07
6380,266,-8.51,0.0,-28.12,9.66,False,0.0,0.4,0.5,21.03,18.24,11.29,46.83
6381,266,-12.49,0.0,-28.35,8.94,False,0.0,0.4,0.5,21.76,11.49,9.93,46.6
6382,266,-15.58,0.0,-28.96,10.03,False,0.0,0.4,0.5,22.0,11.24,12.05,47.88
6383,266,-17.55,0.0,-29.43,9.16,False,0.0,0.4,0.5,21.94,11.81,11.29,47.78
6384,267,-17.82,0.0,-30.01,8.04,False,0.0,0.4,0.5,21.46,12.19,11.37,47.64
6385,267,-17.15,0.0,-30.25,6.99,False,0.0,0.4,0.5,20.78,10.93,11.69,47.2
6386,267,-15.18,0.0,-30.08,5.89,False,0.0,0.4,0.5,21.84,11.48,11.21,46.33
6387,267,-12.1,0.0,-29.97,7.12,False,0.0,0.4,0.5,21.55,11.98,11.68,47.01
6388,267,-8.13,0.0,-29.71,6.06,False,0.0,0.4,0.5,21.17,12.97,12.34,46.1
6389,267,-3.55,0.0,-29.53,7.99,False,0.0,0.4,0.5,21.32,9.88,11.78,47.15
6390,267,1.33,6.03,-29.23,7.94,False,0.0,0.4,0.5,22.08,12.39,11.39,46.83
6391,267,6.23,43.18,-29.08,7.55,False,0.0,0.4,0.5,21.03,11.59,11.41,46.44
6392,267,10.83,100.88,-28.83,8.6,False,0.0,0.4,0.5,21.65,17.1,11.64,46.86
6393,267,14.84,159.48,-28.36,7.66,False,0.0,0.4,0.5,21.49,16.96,10.92,45.83
6394,267,17.97,208.22,-28.09,7.88,False,0.0,0.4,0.5,21.23,17.21,22.15,45.71
6395,267,19.96,240.14,-27.96,7.11,False,0.0,0.4,0.5,21.61,18.0,22.48,45.11
6396,267,20.65,251.23,-27.61,7.54,False,0.0,0.4,0.5,21.97,17.07,22.06,45.05
6397,267,19.96,240.14,-27.42,8.25,False,0.0,0.0,0.5,21.17,18.83,21.7,45.3
6398,267,17.97,208.22,-27.34,6.69,False,0.0,0.0,0.5,21.18,18.0,21.8,44.28
6399,267,14.84,159.48,-27.65,8.19,False,0.0,0.0,0.5,21.57,17.66,22.46,45.48
6400,267,10.83,100.88,-27.37,7.39,False,0.0,0.0,0.5,21.65,17.37,21.23,44.73
6401,267,6.23,43.18,-27.39,6.91,False,0.0,0.0,0.5,21.24,18.45,21.43,44.46
6402,267,1.33,6.03,-27.63,6.13,False,0.0,0.0,0.5,21.19,18.57,20.88,44.21
6403,267,-3.55,0.0,-28.11,5.86,False,0.0,0.0,0.5,20.49,16.57,11.52,44.49
6404,267,-8.13,0.0,-28.69,6.71,False,0.0,0.0,0.5,21.13,16.94,12.1,45.55
6405,267,-12.1,0.0,-28.92,7.11,False,0.0,0.0,0.5,21.01,12.41,12.43,46.01
6406,267,-15.18,0.0,-29.12,8.16,False,0.0,0.0,0.5,21.77,12.65,12.58,46.87
6407,267,-17.15,0.0,-29.63,8.39,False,0.0,0.0,0.5,21.46,11.66,11.02,47.49
6408,268,-17.42,0.0,-29.95,10.24,False,0.0,0.0,0.5,21.48,11.31,11.68,48.98
6409,268,-16.75,0.0,-30.06,10.13,False,0.0,0.0,0.0,21.6,11.96,11.22,49.01
6410,268,-14.79,0.0,-30.03,9.93,False,0.0,0.0,0.0,21.26,13.08,12.65,48.86
6411,268,-11.71,0.0,-29.74,8.96,False,0.0,0.0,0.0,22.19,11.93,12.41,47.96
6412,268,-7.74,0.0,-29.66,8.37,False,0.0,0.0,0.0,22.08,10.89,11.62,47.51
6413,268,-3.17,0.0,-29.46,9.0,False,0.0,0.0,0.0,22.18,11.99,11.07,47.72
6414,268,1.71,7.74,-29.6,7.39,False,0.0,0.0,0.0,21.82,12.53,9.09,46.83
6415,268,6.61,47.39,-29.45,7.52,False,0.0,0.0,0.0,21.52,11.82,10.5,46.77
6416,268,11.22,106.25,-29.08,7.82,False,0.0,0.0,0.0,22.14,18.51,10.2,46.62
6417,268,15.23,165.45,-28.77,8.6,False,0.0,0.0,0.0,21.18,18.19,10.49,46.8
6418,268,18.36,214.53,-28.24,9.59,False,0.0,0.0,0.0,21.04,17.45,23.32,46.91
6419,268,20.36,246.63,-28.06,8.91,False,0.0,0.0,0.0,21.13,17.53,21.09,46.31
6420,268,21.05,257.77,-27.68,9.68,False,0.0,0.0,0.0,21.53,16.03,21.26,46.41
6421,268,20.36,246.63,-27.33,9.42,False,0.0,0.0,0.0,20.97,18.47,21.36,45.91
6422,268,18.36,214.53,-27.17,8.97,False,0.0,0.0,0.0,21.2,17.24,23.82,45.48
6423,268,15.23,165.45,-27.37,8.98,False,0.0,0.0,0.0,20.64,17.18,21.96,45.69
6424,268,11.22,106.25,-27.57,9.2,False,0.0,0.0,0.0,21.5,17.06,22.7,46.02
6425,268,6.61,47.39,-27.86,10.08,False,0.0,0.0,0.0,20.74,17.87,22.12,46.83
6426,268,1.71,7.74,-28.02,9.21,False,0.0,0.0,0.0,20.99,16.6,20.61,46.46
6427,268,-3.17,0.0,-28.18,10.12,False,0.0,0.0,0.0,21.87,16.71,12.57,47.17
6428,268,-7.74,0.0,-28.65,11.35,False,0.0,0.0,0.0,21.91,17.46,11.78,48.4
6429,268,-11.71,0.0,-29.16,10.19,False,0.0,0.0,0.0,21.65,11.4,11.41,48.17
6430,268,-14.79,0.0,-29.58,9.15,False,0.0,0.0,0.0,21.66,12.17,12.73,47.92
6431,268,-16.75,0.0,-29.98,8.78,False,0.0,0.0,0.0,21.39,11.43,11.26,48.08
6432,269,-17.02,0.0,-30.28,9.5,False,0.0,0.0,0.0,21.32,13.18,11.4,48.83
6433,269,-16.35,0.0,-30.58,10.64,False,0.0,0.0,0.0,21.52,12.45,11.26,49.85
6434,269,-14.39,0.0,-30.53,9.38,False,0.0,0.0,0.0,21.06,12.44,12.25,49.0
6435,269,-11.32,0.0,-30.55,9.99,False,0.0,0.0,0.0,21.77,11.42,12.07,49.41
6436,269,-7.36,0.0,-30.72,10.53,False,0.0,0.0,0.0,21.71,13.82,11.7,49.92
6437,269,-2.79,0.0,-30.78,9.98,False,0.0,0.0,0.0,21.32,11.55,10.76,49.63
6438,269,2.09,9.46,-30.62,10.64,False,0.0,0.0,0.0,22.3,11.33,11.24,49.89
6439,269,6.99,51.73,-30.3,8.84,False,0.0,0.0,0.0,21.88,12.47,10.76,48.43
6440,269,11.6,111.68,-29.73,8.77,False,0.0,0.0,0.0,21.84,17.66,12.31,47.83
6441,269,15.62,171.46,-29.55,7.7,False,0.0,0.0,0.0,21.35,16.85,10.4,46.98
6442,269,18.76,220.85,-29.15,6.96,False,0.0,0.0,0.0,21.5,19.26,23.12,46.14
6443,269,20.76,253.11,-28.76,7.4,False,0.0,0.0,0.0,21.7,18.28,22.9,46.04
6444,269,21.45,264.3,-28.63,7.66,False,0.0,0.0,0.0,21.5,17.5,21.36,46.09
6445,269,20.76,253.11,-28.31,7.18,False,0.0,0.0,0.0,22.04,19.42,21.71,45.49
6446,269,18.76,220.85,-28.25,7.09,False,0.0,0.0,0.0,21.31,18.15,21.5,45.38
6447,269,15.62,171.46,-28.47,7.19,False,0.0,0.0,0.0,21.21,17.49,22.3,45.65
6448,269,11.6,111.68,-28.37,7.7,False,0.0,0.0,0.0,21.66,19.33,22.99,45.87
6449,269,6.99,51.73,-28.53,8.56,False,0.0,0.0,0.0,20.92,18.03,22.83,46.55
6450,269,2.09,9.46,-28.52,7.78,False,0.0,0.0,0.0,21.79,17.99,21.7,46.06
6451,269,-2.79,0.0,-28.6,8.39,False,0.0,0.0,0.0,20.91,17.19,12.38,46.51
6452,269,-7.36,0.0,-28.87,8.71,False,0.0,0.0,0.0,21.72,17.54,12.32,46.97
6453,269,-11.32,0.0,-29.26,8.56,False,0.0,0.0,0.0,21.25,11.57,11.37,47.25
6454,269,-14.39,0.0,-29.64,8.64,False,0.0,0.0,0.0,21.75,13.05,11.49,47.66
6455,269,-16.35,0.0,-29.82,7.53,False,0.0,0.0,0.0,21.94,10.61,12.58,47.13
6456,270,-16.61,0.0,-30.36,7.57,False,0.0,0.0,0.0,21.7,12.99,12.24,47.66
6457,270,-15.95,0.0,-30.84,8.28,False,0.0,0.0,0.0,21.22,11.2,12.36,48.58
6458,270,-14.0,0.0,-30.97,8.74,False,0.0,0.0,0.0,21.36,11.85,13.31,49.0
6459,270,-10.93,0.0,-30.68,10.01,False,0.0,0.0,0.0,21.39,11.66,11.88,49.55
6460,270,-6.97,0.0,-30.71,10.64,False,0.0,0.0,0.0,20.93,11.48,11.73,49.98
6461,270,-2.41,0.0,-30.42,12.21,False,0.0,0.0,0.0,22.1,12.45,12.45,50.71
6462,270,2.47,11.17,-30.24,12.06,False,0.0,0.0,0.0,21.67,11.9,12.89,50.43
6463,270,7.37,56.17,-29.93,10.47,False,0.0,0.0,0.0,21.14,11.37,11.07,49.1
6464,270,11.99,117.16,-29.68,9.86,False,0.0,0.0,0.0,22.14,17.62,11.36,48.47
6465,270,16.01,177.49,-29.29,9.87,False,0.0,0.0,0.0,21.23,16.94,10.79,48.1
6466,270,19.15,227.19,-28.88,7.89,False,0.0,0.0,0.0,21.57,17.07,22.24,46.46
6467,270,21.16,259.6,-28.18,5.33,False,0.0,0.0,0.0,21.05,16.3,22.62,44.22
6468,270,21.85,270.84,-27.61,4.4,False,0.0,0.0,0.0,20.51,17.14,21.34,43.14
6469,270,21.16,259.6,-27.36,5.5,False,0.0,0.0,0.0,20.74,17.9,22.79,43.58
6470,270,19.15,227.19,-27.46,5.57,False,0.0,0.0,0.0,21.12,17.53,21.68,43.71
6471,270,16.01,177.49,-27.23,4.81,False,0.0,0.0,0.0,21.63,18.95,21.63,43.04
6472,270,11.99,117.16,-27.06,5.05,False,0.0,0.0,0.0,21.39,19.59,22.79,43.03
6473,270,7.37,56.17,-27.01,6.3,False,0.0,0.0,0.0,21.3,17.13,21.56,43.74
6474,270,2.47,11.17,-27.23,6.8,False,0.0,0.0,0.0,20.46,16.83,21.02,44.24
6475,270,-2.41,0.0,-27.29,6.0,False,0.0,0.0,0.0,21.78,18.4,12.02,43.81
6476,270,-6.97,0.0,-27.68,6.26,False,0.0,0.0,0.0,21.41,17.77,11.41,44.33
6477,270,-10.93,0.0,-28.09,6.57,False,0.0,0.0,0.0,21.32,12.81,12.34,44.91
6478,270,-14.0,0.0,-28.44,7.04,False,0.0,0.0,0.0,21.87,12.22,12.08,45.52
6479,270,-15.95,0.0,-28.64,6.86,False,0.0,0.0,0.0,21.94,11.74,10.28,45.59
6480,271,-16.21,0.0,-28.66,6.77,False,0.0,0.0,0.0,21.9,11.75,12.42,45.57
6481,271,-15.55,0.0,-28.88,7.73,False,0.0,0.0,0.0,21.37,12.25,12.83,46.36
6482,271,-13.6,0.0,-29.12,7.02,False,0.0,0.0,0.0,21.09,11.73,12.22,46.15
6483,271,-10.54,0.0,-28.89,6.35,False,0.0,0.0,0.0,21.86,12.88,12.25,45.52
6484,271,-6.59,0.0,-29.06,7.11,False,0.0,0.0,0.0,20.94,10.86,11.33,46.14
6485,271,-2.03,0.0,-28.75,7.24,False,0.0,0.0,0.0,22.23,12.87,11.17,45.94
6486,271,2.85,12.88,-28.6,7.08,False,0.0,0.0,0.0,21.44,10.4,11.65,45.7
6487,271,7.75,60.71,-28.22,5.84,False,0.0,0.0,0.0,20.96,12.02,12.14,44.58
6488,271,12.37,122.68,-27.8,6.98,False,0.0,0.0,0.0,20.84,17.24,12.13,44.88
6489,271,16.4,183.54,-27.26,8.08,False,0.0,0.0,0.0,20.76,16.29,11.19,45.04
6490,271,19.55,233.53,-26.77,7.26,False,0.0,0.0,0.0,21.27,15.85,21.62,44.09
6491,271,21.56,266.09,-26.55,7.16,False,0.0,0.0,0.0,21.18,16.62,20.96,43.82
6492,271,22.25,277.38,-25.81,7.04,False,0.0,0.0,0.0,20.6,17.54,22.45,43.05
6493,271,21.56,266.09,-25.18,7.72,False,0.0,0.0,0.0,20.88,17.02,21.73,42.85
6494,271,19.55,233.53,-24.99,6.05,False,0.0,0.0,0.0,20.45,16.67,21.79,41.71
6495,271,16.4,183.54,-25.13,5.35,False,0.0,0.0,0.0,21.25,18.58,23.21,41.43
6496,271,12.37,122.68,-25.1,4.86,False,0.0,0.0,0.0,20.99,16.51,22.42,41.13
6497,271,7.75,60.71,-25.19,4.54,False,0.0,0.0,0.0,20.87,18.04,22.23,41.03
6498,271,2.85,12.88,-25.53,5.06,False,0.0,0.0,0.0,20.55,16.79,22.58,41.64
6499,271,-2.03,0.0,-25.72,4.96,False,0.0,0.0,0.0,20.97,16.6,12.49,41.75
6500,271,-6.59,0.0,-25.83,5.08,False,0.0,0.0,0.0,20.93,17.02,10.37,41.92
6501,271,-10.54,0.0,-26.41,5.03,False,0.0,0.0,0.0,21.3,12.4,11.1,42.42
6502,271,-13.6,0.0,-26.71,6.28,False,0.0,0.0,0.0,21.27,10.8,11.34,43.44
6503,271,-15.55,0.0,-27.17,6.11,False,0.0,0.0,0.0,21.58,12.13,10.82,43.77
6504,272,-15.81,0.0,-27.76,6.62,False,0.0,0.0,0.0,21.14,11.13,11.31,44.63
6505,272,-15.15,0.0,-28.0,6.5,False,0.0,0.0,0.0,20.62,11.28,10.41,44.78
6506,272,-13.21,0.0,-27.89,7.24,False,0.0,0.0,0.0,21.74,12.22,12.15,45.13
6507,272,-10.15,0.0,-27.85,7.57,False,0.0,0.0,0.0,20.97,13.64,11.14,45.3
6508,272,-6.21,0.0,-27.91,8.29,False,0.0,0.0,0.0,20.91,11.17,11.64,45.79
6509,272,-1.65,0.0,-27.79,7.82,False,0.0,0.0,0.0,21.32,12.48,11.54,45.39
6510,272,3.23,15.22,-27.45,6.52,False,0.0,0.0,0.0,21.41,11.65,11.89,44.28
6511,272,8.13,65.34,-27.23,6.92,False,0.0,0.0,0.0,21.06,11.52,9.78,44.31
6512,272,12.75,128.25,-27.02,8.23,False,0.0,0.0,0.0,21.03,18.36,11.82,44.9
6513,272,16.79,189.61,-26.44,9.86,False,0.0,0.0,0.0,21.02,16.83,11.31,45.31
6514,272,19.94,239.87,-26.03,8.63,False,0.0,0.0,0.0,21.69,16.58,22.28,44.19
6515,272,21.96,272.58,-25.6,9.26,False,0.0,0.0,0.0,21.07,17.87,21.17,44.14
6516,272,22.65,283.91,-25.27,10.42,False,0.0,0.0,0.0,20.65,18.78,22.29,44.49
6517,272,21.96,272.58,-25.09,10.33,False,0.0,0.0,0.0,20.63,18.1,22.91,44.26
6518,272,19.94,239.87,-24.8,9.37,False,0.0,0.0,0.0,20.88,16.37,22.13,43.43
6519,272,16.79,189.61,-24.97,8.45,False,0.0,0.0,0.0,21.09,17.01,21.5,43.07
6520,272,12.75,128.25,-24.8,8.93,False,0.0,0.0,0.0,21.17,18.28,21.53,43.18
6521,272,8.13,65.34,-25.05,8.98,False,0.0,0.0,0.0,21.06,18.76,22.4,43.45
6522,272,3.23,15.22,-25.23,8.67,False,0.0,0.0,0.0,20.69,17.68,22.4,43.45
6523,272,-1.65,0.0,-25.62,8.81,False,0.0,0.0,0.0,20.9,17.04,11.75,43.9
6524,272,-6.21,0.0,-26.24,8.51,False,0.0,0.0,0.0,21.44,18.82,11.47,44.32
6525,272,-10.15,0.0,-26.95,7.63,False,0.0,0.0,0.0,20.78,11.84,11.64,44.48
6526,272,-13.21,0.0,-27.4,6.18,False,0.0,0.0,0.0,21.1,11.42,11.45,44.03
6527,272,-15.15,0.0,-27.61,5.64,False,0.0,0.0,0.0,21.55,11.28,11.23,43.89
6528,273,-15.42,0.0,-28.11,5.69,False,0.0,0.0,0.0,21.72,10.94,12.03,44.38
6529,273,-14.75,0.0,-28.68,6.09,False,0.0,0.0,0.0,21.36,14.17,11.72,45.16
6530,273,-12.81,0.0,-29.01,5.81,False,0.0,0.0,0.0,21.32,13.04,12.4,45.29
6531,273,-9.76,0.0,-28.92,5.91,False,0.0,0.0,0.0,20.94,11.37,12.28,45.27
6532,273,-5.82,0.0,-28.76,6.65,False,0.0,0.0,0.0,21.66,13.29,11.69,45.58
6533,273,-1.27,0.0,-28.61,6.51,False,0.0,0.0,0.0,21.96,12.33,11.92,45.35
6534,273,3.6,18.13,-28.16,7.79,False,0.0,0.0,0.0,22.4,12.28,10.83,45.72
6535,273,8.51,70.05,-27.98,7.89,False,0.0,0.0,0.0,21.51,11.33,11.45,45.61
6536,273,13.13,133.85,-27.7,7.49,False,0.0,0.0,0.0,21.3,17.09,11.74,45.1
6537,273,17.17,195.69,-27.03,7.85,False,0.0,0.0,0.0,20.88,17.47,10.39,44.69
6538,273,20.34,246.22,-26.83,7.85,False,0.0,0.0,0.0,20.47,15.93,22.3,44.49
6539,273,22.36,279.06,-26.43,10.48,False,0.0,0.0,0.0,21.24,17.11,21.33,45.67
6540,273,23.05,290.43,-25.97,8.9,False,0.0,0.0,0.0,22.06,17.5,21.41,44.29
6541,273,22.36,279.06,-25.61,7.72,False,0.0,0.0,0.0,21.58,18.55,21.63,43.26
6542,273,20.34,246.22,-25.38,8.6,False,0.0,0.0,0.0,21.49,17.01,21.98,43.55
6543,273,17.17,195.69,-25.47,8.88,False,0.0,0.0,0.0,21.16,18.15,21.07,43.8
6544,273,13.13,133.85,-25.4,8.62,False,0.0,0.0,0.0,21.19,15.85,22.6,43.57
6545,273,8.51,70.05,-25.52,7.06,False,0.0,0.0,0.0,20.09,18.43,22.12,42.79
6546,273,3.6,18.13,-25.58,6.57,False,0.0,0.0,0.0,21.37,16.78,23.35,42.56
6547,273,-1.27,0.0,-25.88,8.0,False,0.0,0.0,0.0,20.87,17.6,11.71,43.68
6548,273,-5.82,0.0,-26.06,7.14,False,0.0,0.0,0.0,20.85,17.83,11.9,43.34
6549,273,-9.76,0.0,-26.34,7.43,False,0.0,0.0,0.0,21.03,12.07,10.9,43.78
6550,273,-12.81,0.0,-26.79,7.93,False,0.0,0.0,0.0,21.07,11.81,10.67,44.5
6551,273,-14.75,0.0,-27.29,7.47,False,0.0,0.0,0.0,20.99,10.91,11.93,44.69
6552,274,-15.02,0.0,-27.58,9.7,False,0.0,0.0,0.0,21.32,11.19,10.73,46.33
6553,274,-14.35,0.0,-27.75,10.45,False,0.0,0.0,0.0,21.11,12.7,11.95,46.94
6554,274,-12.42,0.0,-28.12,11.46,False,0.0,0.0,0.0,21.41,11.42,12.69,47.94
6555,274,-9.37,0.0,-27.82,9.84,False,0.0,0.0,0.0,20.74,11.82,12.16,46.64
6556,274,-5.44,0.0,-27.88,9.86,False,0.0,0.0,0.0,21.26,10.71,11.9,46.72
6557,274,-0.9,0.0,-27.65,9.99,False,0.0,0.0,0.0,20.88,12.59,11.69,46.57
6558,274,3.98,21.23,-27.15,8.59,False,0.0,0.0,0.0,21.0,10.84,11.23,45.25
6559,274,8.88,74.84,-26.93,6.96,False,0.0,0.0,0.0,21.29,12.63,11.42,44.05
6560,274,13.51,139.48,-26.37,5.72,False,0.0,0.0,0.0,20.52,16.65,11.1,42.8
6561,274,17.56,201.77,-25.75,6.74,False,0.0,0.0,0.0,20.76,18.31,10.58,42.82
6562,274,20.73,252.56,-25.53,7.12,False,0.0,0.0,0.0,21.29,17.51,22.02,42.83
6563,274,22.75,285.53,-25.2,6.4,False,0.0,0.0,0.0,20.46,17.05,22.78,42.1
6564,274,23.45,296.94,-24.81,6.49,False,0.0,0.0,0.0,21.69,18.78,21.1,41.79
6565,274,22.75,285.53,-24.41,6.49,False,0.0,0.0,0.0,21.41,17.44,22.98,41.42
6566,274,20.73,252.56,-24.33,7.79,False,0.0,0.0,0.0,20.72,17.21,22.85,42.08
6567,274,17.56,201.77,-24.13,6.67,False,0.0,0.0,0.0,20.58,18.23,22.28,41.26
6568,274,13.51,139.48,-24.23,6.5,False,0.0,0.0,0.0,20.99,16.32,22.28,41.26
6569,274,8.88,74.84,-24.2,6.81,False,0.0,0.0,0.0,20.33,15.48,21.87,41.41
6570,274,3.98,21.23,-24.59,6.71,False,0.0,0.0,0.0,20.15,18.43,22.03,41.71
6571,274,-0.9,0.0,-25.03,7.11,False,0.0,0.0,0.0,20.82,16.83,11.18,42.36
6572,274,-5.44,0.0,-25.26,7.16,False,0.0,0.0,0.0,20.98,18.19,11.52,42.61
6573,274,-9.37,0.0,-25.63,7.24,False,0.0,0.0,0.0,21.11,11.94,11.6,43.0
6574,274,-12.42,0.0,-25.98,7.18,False,0.0,0.0,0.0,20.87,10.97,12.82,43.3
6575,274,-14.35,0.0,-26.16,8.91,False,0.0,0.0,0.0,21.65,12.39,11.9,44.48
6576,275,-14.62,0.0,-26.65,8.32,False,0.0,0.0,0.0,20.6,11.57,11.35,44.6
6577,275,-13.96,0.0,-27.16,8.54,False,0.0,0.0,0.0,20.8,11.04,11.43,45.22
6578,275,-12.03,0.0,-27.3,8.53,False,0.0,0.0,0.0,21.47,11.06,11.0,45.35
6579,275,-8.99,0.0,-27.37,9.71,False,0.0,0.0,0.0,20.82,10.51,11.12,46.13
6580,275,-5.06,0.0,-27.52,9.21,False,0.0,0.0,0.0,20.82,12.22,12.14,45.97
6581,275,-0.52,0.0,-27.53,7.49,False,0.0,0.0,0.0,21.35,11.15,11.15,44.94
6582,275,4.35,24.49,-27.25,9.01,False,0.0,0.0,0.0,20.85,11.87,11.07,45.6
6583,275,9.26,79.7,-27.07,8.05,False,0.0,0.0,0.0,21.2,11.75,11.09,44.84
6584,275,13.89,145.14,-26.77,6.88,False,0.0,0.0,0.0,20.93,16.75,10.99,43.86
6585,275,17.94,207.87,-26.43,6.53,False,0.0,0.0,0.0,20.83,16.28,12.29,43.33
6586,275,21.12,258.89,-25.96,6.23,False,0.0,0.0,0.0,20.27,19.53,22.1,42.72
6587,275,23.15,291.98,-25.62,7.16,False,0.0,0.0,0.0,21.13,17.46,21.8,42.94
6588,275,23.84,303.43,-25.63,6.46,False,0.0,0.0,0.0,20.58,18.96,22.02,42.54
6589,275,23.15,291.98,-25.46,7.5,False,0.0,0.0,0.0,20.99,18.43,22.15,42.98
6590,275,21.12,258.89,-25.13,8.85,False,0.0,0.0,0.0,20.81,17.24,21.48,43.45
6591,275,17.94,207.87,-25.39,8.0,False,0.0,0.0,0.0,20.96,17.64,21.03,43.21
6592,275,13.89,145.14,-25.35,8.46,False,0.0,0.0,0.0,20.98,17.62,22.94,43.44
6593,275,9.26,79.7,-25.43,8.4,False,0.0,0.0,0.0,21.13,18.98,22.69,43.49
6594,275,4.35,24.49,-25.68,8.03,False,0.0,0.0,0.0,20.79,18.16,22.26,43.5
6595,275,-0.52,0.0,-26.05,8.62,False,0.0,0.0,0.0,21.62,16.85,12.14,44.21
6596,275,-5.06,0.0,-26.04,8.51,False,0.0,0.0,0.0,20.39,17.78,12.84,44.13
6597,275,-8.99,0.0,-26.36,8.19,False,0.0,0.0,0.0,21.07,12.54,11.13,44.25
6598,275,-12.03,0.0,-26.54,9.22,False,0.0,0.0,0.0,21.52,10.96,10.72,45.03
6599,275,-13.96,0.0,-26.74,7.99,False,0.0,0.0,0.0,21.4,12.3,11.96,44.49
6600,276,-14.23,0.0,-26.8,7.51,False,0.0,0.0,0.0,20.83,12.98,10.47,44.26
6601,276,-13.57,0.0,-27.16,6.53,False,0.0,0.0,0.0,20.94,11.21,11.53,44.01
6602,276,-11.64,0.0,-27.15,6.88,False,0.0,0.0,0.0,20.86,11.32,11.29,44.21
6603,276,-8.61,0.0,-27.63,7.93,False,0.0,0.0,0.0,21.56,12.83,11.97,45.3
6604,276,-4.68,0.0,-27.56,6.75,False,0.0,0.0,0.0,21.01,11.62,11.16,44.52
6605,276,-0.14,0.0,-27.51,7.22,False,0.0,0.0,0.0,21.4,11.11,12.34,44.76
6606,276,4.73,27.91,-27.24,7.58,False,0.0,0.0,0.0,21.37,12.61,10.98,44.72
6607,276,9.63,84.62,-26.89,6.87,False,0.0,0.0,0.0,22.17,12.36,11.99,43.96
6608,276,14.27,150.82,-26.77,5.67,False,0.0,0.0,0.0,21.34,17.58,11.03,43.14
6609,276,18.33,213.96,-26.31,5.79,False,0.0,0.0,0.0,20.83,18.4,11.88,42.78
6610,276,21.51,265.21,-25.62,7.05,False,0.0,0.0,0.0,20.49,18.46,21.29,42.88
6611,276,23.54,298.42,-25.47,6.98,False,0.0,0.0,0.0,20.95,17.43,21.98,42.7
6612,276,24.24,309.9,-25.03,6.71,False,0.0,0.0,0.0,20.96,19.08,22.93,42.13
6613,276,23.54,298.42,-24.75,7.69,False,0.0,0.0,0.0,20.09,18.77,22.08,42.42
6614,276,21.51,265.21,-24.69,8.55,False,0.0,0.0,0.0,20.68,15.91,22.83,42.86
6615,276,18.33,213.96,-24.61,9.44,False,0.0,0.0,0.0,21.07,16.68,21.98,43.29
6616,276,14.27,150.82,-24.67,7.96,False,0.0,0.0,0.0,20.75,15.7,21.65,42.5
6617,276,9.63,84.62,-24.69,7.67,False,0.0,0.0,0.0,21.35,17.24,22.12,42.36
6618,276,4.73,27.91,-25.16,8.25,False,0.0,0.0,0.0,20.4,16.53,22.43,43.14
6619,276,-0.14,0.0,-25.27,7.75,False,0.0,0.0,0.0,21.3,16.85,10.17,42.95
6620,276,-4.68,0.0,-25.77,7.27,False,0.0,0.0,0.0,21.46,18.37,11.87,43.15
6621,276,-8.61,0.0,-26.29,6.37,False,0.0,0.0,0.0,21.54,10.5,10.84,43.11
6622,276,-11.64,0.0,-26.72,6.4,False,0.0,0.0,0.0,20.58,12.0,10.67,43.52
6623,276,-13.57,0.0,-27.19,6.97,False,0.0,0.0,0.0,21.39,12.0,11.88,44.3
6624,277,-13.83,0.0,-27.1,7.18,False,0.0,0.0,0.0,20.98,11.83,12.44,44.34
6625,277,-13.17,0.0,-27.33,6.87,False,0.0,0.0,0.0,20.72,12.0,11.65,44.38
6626,277,-11.25,0.0,-27.56,7.22,False,0.0,0.0,0.0,21.14,10.11,10.55,44.81
6627,277,-8.22,0.0,-27.62,6.98,False,0.0,0.0,0.0,20.95,11.25,11.03,44.71
6628,277,-4.31,0.0,-27.38,7.24,False,0.0,0.0,0.0,21.65,13.13,11.21,44.65
6629,277,0.23,1.03,-27.23,6.96,False,0.0,0.0,0.0,21.47,10.94,11.64,44.34
6630,277,5.1,31.47,-27.19,6.54,False,0.0,0.0,0.0,20.8,13.23,11.45,44.05
6631,277,10.01,89.6,-26.61,5.7,False,0.0,0.0,0.0,20.9,10.77,11.85,43.01
6632,277,14.65,156.51,-26.46,5.67,False,0.0,0.0,0.0,21.02,16.28,12.2,42.85
6633,277,18.71,220.05,-26.12,6.47,False,0.0,0.0,0.0,21.11,16.74,11.74,43.0
6634,277,21.89,271.52,-25.76,6.5,False,0.0,0.0,0.0,21.49,18.4,22.63,42.69
6635,277,23.93,304.84,-25.59,5.96,False,0.0,0.0,0.0,21.35,17.06,21.81,42.21
6636,277,24.63,316.36,-25.49,7.76,False,0.0,0.0,0.0,21.08,17.78,24.31,43.17
6637,277,23.93,304.84,-25.14,8.33,False,0.0,0.0,0.0,20.91,17.56,22.39,43.16
6638,277,21.89,271.52,-24.75,7.39,False,0.0,0.0,0.0,20.26,17.46,22.48,42.26
6639,277,18.71,220.05,-24.56,6.47,False,0.0,0.0,0.0,21.46,18.52,23.23,41.55
6640,277,14.65,156.51,-24.45,7.14,False,0.0,0.0,0.0,20.76,18.12,22.06,41.83
6641,277,10.01,89.6,-24.64,7.67,False,0.0,0.0,0.0,21.58,16.59,21.55,42.31
6642,277,5.1,31.47,-24.83,6.13,False,0.0,0.0,0.0,21.06,17.28,22.91,41.62
6643,277,0.23,1.03,-24.97,6.38,False,0.0,0.0,0.0,21.81,18.89,12.46,41.88
6644,277,-4.31,0.0,-25.16,6.36,False,0.0,0.0,0.0,21.26,17.76,11.61,42.05
6645,277,-8.22,0.0,-25.48,6.3,False,0.0,0.0,0.0,20.48,10.69,12.73,42.31
6646,277,-11.25,0.0,-26.32,6.27,False,0.0,0.0,0.0,20.91,10.75,11.44,43.07
6647,277,-13.17,0.0,-26.68,6.79,False,0.0,0.0,0.0,21.13,12.61,12.15,43.72
6648,278,-13.44,0.0,-27.13,6.01,False,0.0,0.0,0.0,20.91,12.46,12.56,43.68
6649,278,-12.78,0.0,-27.33,5.58,False,0.0,0.0,0.0,21.13,11.16,11.57,43.59
6650,278,-10.87,0.0,-27.54,6.48,False,0.0,0.0,0.0,20.76,12.5,11.82,44.34
6651,278,-7.84,0.0,-27.49,7.38,False,0.0,0.0,0.0,21.3,13.18,12.22,44.84
6652,278,-3.93,0.0,-27.27,6.73,False,0.0,0.0,0.0,21.37,13.07,11.24,44.23
6653,278,0.6,2.71,-26.99,6.7,False,0.0,0.0,0.0,20.84,13.18,10.93,43.96
6654,278,5.47,35.16,-26.77,6.81,False,0.0,0.0,0.0,21.99,12.34,12.43,43.81
6655,278,10.38,94.63,-26.45,7.07,False,0.0,0.0,0.0,21.2,11.76,11.71,43.67
6656,278,15.02,162.22,-25.92,5.86,False,0.0,0.0,0.0,20.78,17.18,11.15,42.46
6657,278,19.09,226.14,-25.37,5.74,False,0.0,0.0,0.0,20.39,17.49,11.57,41.89
6658,278,22.28,277.81,-24.88,5.82,False,0.0,0.0,0.0,21.01,16.8,22.36,41.48
6659,278,24.32,311.24,-24.38,6.29,False,0.0,0.0,0.0,20.82,17.21,20.9,41.28
6660,278,25.03,322.79,-24.36,7.22,False,0.0,0.0,0.0,21.24,18.52,22.5,41.79
6661,278,24.32,311.24,-24.08,8.19,False,0.0,0.0,0.0,20.83,16.21,22.29,42.08
6662,278,22.28,277.81,-23.91,8.81,False,0.0,0.0,0.0,20.39,16.27,23.16,42.26
6663,278,19.09,226.14,-23.77,7.78,False,0.0,0.0,0.0,21.52,18.16,21.85,41.55
6664,278,15.02,162.22,-23.98,9.35,False,0.0,0.0,0.0,21.05,17.22,22.96,42.63
6665,278,10.38,94.63,-24.1,9.11,False,0.0,0.0,0.0,20.79,15.96,21.97,42.61
6666,278,5.47,35.16,-24.23,9.42,False,0.0,0.0,0.0,20.97,17.45,22.1,42.91
6667,278,0.6,2.71,-24.65,7.74,False,0.0,0.0,0.0,21.15,17.34,11.7,42.36
6668,278,-3.93,0.0,-25.0,7.86,False,0.0,0.0,0.0,20.43,17.16,12.97,42.76
6669,278,-7.84,0.0,-25.47,8.83,False,0.0,0.0,0.0,21.12,12.45,10.63,43.76
6670,278,-10.87,0.0,-25.91,6.66,False,0.0,0.0,0.0,20.93,10.83,11.85,42.92
6671,278,-12.78,0.0,-26.37,6.38,False,0.0,0.0,0.0,21.37,11.91,11.53,43.18
6672,279,-13.05,0.0,-26.78,5.58,False,0.0,0.0,0.0,20.92,11.73,11.48,43.09
6673,279,-12.39,0.0,-26.9,5.61,False,0.0,0.0,0.0,20.99,11.93,11.91,43.21
6674,279,-10.48,0.0,-27.31,5.41,False,0.0,0.0,0.0,21.94,10.51,12.27,43.48
6675,279,-7.46,0.0,-27.24,4.61,False,0.0,0.0,0.0,21.76,11.48,11.87,42.93
6676,279,-3.56,0.0,-27.29,4.7,False,0.0,0.0,0.0,19.96,11.92,12.36,43.03
6677,279,0.97,4.39,-27.06,4.81,False,0.0,0.0,0.0,21.71,12.33,11.32,42.89
6678,279,5.84,38.98,-26.96,4.51,False,0.0,0.0,0.0,21.21,13.38,11.47,42.62
6679,279,10.75,99.7,-26.62,5.13,False,0.0,0.0,0.0,20.91,12.54,10.8,42.68
6680,279,15.39,167.94,-26.05,6.47,False,0.0,0.0,0.0,20.72,17.87,12.89,42.95
6681,279,19.47,232.21,-25.88,6.76,False,0.0,0.0,0.0,20.73,18.52,11.37,42.95
6682,279,22.66,284.09,-25.27,7.27,False,0.0,0.0,0.0,20.76,17.26,21.79,42.67
6683,279,24.71,317.61,-24.68,7.45,False,0.0,0.0,0.0,20.51,18.74,22.42,42.22
6684,279,25.42,329.19,-24.27,8.83,False,0.0,0.0,0.0,20.37,18.4,22.77,42.61
6685,279,24.71,317.61,-24.13,8.25,False,0.0,0.0,0.0,20.48,17.14,21.52,42.15
6686,279,22.66,284.09,-24.1,7.25,False,0.0,0.0,0.0,21.02,19.04,22.83,41.56
6687,279,19.47,232.21,-24.11,7.49,False,0.0,0.0,0.0,20.91,17.86,21.79,41.7
6688,279,15.39,167.94,-24.35,7.38,False,0.0,0.0,0.0,21.14,19.25,23.0,41.87
6689,279,10.75,99.7,-24.56,7.49,False,0.0,0.0,0.0,20.92,17.74,21.62,42.13
6690,279,5.84,38.98,-24.71,7.93,False,0.0,0.0,0.0,20.44,17.05,22.51,42.52
6691,279,0.97,4.39,-24.89,10.02,False,0.0,0.0,0.0,21.18,16.89,11.53,43.89
6692,279,-3.56,0.0,-25.28,9.73,False,0.0,0.0,0.0,20.63,17.22,10.71,44.11
6693,279,-7.46,0.0,-25.65,9.09,False,0.0,0.0,0.0,21.34,11.44,10.51,44.09
6694,279,-10.48,0.0,-25.95,10.64,False,0.0,0.0,0.0,20.65,12.92,10.98,45.29
6695,279,-12.39,0.0,-26.14,10.06,False,0.0,0.0,0.0,20.86,11.88,12.19,45.14
6696,280,-12.66,0.0,-26.31,8.17,False,0.0,0.0,0.0,21.01,10.61,10.14,44.19
6697,280,-12.01,0.0,-26.68,7.39,False,0.0,0.0,0.0,21.47,12.07,11.73,44.08
6698,280,-10.1,0.0,-26.71,7.43,False,0.0,0.0,0.0,21.28,12.0,11.67,44.12
6699,280,-7.09,0.0,-26.59,7.5,False,0.0,0.0,0.0,21.2,11.53,10.32,44.06
6700,280,-3.19,0.0,-26.57,7.07,False,0.0,0.0,0.0,21.94,12.11,10.94,43.78
6701,280,1.34,6.05,-26.29,6.57,False,0.0,0.0,0.0,20.42,11.86,10.94,43.23
6702,280,6.2,42.9,-25.94,6.25,False,0.0,0.0,0.0,20.7,12.41,11.54,42.71
6703,280,11.11,104.8,-25.56,5.5,False,0.0,0.0,0.0,20.63,12.36,12.53,41.92
6704,280,15.76,173.67,-25.08,6.03,False,0.0,0.0,0.0,20.3,17.79,12.25,41.79
6705,280,19.84,238.27,-24.59,5.76,False,0.0,0.0,0.0,20.66,16.46,11.25,41.17
6706,280,23.05,290.34,-24.36,4.88,False,0.0,0.0,0.0,21.2,19.2,21.42,40.47
6707,280,25.1,323.96,-23.85,5.67,False,0.0,0.0,0.0,20.62,16.26,20.91,40.44
6708,280,25.8,335.56,-23.31,7.19,False,0.0,0.0,0.0,20.66,17.4,21.73,40.79
6709,280,25.1,323.96,-23.2,7.13,False,0.0,0.0,0.0,20.1,16.62,21.37,40.65
6710,280,23.05,290.34,-22.99,7.58,False,0.0,0.0,0.0,20.44,17.82,21.97,40.7
6711,280,19.84,238.27,-23.02,7.8,False,0.0,0.0,0.0,20.58,17.61,22.0,40.84
6712,280,15.76,173.67,-22.91,8.15,False,0.0,0.0,0.0,21.01,17.36,21.67,40.93
6713,280,11.11,104.8,-22.92,7.82,False,0.0,0.0,0.0,20.08,18.71,21.68,40.76
6714,280,6.2,42.9,-23.12,6.43,False,0.0,0.0,0.0,20.59,18.39,21.51,40.19
6715,280,1.34,6.05,-23.52,7.26,False,0.0,0.0,0.0,21.26,17.24,11.14,41.01
6716,280,-3.19,0.0,-24.07,6.16,False,0.0,0.0,0.0,20.71,18.14,12.51,40.92
6717,280,-7.09,0.0,-24.25,6.05,False,0.0,0.0,0.0,20.06,13.15,11.86,41.02
6718,280,-10.1,0.0,-24.48,5.51,False,0.0,0.0,0.0,21.45,12.78,11.87,40.93
6719,280,-12.01,0.0,-24.87,5.89,False,0.0,0.0,0.0,21.28,11.79,12.21,41.51
6720,281,-12.28,0.0,-25.11,6.13,False,0.0,0.0,0.0,21.36,10.63,12.15,41.87
6721,281,-11.62,0.0,-24.77,5.21,False,0.0,0.0,0.0,20.27,12.16,12.5,41.03
6722,281,-9.72,0.0,-24.86,4.64,False,0.0,0.0,0.0,21.59,12.43,11.91,40.79
6723,281,-6.71,0.0,-25.06,5.14,False,0.0,0.0,0.0,20.7,11.28,11.64,41.26
6724,281,-2.82,0.0,-24.92,5.25,False,0.0,0.0,0.0,20.79,11.92,11.09,41.19
6725,281,1.7,7.71,-24.88,4.55,False,0.0,0.0,0.0,20.7,11.83,10.92,40.75
6726,281,6.57,46.92,-24.8,4.15,False,0.0,0.0,0.0,21.35,13.01,12.12,40.45
6727,281,11.48,109.94,-24.75,4.56,False,0.0,0.0,0.0,20.9,13.38,11.42,40.64
6728,281,16.13,179.39,-24.45,6.15,False,0.0,0.0,0.0,21.13,18.44,10.55,41.27
6729,281,20.22,244.32,-24.27,6.59,False,0.0,0.0,0.0,20.94,17.43,10.03,41.35
6730,281,23.43,296.56,-23.97,7.47,False,0.0,0.0,0.0,20.84,18.42,23.5,41.57
6731,281,25.48,330.27,-23.82,6.87,False,0.0,0.0,0.0,20.48,18.02,21.31,41.08
6732,281,26.19,341.9,-23.55,9.05,False,0.0,0.0,0.0,21.55,17.44,21.52,42.04
6733,281,25.48,330.27,-22.98,8.91,False,0.0,0.0,0.0,20.17,19.17,22.86,41.41
6734,281,23.43,296.56,-22.95,10.11,False,0.0,0.0,0.0,20.92,16.91,21.15,42.04
6735,281,20.22,244.32,-23.03,9.31,False,0.0,0.0,0.0,20.91,17.98,22.37,41.69
6736,281,16.13,179.39,-23.02,8.5,False,0.0,0.0,0.0,21.22,18.17,23.28,41.23
6737,281,11.48,109.94,-23.57,9.3,False,0.0,0.0,0.0,21.38,17.27,23.48,42.2
6738,281,6.57,46.92,-24.16,7.72,False,0.0,0.0,0.0,20.84,17.95,21.69,41.88
6739,281,1.7,7.71,-24.48,8.68,False,0.0,0.0,0.0,21.15,18.26,11.49,42.73
6740,281,-2.82,0.0,-24.9,7.39,False,0.0,0.0,0.0,21.69,17.7,11.22,42.39
6741,281,-6.71,0.0,-25.08,9.6,False,0.0,0.0,0.0,20.98,12.28,11.49,43.84
6742,281,-9.72,0.0,-25.16,9.84,False,0.0,0.0,0.0,20.59,11.98,12.41,44.06
6743,281,-11.62,0.0,-25.37,10.02,False,0.0,0.0,0.0,20.89,12.54,10.52,44.36
6744,282,-11.89,0.0,-25.82,9.52,False,0.0,0.0,0.0,20.58,11.72,11.95,44.51
6745,282,-11.24,0.0,-25.92,10.86,False,0.0,0.0,0.0,21.26,11.65,11.36,45.39
6746,282,-9.34,0.0,-25.85,10.49,False,0.0,0.0,0.0,21.53,11.92,12.46,45.11
6747,282,-6.34,0.0,-26.01,9.03,False,0.0,0.0,0.0,21.07,12.85,12.42,44.41
6748,282,-2.45,0.0,-26.1,8.69,False,0.0,0.0,0.0,20.48,10.5,11.22,44.29
6749,282,2.07,9.35,-25.89,8.83,False,0.0,0.0,0.0,21.51,11.17,11.42,44.17
6750,282,6.93,51.03,-25.51,10.71,False,0.0,0.0,0.0,20.35,13.72,12.12,44.89
6751,282,11.84,115.11,-25.02,8.1,False,0.0,0.0,0.0,20.38,12.12,12.19,42.91
6752,282,16.5,185.11,-24.64,7.68,False,0.0,0.0,0.0,20.89,17.17,9.77,42.31
6753,282,20.59,250.35,-24.31,6.73,False,0.0,0.0,0.0,21.02,18.14,12.12,41.46
6754,282,23.8,302.75,-23.96,7.45,False,0.0,0.0,0.0,21.04,16.87,23.15,41.54
6755,282,25.86,336.54,-23.92,6.56,False,0.0,0.0,0.0,20.84,15.82,22.18,41.01
6756,282,26.58,348.2,-23.77,4.66,False,0.0,0.0,0.0,21.56,17.78,22.67,39.8
6757,282,25.86,336.54,-23.96,4.9,False,0.0,0.0,0.0,20.9,16.92,22.9,40.12
6758,282,23.8,302.75,-23.6,5.26,False,0.0,0.0,0.0,21.25,17.58,22.16,39.98
6759,282,20.59,250.35,-23.25,5.69,False,0.0,0.0,0.0,21.1,17.76,22.57,39.9
6760,282,16.5,185.11,-23.21,4.26,False,0.0,0.0,0.0,20.27,17.61,22.01,39.07
6761,282,11.84,115.11,-23.08,6.33,False,0.0,0.0,0.0,20.7,16.13,21.96,40.09
6762,282,6.93,51.03,-23.16,8.3,False,0.0,0.0,0.0,21.63,17.52,21.54,41.25
6763,282,2.07,9.35,-23.21,8.27,False,0.0,0.0,0.0,20.58,17.86,11.62,41.29
6764,282,-2.45,0.0,-23.46,8.67,False,0.0,0.0,0.0,20.55,16.38,12.82,41.74
6765,282,-6.34,0.0,-23.72,8.96,False,0.0,0.0,0.0,20.91,10.68,10.87,42.15
6766,282,-9.34,0.0,-24.18,9.39,False,0.0,0.0,0.0,20.71,11.04,11.93,42.85
6767,282,-11.24,0.0,-24.4,7.74,False,0.0,0.0,0.0,20.61,12.5,11.72,42.12
6768,283,-11.51,0.0,-24.73,6.51,False,0.0,0.0,0.0,20.77,10.3,12.53,41.73
6769,283,-10.86,0.0,-24.94,6.73,False,0.0,0.0,0.0,21.57,12.56,12.66,42.06
6770,283,-8.96,0.0,-25.12,5.97,False,0.0,0.0,0.0,20.96,12.21,10.85,41.79
6771,283,-5.96,0.0,-25.25,6.45,False,0.0,0.0,0.0,20.5,11.69,11.1,42.19
6772,283,-2.08,0.0,-25.15,6.85,False,0.0,0.0,0.0,20.41,10.72,11.14,42.32
6773,283,2.43,10.99,-24.79,7.5,False,0.0,0.0,0.0,21.86,11.26,11.16,42.35
6774,283,7.29,55.22,-24.32,7.0,False,0.0,0.0,0.0,20.83,12.53,11.22,41.63
6775,283,12.2,120.3,-23.94,7.19,False,0.0,0.0,0.0,21.05,12.91,11.74,41.37
6776,283,16.87,190.83,-23.69,7.23,False,0.0,0.0,0.0,20.53,16.67,10.9,41.16
6777,283,20.96,256.35,-23.54,6.67,False,0.0,0.0,0.0,20.95,18.41,11.0,40.71
6778,283,24.18,308.91,-23.0,7.24,False,0.0,0.0,0.0,21.34,18.05,21.45,40.52
6779,283,26.24,342.79,-22.55,7.48,False,0.0,0.0,0.0,20.44,17.49,22.34,40.22
6780,283,26.96,354.47,-22.03,7.76,False,0.0,0.0,0.0,20.83,16.91,21.96,39.88
6781,283,26.24,342.79,-21.84,8.05,False,0.0,0.0,0.0,20.06,17.03,21.83,39.86
6782,283,24.18,308.91,-21.73,9.48,False,0.0,0.0,0.0,21.42,18.96,21.41,40.51
6783,283,20.96,256.35,-21.53,9.65,False,0.0,0.0,0.0,20.69,17.64,20.88,40.41
6784,283,16.87,190.83,-21.72,8.52,False,0.0,0.0,0.0,20.44,18.56,23.14,39.99
6785,283,12.2,120.3,-22.36,8.32,False,0.0,0.0,0.0,20.56,17.69,21.8,40.5
6786,283,7.29,55.22,-22.43,7.86,False,0.0,0.0,0.0,20.49,17.14,23.9,40.32
6787,283,2.43,10.99,-23.01,8.33,False,0.0,0.0,0.0,20.58,17.97,12.04,41.12
6788,283,-2.08,0.0,-23.3,7.22,False,0.0,0.0,0.0,19.82,19.23,12.78,40.79
6789,283,-5.96,0.0,-23.77,6.82,False,0.0,0.0,0.0,20.81,11.38,12.2,41.01
6790,283,-8.96,0.0,-24.08,6.59,False,0.0,0.0,0.0,20.83,12.63,11.61,41.17
6791,283,-10.86,0.0,-24.22,6.08,False,0.0,0.0,0.0,21.1,12.05,11.08,41.02
6792,284,-11.13,0.0,-24.53,7.71,False,0.0,0.0,0.0,20.73,10.74,10.82,42.23
6793,284,-10.48,0.0,-24.59,5.94,False,0.0,0.0,0.0,20.64,10.72,12.28,41.28
6794,284,-8.59,0.0,-24.98,5.87,False,0.0,0.0,0.0,20.99,11.54,11.69,41.6
6795,284,-5.59,0.0,-25.21,7.13,False,0.0,0.0,0.0,20.38,12.18,11.93,42.53
6796,284,-1.72,0.0,-25.41,7.78,False,0.0,0.0,0.0,21.11,12.6,12.07,43.11
6797,284,2.79,12.62,-25.5,7.85,False,0.0,0.0,0.0,20.32,10.64,11.75,43.23
6798,284,7.65,59.48,-25.21,7.05,False,0.0,0.0,0.0,21.47,12.42,11.17,42.5
6799,284,12.56,125.51,-25.24,7.96,False,0.0,0.0,0.0,21.3,11.81,12.21,43.05
6800,284,17.23,196.53,-25.03,7.44,False,0.0,0.0,0.0,20.63,17.5,11.36,42.55
6801,284,21.33,262.33,-24.64,5.39,False,0.0,0.0,0.0,21.22,17.97,11.56,41.01
6802,284,24.55,315.04,-24.27,5.75,False,0.0,0.0,0.0,20.96,18.9,22.5,40.87
6803,284,26.62,348.99,-23.75,6.88,False,0.0,0.0,0.0,20.45,17.74,21.96,41.03
6804,284,27.34,360.69,-23.18,6.06,False,0.0,0.0,0.0,19.97,16.41,20.73,40.04
6805,284,26.62,348.99,-23.13,5.64,False,0.0,0.0,0.0,20.9,17.35,22.73,39.77
6806,284,24.55,315.04,-22.78,5.99,False,0.0,0.0,0.0,20.42,18.18,22.88,39.63
6807,284,21.33,262.33,-22.51,7.58,False,0.0,0.0,0.0,21.14,18.21,20.72,40.24
6808,284,17.23,196.53,-22.7,7.02,False,0.0,0.0,0.0,20.73,18.03,21.27,40.11
6809,284,12.56,125.51,-22.99,6.85,False,0.0,0.0,0.0,20.48,17.09,23.42,40.29
6810,284,7.65,59.48,-23.17,6.71,False,0.0,0.0,0.0,21.5,16.41,22.16,40.38
6811,284,2.79,12.62,-23.58,8.32,False,0.0,0.0,0.0,21.06,17.97,11.5,41.67
6812,284,-1.72,0.0,-23.91,8.63,False,0.0,0.0,0.0,19.41,16.53,11.2,42.16
6813,284,-5.59,0.0,-24.22,8.29,False,0.0,0.0,0.0,20.71,12.45,10.78,42.26
6814,284,-8.59,0.0,-24.83,8.45,False,0.0,0.0,0.0,20.43,12.45,11.36,42.94
6815,284,-10.48,0.0,-25.48,8.15,False,0.0,0.0,0.0,20.74,11.53,12.18,43.39
6816,285,-10.75,0.0,-25.94,8.42,False,0.0,0.0,0.0,21.06,11.81,11.49,43.98
6817,285,-10.1,0.0,-26.1,6.44,False,0.0,0.0,0.0,21.27,12.06,11.93,42.96
6818,285,-8.22,0.0,-26.5,6.17,False,0.0,0.0,0.0,21.28,11.41,12.74,43.18
6819,285,-5.23,0.0,-26.33,6.63,False,0.0,0.0,0.0,21.59,10.79,11.09,43.3
6820,285,-1.35,0.0,-26.36,7.32,False,0.0,0.0,0.0,21.42,11.87,11.71,43.74
6821,285,3.15,14.64,-26.0,6.81,False,0.0,0.0,0.0,21.35,11.95,12.2,43.1
6822,285,8.01,63.81,-25.97,7.49,False,0.0,0.0,0.0,21.2,12.99,10.85,43.46
6823,285,12.92,130.72,-25.62,7.7,False,0.0,0.0,0.0,21.59,11.27,11.62,43.26
6824,285,17.59,202.22,-25.3,8.57,False,0.0,0.0,0.0,20.91,18.35,12.81,43.45
6825,285,21.69,268.28,-24.59,8.38,False,0.0,0.0,0.0,20.83,16.58,11.26,42.66
6826,285,24.92,321.13,-24.36,8.18,False,0.0,0.0,0.0,20.16,16.42,22.75,42.33
6827,285,27.0,355.15,-23.67,8.1,False,0.0,0.0,0.0,21.26,17.26,21.9,41.63
6828,285,27.72,366.87,-23.15,9.3,False,0.0,0.0,0.0,20.75,16.75,23.26,41.8
6829,285,27.0,355.15,-22.94,10.77,False,0.0,0.0,0.0,21.93,16.41,20.85,42.4
6830,285,24.92,321.13,-22.57,10.32,False,0.0,0.0,0.0,20.55,19.06,22.05,41.78
6831,285,21.69,268.28,-22.13,9.56,False,0.0,0.0,0.0,20.69,17.14,20.96,40.94
6832,285,17.59,202.22,-22.05,9.49,False,0.0,0.0,0.0,20.86,19.35,21.51,40.82
6833,285,12.92,130.72,-22.15,9.67,False,0.0,0.0,0.0,20.22,16.7,21.51,41.02
6834,285,8.01,63.81,-22.48,8.17,False,0.0,0.0,0.0,20.84,16.13,21.81,40.53
6835,285,3.15,14.64,-22.56,7.03,False,0.0,0.0,0.0,20.72,18.53,10.67,39.99
6836,285,-1.35,0.0,-22.93,6.63,False,0.0,0.0,0.0,20.63,16.92,11.45,40.12
6837,285,-5.23,0.0,-23.31,6.96,False,0.0,0.0,0.0,21.27,12.01,11.82,40.65
6838,285,-8.22,0.0,-23.43,6.64,False,0.0,0.0,0.0,20.45,10.82,10.43,40.6
6839,285,-10.1,0.0,-23.99,6.13,False,0.0,0.0,0.0,20.99,11.87,11.06,40.83
6840,286,-10.38,0.0,-24.52,6.79,False,0.0,0.0,0.0,21.52,10.8,13.28,41.7
6841,286,-9.73,0.0,-24.72,7.16,False,0.0,0.0,0.0,20.68,11.84,11.73,42.09
6842,286,-7.85,0.0,-24.82,6.51,False,0.0,0.0,0.0,20.86,11.52,10.23,41.82
6843,286,-4.86,0.0,-25.03,6.18,False,0.0,0.0,0.0,21.94,12.08,10.52,41.83
6844,286,-0.99,0.0,-24.7,7.15,False,0.0,0.0,0.0,21.15,12.4,11.66,42.07
6845,286,3.51,17.35,-24.16,8.01,False,0.0,0.0,0.0,20.7,12.09,11.57,42.04
6846,286,8.36,68.19,-23.88,7.24,False,0.0,0.0,0.0,21.19,12.26,11.09,41.34
6847,286,13.27,135.95,-23.54,8.3,False,0.0,0.0,0.0,20.6,11.81,13.04,41.61
6848,286,17.95,207.89,-23.0,8.33,False,0.0,0.0,0.0,20.13,17.15,13.33,41.11
6849,286,22.06,274.19,-22.53,9.83,False,0.0,0.0,0.0,21.25,17.88,11.31,41.48
6850,286,25.29,327.18,-22.13,8.56,False,0.0,0.0,0.0,20.21,17.41,22.61,40.41
6851,286,27.37,361.26,-21.69,7.05,False,0.0,0.0,0.0,21.58,17.44,22.65,39.18
6852,286,28.09,373.01,-21.52,7.22,False,0.0,0.0,0.0,20.39,17.82,22.74,39.12
6853,286,27.37,361.26,-21.27,5.88,False,0.0,0.0,0.0,21.41,16.67,21.55,38.18
6854,286,25.29,327.18,-20.9,6.71,False,0.0,0.0,0.0,19.96,18.64,23.36,38.27
6855,286,22.06,274.19,-21.09,6.0,False,0.0,0.0,0.0,20.94,17.3,21.95,38.07
6856,286,17.95,207.89,-20.99,7.12,False,0.0,0.0,0.0,20.72,17.6,22.3,38.56
6857,286,13.27,135.95,-21.21,8.0,False,0.0,0.0,0.0,20.88,17.46,22.0,39.23
6858,286,8.36,68.19,-21.51,7.99,False,0.0,0.0,0.0,20.97,18.02,21.9,39.51
6859,286,3.51,17.35,-21.67,7.62,False,0.0,0.0,0.0,20.4,17.77,11.69,39.47
6860,286,-0.99,0.0,-22.04,6.7,False,0.0,0.0,0.0,20.12,17.46,10.67,39.33
6861,286,-4.86,0.0,-22.66,6.37,False,0.0,0.0,0.0,20.7,13.06,10.12,39.72
6862,286,-7.85,0.0,-23.12,4.86,False,0.0,0.0,0.0,20.86,9.34,11.35,39.33
6863,286,-9.73,0.0,-23.72,5.45,False,0.0,0.0,0.0,20.66,12.89,10.88,40.2
6864,287,-10.0,0.0,-24.07,5.63,False,0.0,0.0,0.0,21.0,12.64,11.88,40.62
6865,287,-9.36,0.0,-24.39,5.72,False,0.0,0.0,0.0,21.06,10.43,11.8,40.97
6866,287,-7.48,0.0,-24.6,6.64,False,0.0,0.0,0.0,20.59,12.64,11.51,41.69
6867,287,-4.5,0.0,-24.9,5.87,False,0.0,0.0,0.0,21.15,12.75,12.54,41.53
6868,287,-0.64,0.0,-24.82,6.57,False,0.0,0.0,0.0,20.87,12.35,11.5,41.85
6869,287,3.86,20.2,-24.7,6.73,False,0.0,0.0,0.0,20.68,10.65,10.48,41.83
6870,287,8.71,72.63,-24.16,6.6,False,0.0,0.0,0.0,21.21,12.45,11.34,41.26
6871,287,13.63,141.17,-23.91,6.51,False,0.0,0.0,0.0,20.56,12.71,12.32,40.97
6872,287,18.3,213.54,-23.36,6.85,False,0.0,0.0,0.0,20.62,17.04,10.18,40.64
6873,287,22.42,280.08,-22.85,6.85,False,0.0,0.0,0.0,20.77,17.85,11.43,40.17
6874,287,25.66,333.19,-22.24,7.39,False,0.0,0.0,0.0,21.22,17.22,22.4,39.89
6875,287,27.74,367.33,-22.03,6.77,False,0.0,0.0,0.0,20.72,18.21,23.86,39.35
6876,287,28.46,379.09,-21.62,6.76,False,0.0,0.0,0.0,20.81,17.25,22.85,38.96
6877,287,27.74,367.33,-21.38,8.09,False,0.0,0.0,0.0,20.45,17.04,22.09,39.44
6878,287,25.66,333.19,-21.38,8.06,False,0.0,0.0,0.0,20.53,17.47,22.36,39.42
6879,287,22.42,280.08,-21.3,7.67,False,0.0,0.0,0.0,20.54,16.43,20.67,39.15
6880,287,18.3,213.54,-21.67,6.9,False,0.0,0.0,0.0,20.72,17.39,21.27,39.09
6881,287,13.63,141.17,-22.03,7.74,False,0.0,0.0,0.0,20.52,17.79,22.46,39.87
6882,287,8.71,72.63,-22.45,6.84,False,0.0,0.0,0.0,21.23,18.2,22.11,39.78
6883,287,3.86,20.2,-22.64,6.18,False,0.0,0.0,0.0,20.57,17.7,11.7,39.6
6884,287,-0.64,0.0,-23.1,6.22,False,0.0,0.0,0.0,20.09,16.35,11.52,40.05
6885,287,-4.5,0.0,-23.55,7.33,False,0.0,0.0,0.0,21.92,12.98,11.5,41.09
6886,287,-7.48,0.0,-23.89,8.15,False,0.0,0.0,0.0,20.74,13.05,11.57,41.86
6887,287,-9.36,0.0,-24.22,7.76,False,0.0,0.0,0.0,21.43,11.99,10.76,41.96
6888,288,-9.63,0.0,-24.34,9.08,False,0.0,0.0,0.0,21.48,11.3,11.34,42.82
6889,288,-8.99,0.0,-24.74,9.65,False,0.0,0.0,0.0,21.35,11.47,10.63,43.53
6890,288,-7.11,0.0,-24.99,9.49,False,0.0,0.0,0.0,20.92,11.74,11.07,43.68
6891,288,-4.14,0.0,-24.97,9.12,False,0.0,0.0,0.0,21.11,12.12,12.34,43.46
6892,288,-0.28,0.0,-24.96,8.59,False,0.0,0.0,0.0,20.49,11.66,11.37,43.14
6893,288,4.21,23.2,-24.88,8.57,False,0.0,0.0,0.0,21.78,11.21,11.92,43.05
6894,288,9.06,77.1,-24.38,9.05,False,0.0,0.0,0.0,20.59,12.72,11.58,42.85
6895,288,13.98,146.4,-24.2,8.03,False,0.0,0.0,0.0,20.8,12.11,11.23,42.1
6896,288,18.65,219.17,-23.61,7.53,False,0.0,0.0,0.0,20.87,16.66,10.79,41.26
6897,288,22.78,285.92,-23.06,8.76,False,0.0,0.0,0.0,20.72,17.73,11.22,41.41
6898,288,26.02,339.15,-22.62,8.93,False,0.0,0.0,0.0,20.45,17.63,22.13,41.08
6899,288,28.11,373.35,-22.39,8.01,False,0.0,0.0,0.0,21.24,16.93,22.41,40.36
6900,288,28.83,385.13,-21.78,7.47,False,0.0,0.0,0.0,20.99,18.46,22.09,39.49
6901,288,28.11,373.35,-21.25,9.6,False,0.0,0.0,0.0,20.68,17.61,22.45,40.11
6902,288,26.02,339.15,-21.07,10.51,False,0.0,0.0,0.0,20.37,17.33,20.94,40.41
6903,288,22.78,285.92,-21.0,9.89,False,0.0,0.0,0.0,20.95,17.43,22.61,40.02
6904,288,18.65,219.17,-21.02,9.28,False,0.0,0.0,0.0,20.34,17.86,21.21,39.72
6905,288,13.98,146.4,-20.94,10.64,False,0.0,0.0,0.0,21.14,17.44,22.69,40.36
6906,288,9.06,77.1,-21.45,10.39,False,0.0,0.0,0.0,20.62,17.44,22.35,40.73
6907,288,4.21,23.2,-21.9,9.5,False,0.0,0.0,0.0,21.12,18.35,10.19,40.7
6908,288,-0.28,0.0,-22.39,8.58,False,0.0,0.0,0.0,20.64,16.37,12.02,40.67
6909,288,-4.14,0.0,-22.88,7.31,False,0.0,0.0,0.0,20.77,10.9,12.2,40.44
6910,288,-7.11,0.0,-23.77,7.76,False,0.0,0.0,0.0,21.34,12.52,12.38,41.53
6911,288,-8.99,0.0,-23.99,6.56,False,0.0,0.0,0.0,21.76,13.83,10.96,41.07
6912,289,-9.27,0.0,-24.46,6.91,False,0.0,0.0,0.0,21.56,12.6,11.63,41.7
6913,289,-8.63,0.0,-24.69,7.29,False,0.0,0.0,0.0,21.31,13.39,11.99,42.14
6914,289,-6.75,0.0,-24.67,7.9,False,0.0,0.0,0.0,21.2,11.55,12.02,42.48
6915,289,-3.78,0.0,-24.61,9.58,False,0.0,0.0,0.0,20.75,11.39,11.79,43.36
6916,289,0.07,0.31,-24.42,9.54,False,0.0,0.0,0.0,21.05,12.27,11.2,43.16
6917,289,4.56,26.32,-24.15,10.43,False,0.0,0.0,0.0,20.53,12.66,12.19,43.4
6918,289,9.4,81.61,-23.69,10.75,False,0.0,0.0,0.0,20.99,10.85,12.2,43.12
6919,289,14.32,151.62,-23.31,9.87,False,0.0,0.0,0.0,20.97,11.73,11.39,42.26
6920,289,19.0,224.77,-22.99,9.54,False,0.0,0.0,0.0,19.97,17.48,10.95,41.77
6921,289,23.13,291.73,-22.68,8.9,False,0.0,0.0,0.0,20.74,16.96,10.99,41.12
6922,289,26.38,345.06,-22.38,9.33,False,0.0,0.0,0.0,20.85,17.05,22.96,41.06
6923,289,28.48,379.31,-22.01,8.41,False,0.0,0.0,0.0,20.61,18.17,22.67,40.22
6924,289,29.2,391.11,-21.61,8.32,False,0.0,0.0,0.0,20.74,17.88,21.99,39.78
6925,289,28.48,379.31,-21.09,9.14,False,0.0,0.0,0.0,19.99,18.14,21.86,39.71
6926,289,26.38,345.06,-20.78,9.07,False,0.0,0.0,0.0,20.18,17.77,20.76,39.38
6927,289,23.13,291.73,-20.82,9.21,False,0.0,0.0,0.0,20.91,16.8,21.94,39.49
6928,289,19.0,224.77,-20.64,9.29,False,0.0,0.0,0.0,20.48,17.84,21.17,39.36
6929,289,14.32,151.62,-20.75,9.98,False,0.0,0.0,0.0,20.63,16.74,22.11,39.82
6930,289,9.4,81.61,-21.02,9.44,False,0.0,0.0,0.0,20.3,17.25,22.83,39.81
6931,289,4.56,26.32,-21.29,9.08,False,0.0,0.0,0.0,20.56,16.67,10.81,39.87
6932,289,0.07,0.31,-21.69,9.06,False,0.0,0.0,0.0,19.68,17.01,11.67,40.25
6933,289,-3.78,0.0,-22.33,7.89,False,0.0,0.0,0.0,21.02,11.97,12.2,40.24
6934,289,-6.75,0.0,-22.43,8.16,False,0.0,0.0,0.0,21.41,11.53,11.65,40.48
6935,289,-8.63,0.0,-22.82,8.19,False,0.0,0.0,0.0,20.31,11.19,11.13,40.87
6936,290,-8.9,0.0,-23.48,8.84,False,0.0,0.0,0.0,20.44,12.81,11.51,41.86
6937,290,-8.26,0.0,-24.01,7.38,False,0.0,0.0,0.0,21.06,11.8,12.17,41.55
6938,290,-6.39,0.0,-24.34,6.54,False,0.0,0.0,0.0,21.51,11.48,11.68,41.39
6939,290,-3.43,0.0,-24.4,8.45,False,0.0,0.0,0.0,20.93,11.03,11.5,42.52
6940,290,0.42,1.88,-24.06,7.13,False,0.0,0.0,0.0,20.4,10.4,12.31,41.46
6941,290,4.9,29.56,-23.65,7.44,False,0.0,0.0,0.0,20.75,11.72,11.86,41.25
6942,290,9.75,86.15,-23.31,7.36,False,0.0,0.0,0.0,20.39,10.8,10.66,40.88
6943,290,14.67,156.83,-22.64,8.36,False,0.0,0.0,0.0,20.45,12.47,11.94,40.79
6944,290,19.35,230.34,-22.09,8.64,False,0.0,0.0,0.0,20.53,17.52,12.16,40.42
6945,290,23.48,297.49,-21.64,7.84,False,0.0,0.0,0.0,20.23,18.75,10.63,39.56
6946,290,26.74,350.93,-21.15,9.31,False,0.0,0.0,0.0,20.23,17.68,20.41,39.86
6947,290,28.84,385.22,-20.75,8.58,False,0.0,0.0,0.0,20.52,16.92,21.27,39.09
6948,290,29.56,397.03,-20.25,7.79,False,0.0,0.0,0.0,20.52,16.0,21.93,38.21
6949,290,28.84,385.22,-19.97,7.32,False,0.0,0.0,0.0,19.83,18.15,22.71,37.71
6950,290,26.74,350.93,-19.91,7.2,False,0.0,0.0,0.0,20.55,16.46,21.38,37.59
6951,290,23.48,297.49,-19.89,7.79,False,0.0,0.0,0.0,20.23,17.17,22.39,37.87
6952,290,19.35,230.34,-19.83,7.72,False,0.0,0.0,0.0,20.67,18.84,19.98,37.78
6953,290,14.67,156.83,-20.19,10.02,False,0.0,0.0,0.0,20.73,17.99,22.13,39.29
6954,290,9.75,86.15,-20.47,10.3,False,0.0,0.0,0.0,20.24,17.81,21.72,39.71
6955,290,4.9,29.56,-20.72,10.86,False,0.0,0.0,0.0,20.73,18.26,12.97,40.25
6956,290,0.42,1.88,-20.89,11.12,False,0.0,0.0,0.0,20.17,18.23,10.18,40.55
6957,290,-3.43,0.0,-21.06,10.53,False,0.0,0.0,0.0,21.06,13.16,11.49,40.42
6958,290,-6.39,0.0,-21.29,9.99,False,0.0,0.0,0.0,20.24,11.42,10.17,40.36
6959,290,-8.26,0.0,-21.56,8.73,False,0.0,0.0,0.0,20.73,11.6,11.12,39.95
6960,291,-8.54,0.0,-21.85,9.26,False,0.0,0.0,0.0,20.55,11.16,10.31,40.52
6961,291,-7.9,0.0,-22.05,9.91,False,0.0,0.0,0.0,20.24,11.87,13.11,41.06
6962,291,-6.04,0.0,-22.51,11.2,False,0.0,0.0,0.0,21.06,11.79,11.25,42.21
6963,291,-3.08,0.0,-22.5,11.7,False,0.0,0.0,0.0,20.45,10.5,11.35,42.47
6964,291,0.76,3.45,-22.41,10.64,False,0.0,0.0,0.0,20.01,11.38,11.47,41.8
6965,291,5.24,32.9,-22.07,10.44,False,0.0,0.0,0.0,19.5,13.05,10.71,41.36
6966,291,10.09,90.71,-22.0,9.95,False,0.0,0.0,0.0,20.29,12.1,12.24,41.03
6967,291,15.01,162.02,-21.77,8.64,False,0.0,0.0,0.0,21.16,12.47,11.95,40.11
6968,291,19.69,235.87,-21.54,7.02,False,0.0,0.0,0.0,21.09,17.4,12.14,39.03
6969,291,23.83,303.2,-21.15,6.54,False,0.0,0.0,0.0,20.25,15.99,10.65,38.4
6970,291,27.1,356.74,-20.64,7.06,False,0.0,0.0,0.0,20.33,17.4,22.79,38.21
6971,291,29.2,391.08,-20.11,6.29,False,0.0,0.0,0.0,20.23,18.33,22.71,37.31
6972,291,29.92,402.9,-19.72,6.43,False,0.0,0.0,0.0,19.83,16.55,21.84,37.02
6973,291,29.2,391.08,-19.29,7.59,False,0.0,0.0,0.0,19.94,18.1,22.63,37.2
6974,291,27.1,356.74,-18.83,9.07,False,0.0,0.0,0.0,20.65,16.14,22.19,37.5
6975,291,23.83,303.2,-18.67,8.68,False,0.0,0.0,0.0,20.44,17.52,20.88,37.15
6976,291,19.69,235.87,-18.79,8.78,False,0.0,0.0,0.0,20.36,17.94,21.87,37.31
6977,291,15.01,162.02,-19.3,8.4,False,0.0,0.0,0.0,19.78,17.25,21.66,37.61
6978,291,10.09,90.71,-19.57,7.88,False,0.0,0.0,0.0,20.39,19.48,22.06,37.6
6979,291,5.24,32.9,-19.9,6.23,False,0.0,0.0,0.0,19.47,17.11,12.21,37.09
6980,291,0.76,3.45,-20.34,6.97,False,0.0,0.0,0.0,20.78,17.04,10.35,37.87
6981,291,-3.08,0.0,-20.77,7.17,False,0.0,0.0,0.0,20.6,12.06,11.19,38.38
6982,291,-6.04,0.0,-21.06,6.71,False,0.0,0.0,0.0,19.99,11.3,10.92,38.42
6983,291,-7.9,0.0,-21.35,6.9,False,0.0,0.0,0.0,21.21,10.75,10.95,38.78
6984,292,-8.18,0.0,-21.9,7.18,False,0.0,0.0,0.0,19.91,11.02,10.92,39.45
6985,292,-7.55,0.0,-21.98,7.92,False,0.0,0.0,0.0,20.85,12.51,11.55,39.92
6986,292,-5.68,0.0,-22.14,5.62,False,0.0,0.0,0.0,20.88,11.66,11.87,38.84
6987,292,-2.73,0.0,-22.09,6.7,False,0.0,0.0,0.0,20.16,13.26,11.74,39.38
6988,292,1.11,5.0,-22.04,6.98,False,0.0,0.0,0.0,20.63,11.55,11.63,39.47
6989,292,5.58,36.33,-21.58,6.22,False,0.0,0.0,0.0,19.93,12.47,11.94,38.64
6990,292,10.42,95.29,-21.17,5.38,False,0.0,0.0,0.0,19.4,12.31,13.17,37.82
6991,292,15.34,167.2,-20.91,5.46,False,0.0,0.0,0.0,20.08,11.54,11.6,37.62
6992,292,20.04,241.37,-20.5,5.74,False,0.0,0.0,0.0,20.21,16.8,12.21,37.39
6993,292,24.18,308.87,-20.22,3.66,False,0.0,0.0,0.0,20.68,16.11,12.17,36.07
6994,292,27.45,362.49,-19.82,3.83,False,0.0,0.0,0.0,20.41,17.94,23.24,35.79
6995,292,29.55,396.87,-19.39,5.03,False,0.0,0.0,0.0,20.36,18.46,22.39,36.0
6996,292,30.28,408.71,-19.09,5.12,False,0.0,0.0,0.0,19.89,16.23,21.41,35.78
6997,292,29.55,396.87,-19.05,4.68,False,0.0,0.0,0.0,20.07,17.2,22.21,35.52
6998,292,27.45,362.49,-18.63,5.17,False,0.0,0.0,0.0,19.86,16.97,22.18,35.38
6999,292,24.18,308.87,-18.42,5.47,False,0.0,0.0,0.0,19.72,17.94,22.57,35.34
7000,292,20.04,241.37,-18.7,5.67,False,0.0,0.0,0.0,20.01,17.24,21.39,35.69
7001,292,15.34,167.2,-18.66,4.72,False,0.0,0.0,0.0,20.27,18.56,22.89,35.19
7002,292,10.42,95.29,-18.81,4.54,False,0.0,0.0,0.0,20.03,17.19,22.0,35.23
7003,292,5.58,36.33,-18.74,4.88,False,0.0,0.0,0.0,20.12,16.51,12.09,35.34
7004,292,1.11,5.0,-19.21,4.6,False,0.0,0.0,0.0,20.58,17.12,11.72,35.63
7005,292,-2.73,0.0,-19.49,4.46,False,0.0,0.0,0.0,20.14,11.61,11.59,35.81
7006,292,-5.68,0.0,-20.1,4.32,False,0.0,0.0,0.0,19.88,12.32,11.66,36.29
7007,292,-7.55,0.0,-20.32,6.05,False,0.0,0.0,0.0,20.66,11.6,11.97,37.38
7008,293,-7.83,0.0,-20.56,7.32,False,0.0,0.0,0.0,20.57,12.25,12.87,38.26
7009,293,-7.19,0.0,-20.82,7.91,False,0.0,0.0,0.0,20.63,11.27,10.09,38.82
7010,293,-5.33,0.0,-21.19,9.13,False,0.0,0.0,0.0,20.79,11.66,11.88,39.81
7011,293,-2.39,0.0,-21.46,11.26,False,0.0,0.0,0.0,20.76,11.27,11.53,41.2
7012,293,1.45,6.53,-21.48,11.88,False,0.0,0.0,0.0,20.59,11.22,11.38,41.55
7013,293,5.92,39.83,-21.4,11.08,False,0.0,0.0,0.0,21.52,12.92,9.85,41.04
7014,293,10.76,99.87,-21.18,10.46,False,0.0,0.0,0.0,20.03,11.33,11.91,40.49
7015,293,15.68,172.35,-20.89,9.29,False,0.0,0.0,0.0,20.27,11.62,11.41,39.6
7016,293,20.37,246.83,-20.56,8.82,False,0.0,0.0,0.0,20.85,18.34,10.92,39.04
7017,293,24.52,314.49,-19.98,9.34,False,0.0,0.0,0.0,20.45,18.1,11.53,38.75
7018,293,27.8,368.19,-19.49,8.79,False,0.0,0.0,0.0,20.64,18.81,21.8,38.0
7019,293,29.91,402.61,-19.38,9.02,False,0.0,0.0,0.0,20.39,17.89,20.78,38.0
7020,293,30.64,414.45,-18.96,9.23,False,0.0,0.0,0.0,20.83,17.02,22.06,37.7
7021,293,29.91,402.61,-19.04,9.65,False,0.0,0.0,0.0,19.88,19.15,22.41,37.99
7022,293,27.8,368.19,-18.94,9.17,False,0.0,0.0,0.0,20.81,17.97,21.62,37.66
7023,293,24.52,314.49,-18.87,7.24,False,0.0,0.0,0.0,20.73,17.38,22.18,36.63
7024,293,20.37,246.83,-19.04,7.08,False,0.0,0.0,0.0,19.8,17.55,22.08,36.71
7025,293,15.68,172.35,-19.31,7.13,False,0.0,0.0,0.0,20.57,17.64,22.73,36.99
7026,293,10.76,99.87,-19.86,7.96,False,0.0,0.0,0.0,20.37,17.31,21.93,37.92
7027,293,5.92,39.83,-20.22,8.91,False,0.0,0.0,0.0,20.18,16.4,12.06,38.75
7028,293,1.45,6.53,-20.79,8.61,False,0.0,0.0,0.0,19.74,18.8,11.28,39.15
7029,293,-2.39,0.0,-21.19,9.5,False,0.0,0.0,0.0,20.14,11.88,12.88,40.01
7030,293,-5.33,0.0,-21.58,9.46,False,0.0,0.0,0.0,20.87,12.05,11.19,40.36
7031,293,-7.19,0.0,-22.17,8.69,False,0.0,0.0,0.0,20.99,13.56,11.02,40.52
7032,294,-7.48,0.0,-22.68,8.29,False,0.0,0.0,0.0,20.64,11.35,11.43,40.79
7033,294,-6.84,0.0,-22.76,7.13,False,0.0,0.0,0.0,21.06,12.42,10.99,40.24
7034,294,-4.99,0.0,-22.9,6.74,False,0.0,0.0,0.0,21.13,11.27,10.63,40.15
7035,294,-2.05,0.0,-22.82,5.64,False,0.0,0.0,0.0,20.8,12.16,12.01,39.48
7036,294,1.78,8.05,-22.63,6.29,False,0.0,0.0,0.0,20.43,12.06,9.36,39.65
7037,294,6.25,43.41,-22.59,6.32,False,0.0,0.0,0.0,20.89,12.53,11.0,39.64
7038,294,11.09,104.47,-22.54,6.13,False,0.0,0.0,0.0,20.9,12.87,10.56,39.48
7039,294,16.01,177.48,-22.47,6.73,False,0.0,0.0,0.0,20.97,11.44,11.6,39.75
7040,294,20.71,252.24,-21.92,7.99,False,0.0,0.0,0.0,20.98,18.63,9.97,39.91
7041,294,24.86,320.05,-21.24,9.1,False,0.0,0.0,0.0,20.0,18.69,11.88,39.84
7042,294,28.14,373.83,-20.77,8.59,False,0.0,0.0,0.0,20.29,17.3,22.46,39.12
7043,294,30.26,408.28,-20.35,8.31,False,0.0,0.0,0.0,19.68,17.49,20.86,38.57
7044,294,30.99,420.14,-20.01,7.79,False,0.0,0.0,0.0,20.7,17.1,22.13,37.98
7045,294,30.26,408.28,-19.87,7.4,False,0.0,0.0,0.0,20.3,17.26,22.36,37.65
7046,294,28.14,373.83,-19.57,7.36,False,0.0,0.0,0.0,20.52,16.54,22.66,37.35
7047,294,24.86,320.05,-19.35,5.45,False,0.0,0.0,0.0,19.73,18.12,20.97,36.18
7048,294,20.71,252.24,-19.53,5.26,False,0.0,0.0,0.0,20.9,15.86,20.87,36.25
7049,294,16.01,177.48,-19.56,6.35,False,0.0,0.0,0.0,19.87,16.94,23.05,36.83
7050,294,11.09,104.47,-19.75,6.95,False,0.0,0.0,0.0,20.68,17.46,21.42,37.31
7051,294,6.25,43.41,-19.93,7.48,False,0.0,0.0,0.0,20.44,18.54,11.13,37.74
7052,294,1.78,8.05,-20.4,7.71,False,0.0,0.0,0.0,20.37,17.06,11.94,38.31
7053,294,-2.05,0.0,-20.82,9.27,False,0.0,0.0,0.0,20.39,12.24,10.68,39.52
7054,294,-4.99,0.0,-21.43,9.88,False,0.0,0.0,0.0,20.32,11.84,11.31,40.44
7055,294,-6.84,0.0,-21.76,9.25,False,0.0,0.0,0.0,21.13,12.66,12.12,40.42
7056,295,-7.13,0.0,-21.83,10.54,False,0.0,0.0,0.0,20.62,12.2,10.51,41.17
7057,295,-6.5,0.0,-21.72,10.23,False,0.0,0.0,0.0,20.1,12.56,11.15,40.9
7058,295,-4.65,0.0,-21.63,9.12,False,0.0,0.0,0.0,20.44,11.46,10.71,40.22
7059,295,-1.71,0.0,-21.66,8.24,False,0.0,0.0,0.0,20.65,11.09,10.96,39.79
7060,295,2.11,9.56,-21.32,8.26,False,0.0,0.0,0.0,20.92,12.19,12.33,39.48
7061,295,6.58,47.05,-21.15,9.4,False,0.0,0.0,0.0,20.3,11.51,12.48,39.91
7062,295,11.42,109.07,-20.75,7.27,False,0.0,0.0,0.0,20.27,11.92,11.68,38.42
7063,295,16.34,182.59,-20.48,6.41,False,0.0,0.0,0.0,20.47,12.15,11.87,37.71
7064,295,21.04,257.61,-19.9,7.74,False,0.0,0.0,0.0,20.74,18.49,11.85,37.86
7065,295,25.19,325.56,-19.59,9.07,False,0.0,0.0,0.0,19.8,18.13,11.03,38.23
7066,295,28.48,379.41,-19.25,8.36,False,0.0,0.0,0.0,20.51,16.96,22.17,37.55
7067,295,30.6,413.89,-18.77,7.12,False,0.0,0.0,0.0,20.07,16.58,21.09,36.48
7068,295,31.33,425.75,-18.55,7.94,False,0.0,0.0,0.0,20.1,18.87,21.33,36.67
7069,295,30.6,413.89,-18.4,8.42,False,0.0,0.0,0.0,21.01,16.23,21.94,36.76
7070,295,28.48,379.41,-18.49,8.4,False,0.0,0.0,0.0,20.14,17.14,21.26,36.84
7071,295,25.19,325.56,-18.54,6.72,False,0.0,0.0,0.0,20.53,18.02,21.11,36.06
7072,295,21.04,257.61,-18.52,6.2,False,0.0,0.0,0.0,20.51,18.81,21.5,35.78
7073,295,16.34,182.59,-18.72,5.91,False,0.0,0.0,0.0,19.77,17.35,22.8,35.83
7074,295,11.42,109.07,-18.57,5.29,False,0.0,0.0,0.0,19.49,17.52,23.09,35.39
7075,295,6.58,47.05,-19.0,4.89,False,0.0,0.0,0.0,20.61,16.8,11.48,35.58
7076,295,2.11,9.56,-19.21,3.27,False,0.0,0.0,0.0,19.87,17.6,11.91,34.97
7077,295,-1.71,0.0,-19.73,4.43,False,0.0,0.0,0.0,19.7,10.98,11.11,36.02
7078,295,-4.65,0.0,-20.38,4.76,False,0.0,0.0,0.0,20.86,11.3,10.05,36.77
7079,295,-6.5,0.0,-20.6,6.22,False,0.0,0.0,0.0,20.06,12.51,10.87,37.72
7080,296,-6.79,0.0,-20.97,6.35,False,0.0,0.0,0.0,20.21,11.55,11.28,38.14
7081,296,-6.16,0.0,-21.21,7.33,False,0.0,0.0,0.0,21.34,12.63,11.6,38.88
7082,296,-4.31,0.0,-21.52,7.67,False,0.0,0.0,0.0,19.92,11.78,11.43,39.35
7083,296,-1.37,0.0,-21.61,6.77,False,0.0,0.0,0.0,20.09,10.8,11.3,38.96
7084,296,2.44,11.05,-21.46,7.46,False,0.0,0.0,0.0,20.39,12.83,11.1,39.18
7085,296,6.91,50.74,-21.24,6.58,False,0.0,0.0,0.0,20.45,10.85,11.74,38.51
7086,296,11.74,113.66,-21.0,7.3,False,0.0,0.0,0.0,20.16,11.42,10.55,38.66
7087,296,16.66,187.65,-20.78,7.48,False,0.0,0.0,0.0,20.03,11.74,12.06,38.56
7088,296,21.37,262.93,-20.22,8.23,False,0.0,0.0,0.0,21.03,18.3,11.09,38.41
7089,296,25.53,331.01,-20.17,8.57,False,0.0,0.0,0.0,20.53,17.08,12.95,38.54
7090,296,28.82,384.92,-19.68,9.33,False,0.0,0.0,0.0,20.6,16.76,21.78,38.45
7091,296,30.94,419.43,-19.42,9.44,False,0.0,0.0,0.0,20.28,17.63,21.66,38.25
7092,296,31.68,431.3,-19.19,10.67,False,0.0,0.0,0.0,20.42,17.33,21.61,38.64
7093,296,30.94,419.43,-19.13,10.83,False,0.0,0.0,0.0,20.67,17.13,21.67,38.66
7094,296,28.82,384.92,-19.09,9.67,False,0.0,0.0,0.0,19.89,17.67,22.43,38.04
7095,296,25.53,331.01,-18.97,9.46,False,0.0,0.0,0.0,20.38,16.54,21.97,37.82
7096,296,21.37,262.93,-19.34,8.7,False,0.0,0.0,0.0,20.6,16.12,22.69,37.8
7097,296,16.66,187.65,-19.42,8.9,False,0.0,0.0,0.0,20.95,19.21,22.33,37.98
7098,296,11.74,113.66,-19.68,7.23,False,0.0,0.0,0.0,21.14,17.58,22.02,37.39
7099,296,6.91,50.74,-19.82,7.14,False,0.0,0.0,0.0,20.41,17.64,11.76,37.47
7100,296,2.44,11.05,-20.35,7.66,False,0.0,0.0,0.0,20.9,16.87,12.34,38.24
7101,296,-1.37,0.0,-20.73,7.42,False,0.0,0.0,0.0,19.42,12.62,11.96,38.48
7102,296,-4.31,0.0,-20.96,6.47,False,0.0,0.0,0.0,21.14,11.47,11.7,38.19
7103,296,-6.16,0.0,-21.32,6.19,False,0.0,0.0,0.0,20.27,9.67,11.8,38.38
7104,297,-6.45,0.0,-21.48,6.44,False,0.0,0.0,0.0,20.48,11.45,10.69,38.66
7105,297,-5.82,0.0,-21.78,5.61,False,0.0,0.0,0.0,20.79,11.67,13.3,38.5
7106,297,-3.97,0.0,-21.71,6.15,False,0.0,0.0,0.0,20.54,11.76,11.87,38.72
7107,297,-1.04,0.0,-21.61,5.84,False,0.0,0.0,0.0,20.67,11.74,11.94,38.46
7108,297,2.77,12.52,-21.85,5.97,False,0.0,0.0,0.0,21.26,11.38,11.48,38.76
7109,297,7.23,54.48,-21.64,6.2,False,0.0,0.0,0.0,20.44,11.31,9.89,38.68
7110,297,12.06,118.24,-21.5,5.66,False,0.0,0.0,0.0,20.15,11.66,11.31,38.27
7111,297,16.98,192.69,-21.0,6.24,False,0.0,0.0,0.0,21.24,10.58,11.55,38.11
7112,297,21.69,268.2,-20.61,6.72,False,0.0,0.0,0.0,20.68,15.93,10.92,38.0
7113,297,25.86,336.41,-20.29,8.3,False,0.0,0.0,0.0,21.2,17.58,10.92,38.51
7114,297,29.15,390.37,-19.72,8.46,False,0.0,0.0,0.0,20.71,17.59,21.76,38.05
7115,297,31.28,424.91,-19.58,8.07,False,0.0,0.0,0.0,19.82,18.2,22.54,37.72
7116,297,32.02,436.78,-19.24,8.71,False,0.0,0.0,0.0,20.57,17.3,22.88,37.72
7117,297,31.28,424.91,-18.94,8.93,False,0.0,0.0,0.0,19.88,16.55,22.12,37.53
7118,297,29.15,390.37,-18.56,8.81,False,0.0,0.0,0.0,20.23,15.95,21.6,37.11
7119,297,25.86,336.41,-18.55,7.62,False,0.0,0.0,0.0,20.2,16.79,21.75,36.51
7120,297,21.69,268.2,-18.64,7.66,False,0.0,0.0,0.0,19.59,17.84,22.07,36.62
7121,297,16.98,192.69,-18.85,7.83,False,0.0,0.0,0.0,19.94,18.65,22.15,36.9
7122,297,12.06,118.24,-18.89,7.85,False,0.0,0.0,0.0,21.15,17.54,22.3,36.95
7123,297,7.23,54.48,-19.62,7.04,False,0.0,0.0,0.0,20.45,16.53,11.19,37.23
7124,297,2.77,12.52,-19.88,5.8,False,0.0,0.0,0.0,20.32,16.8,11.87,36.84
7125,297,-1.04,0.0,-20.04,6.63,False,0.0,0.0,0.0,21.13,11.22,11.82,37.42
7126,297,-3.97,0.0,-20.58,6.82,False,0.0,0.0,0.0,20.31,11.58,11.22,38.02
7127,297,-5.82,0.0,-20.64,6.11,False,0.0,0.0,0.0,20.44,12.8,10.3,37.7
7128,298,-6.11,0.0,-20.92,5.06,False,0.0,0.0,0.0,20.91,12.86,10.88,37.43
7129,298,-5.48,0.0,-20.97,5.06,False,0.0,0.0,0.0,20.36,11.76,12.6,37.47
7130,298,-3.64,0.0,-21.42,5.91,False,0.0,0.0,0.0,20.27,12.05,10.31,38.33
7131,298,-0.72,0.0,-21.46,5.29,False,0.0,0.0,0.0,19.67,11.26,12.42,38.03
7132,298,3.09,14.23,-21.37,4.65,False,0.0,0.0,0.0,20.19,10.53,10.29,37.61
7133,298,7.55,58.25,-21.25,4.49,False,0.0,0.0,0.0,20.17,13.33,10.96,37.43
7134,298,12.38,122.81,-20.87,4.75,False,0.0,0.0,0.0,20.57,10.04,11.24,37.22
7135,298,17.3,197.68,-20.84,5.33,False,0.0,0.0,0.0,20.26,10.43,12.75,37.49
7136,298,22.01,273.42,-20.35,4.47,False,0.0,0.0,0.0,21.31,18.94,11.52,36.59
7137,298,26.18,341.74,-19.9,4.79,False,0.0,0.0,0.0,19.96,17.51,11.35,36.35
7138,298,29.48,395.75,-19.81,5.1,False,0.0,0.0,0.0,20.94,16.6,21.35,36.42
7139,298,31.62,430.31,-19.25,5.34,False,0.0,0.0,0.0,20.4,18.05,22.37,36.04
7140,298,32.36,442.19,-18.92,5.13,False,0.0,0.0,0.0,20.59,18.12,21.64,35.63
7141,298,31.62,430.31,-18.71,4.06,False,0.0,0.0,0.0,20.54,16.43,21.84,34.91
7142,298,29.48,395.75,-18.59,5.07,False,0.0,0.0,0.0,19.34,17.07,21.75,35.3
7143,298,26.18,341.74,-18.65,4.91,False,0.0,0.0,0.0,20.23,18.2,22.5,35.27
7144,298,22.01,273.42,-18.48,6.24,False,0.0,0.0,0.0,20.11,16.85,22.53,35.77
7145,298,17.3,197.68,-18.56,6.01,False,0.0,0.0,0.0,19.77,17.73,21.38,35.73
7146,298,12.38,122.81,-19.0,5.95,False,0.0,0.0,0.0,20.46,18.64,21.56,36.11
7147,298,7.55,58.25,-19.41,6.43,False,0.0,0.0,0.0,21.02,15.59,10.99,36.73
7148,298,3.09,14.23,-19.91,6.63,False,0.0,0.0,0.0,19.32,17.23,11.63,37.3
7149,298,-0.72,0.0,-20.07,6.38,False,0.0,0.0,0.0,20.19,12.11,12.13,37.32
7150,298,-3.64,0.0,-20.44,5.56,True,3.0,0.6,0.75,19.95,10.47,11.64,37.24
7151,298,-5.48,0.0,-21.68,8.37,True,3.0,0.6,0.75,20.63,11.48,9.97,39.88
7152,299,-5.78,0.0,-22.93,10.62,True,3.0,0.6,0.75,20.62,12.74,12.03,42.3
7153,299,-5.15,0.0,-24.09,14.41,True,3.0,0.6,0.75,20.65,11.34,10.56,45.58
7154,299,-3.31,0.0,-25.22,16.29,True,3.0,0.6,0.75,21.3,10.71,11.0,47.82
7155,299,-0.39,0.0,-26.07,19.36,True,3.0,0.6,0.75,21.78,12.8,11.64,50.53
7156,299,3.41,2.66,-26.69,21.89,True,3.0,0.6,0.75,22.27,12.26,11.44,52.72
7157,299,7.86,9.93,-27.09,24.21,True,3.0,0.6,0.75,20.96,11.84,12.11,54.57
7158,299,12.69,20.38,-27.67,26.07,True,3.0,0.6,0.75,20.59,11.82,11.07,56.37
7159,299,17.61,32.42,-27.52,26.86,True,3.0,0.6,0.75,21.53,12.72,10.82,56.66
7160,299,22.33,44.57,-27.88,27.7,True,3.0,0.6,0.75,21.99,17.74,11.28,57.61
7161,299,26.5,55.52,-28.05,28.32,True,3.0,0.6,0.75,21.69,18.02,12.18,58.19
7162,299,29.81,64.17,-27.98,29.37,True,3.0,0.6,0.75,22.0,16.95,11.94,58.75
7163,299,31.95,69.7,-27.96,30.8,True,3.0,0.6,0.75,21.26,15.97,11.56,59.59
7164,299,32.69,71.6,-27.99,32.54,True,3.0,0.6,0.75,21.12,18.0,12.43,60.71
7165,299,31.95,69.7,-27.91,33.05,True,3.0,0.6,0.75,21.4,18.38,12.3,60.91
7166,299,29.81,64.17,-27.65,33.27,True,3.0,0.6,0.75,21.19,17.32,12.05,60.71
7167,299,26.5,55.52,-27.73,33.16,True,3.0,0.6,0.75,21.59,18.21,10.68,60.75
7168,299,22.33,44.57,-27.52,31.84,True,3.0,0.6,0.75,21.69,17.23,12.05,59.68
7169,299,17.61,32.42,-27.78,31.23,True,3.0,0.6,0.75,21.75,17.43,11.36,59.65
7170,299,12.69,20.38,-27.59,31.44,True,3.0,0.6,0.75,21.51,18.9,11.22,59.53
7171,299,7.86,9.93,-27.47,29.86,True,3.0,0.6,0.75,21.39,17.27,11.02,58.42
7172,299,3.41,2.66,-27.68,28.6,True,3.0,0.6,0.75,21.64,17.22,11.38,57.92
7173,299,-0.39,0.0,-27.48,27.5,True,3.0,0.6,0.75,20.51,10.4,11.06,57.01
7174,299,-3.31,0.0,-27.04,27.62,True,3.0,0.6,0.75,21.33,12.45,11.62,56.55
7175,299,-5.15,0.0,-26.87,25.64,True,3.0,0.6,0.75,21.25,11.33,11.38,55.16
7176,300,-5.45,0.0,-26.25,21.73,True,3.0,0.6,0.75,21.24,12.02,11.65,52.13
7177,300,-4.82,0.0,-25.52,21.57,True,3.0,0.6,0.75,21.03,11.65,11.89,51.22
7178,300,-2.99,0.0,-24.76,20.87,True,3.0,0.6,0.75,21.14,11.54,11.29,49.96
7179,300,-0.07,0.0,-23.91,18.07,True,3.0,0.6,0.75,20.64,11.81,10.98,47.44
7180,300,3.73,3.06,-22.96,16.05,True,3.0,0.6,0.75,21.21,11.87,10.1,45.3
7181,300,8.17,10.54,-21.73,13.52,True,3.0,0.6,0.75,20.8,12.84,12.04,42.67
7182,300,13.0,21.1,-20.56,11.77,True,3.0,0.6,0.75,20.53,13.12,11.56,40.56
7183,300,17.92,33.21,-19.18,7.85,True,3.0,0.6,0.75,20.02,12.42,11.38,37.23
7184,300,22.64,283.69,-18.79,7.86,False,0.0,0.6,0.75,20.58,18.52,12.32,36.86
7185,300,26.82,352.2,-18.51,8.77,False,0.0,0.6,0.75,20.3,18.18,10.6,37.04
7186,300,30.13,406.31,-18.19,6.94,False,0.0,0.6,0.75,19.88,17.9,22.04,35.84
7187,300,32.27,440.9,-18.13,8.28,False,0.0,0.6,0.75,20.15,18.66,21.33,36.44
7188,300,33.02,452.78,-17.8,7.88,False,0.0,0.6,0.75,20.39,16.45,22.46,35.93
7189,300,32.27,440.9,-17.46,8.4,False,0.0,0.6,0.75,20.32,16.95,20.44,35.86
7190,300,30.13,406.31,-17.11,7.95,False,0.0,0.6,0.75,20.25,16.84,22.56,35.3
7191,300,26.82,352.2,-17.17,7.16,False,0.0,0.6,0.75,20.1,17.26,22.53,34.98
7192,300,22.64,283.69,-17.14,7.42,False,0.0,0.6,0.75,20.47,18.05,21.35,35.09
7193,300,17.92,207.55,-17.17,6.96,False,0.0,0.6,0.75,20.56,16.61,22.05,34.89
7194,300,13.0,131.9,-17.48,7.43,False,0.0,0.6,0.75,20.39,17.9,21.37,35.41
7195,300,8.17,65.87,-18.05,7.24,False,0.0,0.6,0.75,19.93,17.03,11.8,35.86
7196,300,3.73,19.12,-18.34,7.01,False,0.0,0.6,0.75,19.78,17.22,12.07,36.02
7197,300,-0.07,0.0,-18.67,7.95,False,0.0,0.6,0.75,20.02,12.06,10.8,36.79
7198,300,-2.99,0.0,-18.9,8.47,False,0.0,0.6,0.75,21.05,13.24,10.59,37.27
7199,300,-4.82,0.0,-19.35,7.32,False,0.0,0.6,0.75,20.44,11.33,12.27,37.12
7200,301,-5.12,0.0,-19.44,7.23,False,0.0,0.6,0.75,21.18,11.84,12.86,37.16
7201,301,-4.5,0.0,-19.87,7.73,False,0.0,0.6,0.75,20.34,11.04,11.85,37.82
7202,301,-2.67,0.0,-20.1,7.67,False,0.0,0.6,0.75,20.31,11.32,11.9,38.0
7203,301,0.24,1.1,-20.02,6.78,False,0.0,0.6,0.75,20.37,11.03,11.27,37.48
7204,301,4.04,21.72,-20.29,7.91,False,0.0,0.6,0.75,20.4,12.1,11.63,38.31
7205,301,8.48,69.71,-19.92,8.83,False,0.0,0.6,0.75,20.08,12.24,11.75,38.42
7206,301,13.31,136.41,-19.56,8.22,False,0.0,0.6,0.75,19.89,12.45,11.37,37.77
7207,301,18.23,212.41,-19.2,9.81,False,0.0,0.6,0.75,20.5,11.3,12.44,38.23
7208,301,22.95,288.73,-18.73,10.21,False,0.0,0.6,0.75,20.67,17.91,11.62,37.96
7209,301,27.13,357.33,-18.35,10.11,False,0.0,0.6,0.75,21.18,17.59,11.71,37.55
7210,301,30.45,411.48,-17.96,8.59,False,0.0,0.6,0.75,19.98,17.45,21.89,36.42
7211,301,32.6,446.08,-17.56,8.35,False,0.0,0.6,0.75,19.97,16.51,21.96,35.93
7212,301,33.34,457.97,-17.28,9.71,False,0.0,0.6,0.75,19.76,17.62,22.85,36.3
7213,301,32.6,446.08,-17.22,6.94,False,0.0,0.6,0.75,20.52,17.65,22.1,34.93
7214,301,30.45,411.48,-16.91,6.19,False,0.0,0.6,0.75,20.35,17.58,22.12,34.29
7215,301,27.13,357.33,-16.87,6.46,False,0.0,0.6,0.75,19.67,17.82,22.13,34.37
7216,301,22.95,288.73,-16.81,7.05,False,0.0,0.6,0.75,19.66,18.06,21.74,34.6
7217,301,18.23,212.41,-17.22,6.16,False,0.0,0.6,0.75,20.45,16.62,21.01,34.56
7218,301,13.31,136.41,-17.14,4.93,False,0.0,0.6,0.75,20.21,17.33,23.1,33.9
7219,301,8.48,69.71,-17.48,5.67,False,0.0,0.6,0.75,20.4,17.91,12.25,34.57
7220,301,4.04,21.72,-17.81,6.6,False,0.0,0.0,0.75,19.78,17.29,12.37,35.32
7221,301,0.24,1.1,-18.38,6.91,False,0.0,0.0,0.75,19.45,12.67,10.75,36.0
7222,301,-2.67,0.0,-18.77,6.53,False,0.0,0.0,0.75,19.9,11.97,12.51,36.18
7223,301,-4.5,0.0,-18.85,6.97,False,0.0,0.0,0.75,20.54,10.34,12.88,36.47
7224,302,-4.8,0.0,-19.22,7.48,False,0.0,0.0,0.75,21.15,12.57,12.23,37.07
7225,302,-4.18,0.0,-19.57,8.45,False,0.0,0.0,0.75,20.18,11.81,12.65,37.9
7226,302,-2.35,0.0,-19.94,8.42,False,0.0,0.0,0.75,21.3,10.48,12.06,38.24
7227,302,0.55,2.51,-19.76,7.94,False,0.0,0.0,0.75,20.7,11.7,10.91,37.82
7228,302,4.34,24.4,-19.9,7.97,False,0.0,0.0,0.75,19.83,10.89,11.86,37.97
7229,302,8.78,73.55,-20.01,8.15,False,0.0,0.0,0.75,20.49,12.5,10.79,38.17
7230,302,13.61,140.88,-19.72,8.53,False,0.0,0.0,0.75,20.71,11.87,11.08,38.08
7231,302,18.53,217.22,-19.47,7.19,False,0.0,0.0,0.75,19.37,11.16,11.72,37.17
7232,302,23.25,293.72,-19.21,7.3,False,0.0,0.0,0.0,20.56,18.15,11.63,36.98
7233,302,27.44,362.4,-18.78,8.29,False,0.0,0.0,0.0,20.72,17.87,11.82,37.06
7234,302,30.77,416.57,-18.52,8.48,False,0.0,0.0,0.0,20.38,17.31,20.75,36.91
7235,302,32.92,451.18,-17.96,9.15,False,0.0,0.0,0.0,20.13,16.5,21.89,36.7
7236,302,33.66,463.08,-17.71,9.43,False,0.0,0.0,0.0,20.06,16.83,22.38,36.58
7237,302,32.92,451.18,-17.25,10.01,False,0.0,0.0,0.0,19.98,16.81,22.52,36.42
7238,302,30.77,416.57,-16.69,10.65,False,0.0,0.0,0.0,19.53,18.1,22.57,36.17
7239,302,27.44,362.4,-16.76,9.77,False,0.0,0.0,0.0,19.74,16.16,22.18,35.83
7240,302,23.25,293.72,-16.48,9.38,False,0.0,0.0,0.0,19.81,17.46,21.73,35.37
7241,302,18.53,217.22,-16.66,9.51,False,0.0,0.0,0.0,20.04,17.3,22.35,35.6
7242,302,13.61,140.88,-16.96,9.55,False,0.0,0.0,0.0,19.81,18.33,21.79,35.92
7243,302,8.78,73.55,-17.04,10.07,False,0.0,0.0,0.0,19.7,17.69,12.13,36.24
7244,302,4.34,24.4,-17.26,8.02,False,0.0,0.0,0.0,20.38,17.93,11.8,35.48
7245,302,0.55,2.51,-17.59,8.61,False,0.0,0.0,0.0,20.26,11.48,11.46,36.08
7246,302,-2.35,0.0,-17.81,8.39,False,0.0,0.0,0.0,19.92,10.92,10.96,36.18
7247,302,-4.18,0.0,-18.19,7.52,False,0.0,0.0,0.0,20.39,11.64,12.28,36.12
7248,303,-4.49,0.0,-18.64,6.42,False,0.0,0.0,0.0,20.06,12.52,11.89,36.0
7249,303,-3.86,0.0,-18.65,4.73,False,0.0,0.0,0.0,20.26,12.52,12.97,35.19
7250,303,-2.04,0.0,-18.97,4.52,False,0.0,0.0,0.0,20.67,11.56,11.87,35.37
7251,303,0.86,3.9,-19.01,4.53,False,0.0,0.0,0.0,20.04,11.21,11.93,35.41
7252,303,4.65,27.17,-19.12,4.9,False,0.0,0.0,0.0,19.83,11.05,10.47,35.7
7253,303,9.08,77.4,-19.08,4.21,False,0.0,0.0,0.0,20.23,11.79,11.72,35.32
7254,303,13.9,145.33,-18.95,4.5,False,0.0,0.0,0.0,19.73,12.01,11.28,35.34
7255,303,18.83,221.98,-18.5,4.59,False,0.0,0.0,0.0,20.11,13.08,12.08,34.97
7256,303,23.55,298.63,-18.18,6.74,False,0.0,0.0,0.0,20.07,17.6,11.73,35.73
7257,303,27.75,367.39,-17.52,6.23,False,0.0,0.0,0.0,19.12,17.99,12.19,34.87
7258,303,31.08,421.59,-17.08,6.19,False,0.0,0.0,0.0,20.26,16.88,23.49,34.45
7259,303,33.23,456.21,-16.9,7.58,False,0.0,0.0,0.0,19.96,17.53,21.44,34.94
7260,303,33.98,468.1,-16.54,8.12,False,0.0,0.0,0.0,20.46,17.61,22.66,34.84
7261,303,33.23,456.21,-16.2,9.06,False,0.0,0.0,0.0,20.03,17.39,22.48,34.95
7262,303,31.08,421.59,-15.88,8.15,False,0.0,0.0,0.0,20.2,17.48,23.39,34.23
7263,303,27.75,367.39,-15.99,9.61,False,0.0,0.0,0.0,20.39,17.6,22.49,35.0
7264,303,23.55,298.63,-15.8,9.4,False,0.0,0.0,0.0,19.84,17.88,22.42,34.72
7265,303,18.83,221.98,-15.71,10.41,False,0.0,0.0,0.0,19.88,18.44,22.6,35.09
7266,303,13.9,145.33,-15.94,10.83,False,0.0,0.0,0.0,19.28,15.69,22.64,35.51
7267,303,9.08,77.4,-15.89,10.6,False,0.0,0.0,0.0,20.4,18.39,12.52,35.35
7268,303,4.65,27.17,-16.19,10.65,False,0.0,0.0,0.0,19.88,16.13,10.93,35.68
7269,303,0.86,3.9,-16.49,9.73,False,0.0,0.0,0.0,19.58,12.15,11.23,35.54
7270,303,-2.04,0.0,-16.66,9.4,False,0.0,0.0,0.0,20.3,13.78,12.71,35.56
7271,303,-3.86,0.0,-17.04,7.22,False,0.0,0.0,0.0,19.17,11.87,10.13,34.89
7272,304,-4.18,0.0,-17.44,7.84,False,0.0,0.0,0.0,19.92,12.04,11.44,35.57
7273,304,-3.55,0.0,-18.08,7.75,False,0.0,0.0,0.0,20.53,11.65,11.6,36.13
7274,304,-1.73,0.0,-18.49,7.27,False,0.0,0.0,0.0,20.04,12.43,11.38,36.29
7275,304,1.17,5.27,-18.59,7.51,False,0.0,0.0,0.0,19.94,12.19,12.61,36.5
7276,304,4.95,29.99,-18.71,8.37,False,0.0,0.0,0.0,20.08,11.36,11.83,37.03
7277,304,9.38,81.25,-18.47,7.82,False,0.0,0.0,0.0,19.41,11.81,11.23,36.53
7278,304,14.2,149.73,-18.54,6.96,False,0.0,0.0,0.0,20.51,11.01,11.06,36.18
7279,304,19.12,226.68,-18.53,7.33,False,0.0,0.0,0.0,20.17,11.8,11.7,36.35
7280,304,23.85,303.49,-18.27,6.96,False,0.0,0.0,0.0,20.08,17.16,12.32,35.93
7281,304,28.05,372.3,-17.99,7.72,False,0.0,0.0,0.0,20.05,17.61,11.6,36.03
7282,304,31.38,426.53,-17.62,7.23,False,0.0,0.0,0.0,20.12,16.93,21.91,35.44
7283,304,33.54,461.15,-17.3,8.17,False,0.0,0.0,0.0,20.34,17.33,21.51,35.59
7284,304,34.29,473.05,-16.97,7.06,False,0.0,0.0,0.0,20.02,17.51,22.26,34.75
7285,304,33.54,461.15,-16.86,6.81,False,0.0,0.0,0.0,19.48,17.56,22.22,34.54
7286,304,31.38,426.53,-16.67,7.17,False,0.0,0.0,0.0,20.23,17.72,21.49,34.53
7287,304,28.05,372.3,-16.58,5.69,False,0.0,0.0,0.0,20.19,17.36,22.72,33.74
7288,304,23.85,303.49,-16.86,6.8,False,0.0,0.0,0.0,20.11,16.87,23.19,34.53
7289,304,19.12,226.68,-16.7,5.83,False,0.0,0.0,0.0,20.43,17.57,22.03,33.92
7290,304,14.2,149.73,-16.79,7.09,False,0.0,0.0,0.0,20.03,17.36,22.21,34.6
7291,304,9.38,81.25,-17.31,7.03,False,0.0,0.0,0.0,20.52,18.32,10.73,35.06
7292,304,4.95,29.99,-17.74,8.87,False,0.0,0.0,0.0,20.69,18.42,12.02,36.35
7293,304,1.17,5.27,-18.33,9.26,False,0.0,0.0,0.0,20.43,10.8,11.82,37.1
7294,304,-1.73,0.0,-18.71,7.77,False,0.0,0.0,0.0,19.95,12.39,11.27,36.74
7295,304,-3.55,0.0,-18.92,7.96,False,0.0,0.0,0.0,20.22,12.55,10.98,37.03
7296,305,-3.87,0.0,-19.42,8.23,False,0.0,0.0,0.0,20.83,10.82,12.79,37.65
7297,305,-3.25,0.0,-19.77,8.81,False,0.0,0.0,0.0,19.77,12.36,11.77,38.27
7298,305,-1.43,0.0,-19.82,6.92,False,0.0,0.0,0.0,20.22,12.62,10.86,37.36
7299,305,1.46,6.62,-19.87,6.97,False,0.0,0.0,0.0,20.25,11.14,12.1,37.44
7300,305,5.24,32.87,-19.83,7.78,False,0.0,0.0,0.0,20.03,11.71,11.66,37.8
7301,305,9.67,85.09,-19.84,9.98,False,0.0,0.0,0.0,20.73,12.05,11.54,38.94
7302,305,14.49,154.1,-19.79,10.33,False,0.0,0.0,0.0,20.53,12.36,12.18,39.06
7303,305,19.41,231.33,-19.54,11.22,False,0.0,0.0,0.0,20.06,11.11,9.67,39.26
7304,305,24.14,308.27,-19.06,12.25,False,0.0,0.0,0.0,20.53,18.43,10.24,39.3
7305,305,28.34,377.15,-18.83,13.01,False,0.0,0.0,0.0,20.2,15.88,12.47,39.45
7306,305,31.68,431.39,-18.52,12.57,False,0.0,0.0,0.0,19.87,18.56,21.91,38.91
7307,305,33.85,466.02,-18.19,11.89,False,0.0,0.0,0.0,19.9,17.94,21.7,38.25
7308,305,34.6,477.92,-17.78,11.06,False,0.0,0.0,0.0,20.31,17.0,21.06,37.45
7309,305,33.85,466.02,-17.07,10.78,False,0.0,0.0,0.0,20.42,18.19,22.14,36.61
7310,305,31.68,431.39,-16.8,10.11,False,0.0,0.0,0.0,19.82,16.66,22.22,36.02
7311,305,28.34,377.15,-16.82,8.41,False,0.0,0.0,0.0,20.24,17.59,23.01,35.24
7312,305,24.14,308.27,-16.8,9.04,False,0.0,0.0,0.0,20.65,17.69,22.26,35.52
7313,305,19.41,231.33,-16.62,8.7,False,0.0,0.0,0.0,19.49,17.69,21.79,35.19
7314,305,14.49,154.1,-16.72,7.86,False,0.0,0.0,0.0,20.15,16.83,22.28,34.9
7315,305,9.67,85.09,-16.67,6.38,False,0.0,0.0,0.0,20.33,17.1,12.28,34.15
7316,305,5.24,32.87,-16.75,6.43,False,0.0,0.0,0.0,19.97,17.6,12.12,34.25
7317,305,1.46,6.62,-17.02,6.97,False,0.0,0.0,0.0,20.54,11.32,11.94,34.75
7318,305,-1.43,0.0,-17.48,6.6,False,0.0,0.0,0.0,20.98,12.12,11.69,35.02
7319,305,-3.25,0.0,-17.76,5.64,False,0.0,0.0,0.0,20.27,11.41,11.09,34.82
7320,306,-3.57,0.0,-18.2,7.24,False,0.0,0.0,0.0,20.09,12.7,10.78,35.99
7321,306,-2.95,0.0,-18.37,7.87,False,0.0,0.0,0.0,20.6,13.15,10.67,36.47
7322,306,-1.13,0.0,-18.41,6.58,False,0.0,0.0,0.0,20.55,11.66,11.78,35.87
7323,306,1.76,7.95,-18.57,7.28,False,0.0,0.0,0.0,19.22,12.64,11.85,36.37
7324,306,5.53,35.8,-18.12,7.92,False,0.0,0.0,0.0,20.17,11.73,12.27,36.26
7325,306,9.95,88.91,-17.98,7.52,False,0.0,0.0,0.0,20.0,11.15,11.89,35.92
7326,306,14.77,158.42,-17.99,6.17,False,0.0,0.0,0.0,20.32,11.56,12.24,35.28
7327,306,19.7,235.92,-17.6,5.89,False,0.0,0.0,0.0,20.03,11.97,11.41,34.79
7328,306,24.43,312.98,-17.23,6.94,False,0.0,0.0,0.0,20.03,16.07,12.04,34.95
7329,306,28.64,381.91,-16.88,6.97,False,0.0,0.0,0.0,19.68,18.0,10.8,34.62
7330,306,31.98,436.17,-16.54,6.41,False,0.0,0.0,0.0,20.28,17.57,21.96,34.04
7331,306,34.15,470.8,-16.29,6.86,False,0.0,0.0,0.0,20.62,18.3,20.72,34.02
7332,306,34.9,482.7,-15.59,8.54,False,0.0,0.0,0.0,19.53,17.99,22.02,34.13
7333,306,34.15,470.8,-15.32,7.93,False,0.0,0.0,0.0,19.28,17.6,22.86,33.59
7334,306,31.98,436.17,-15.31,8.41,False,0.0,0.0,0.0,19.85,17.22,22.05,33.8
7335,306,28.64,381.91,-15.2,7.27,False,0.0,0.0,0.0,19.81,18.72,22.51,33.18
7336,306,24.43,312.98,-15.25,7.11,False,0.0,0.0,0.0,20.3,19.24,22.19,33.16
7337,306,19.7,235.92,-15.28,7.6,False,0.0,0.0,0.0,19.34,17.23,21.6,33.41
7338,306,14.77,158.42,-15.21,5.63,False,0.0,0.0,0.0,19.61,18.33,21.87,32.46
7339,306,9.95,88.91,-15.55,5.97,False,0.0,0.0,0.0,19.01,16.93,12.33,32.92
7340,306,5.53,35.8,-15.91,4.99,False,0.0,0.0,0.0,20.46,17.03,12.0,32.81
7341,306,1.76,7.95,-16.37,5.7,False,0.0,0.0,0.0,20.06,11.59,11.07,33.55
7342,306,-1.13,0.0,-16.56,6.26,False,0.0,0.0,0.0,19.8,12.45,10.53,33.99
7343,306,-2.95,0.0,-17.04,5.55,False,0.0,0.0,0.0,19.52,11.04,11.64,34.11
7344,307,-3.27,0.0,-17.35,6.86,False,0.0,0.0,0.0,19.59,13.14,11.09,35.01
7345,307,-2.65,0.0,-17.59,6.42,False,0.0,0.0,0.0,20.28,12.65,11.38,35.02
7346,307,-0.84,0.0,-17.83,6.55,False,0.0,0.0,0.0,19.7,12.43,10.48,35.32
7347,307,2.05,9.26,-17.6,6.73,False,0.0,0.0,0.0,20.15,11.66,12.23,35.19
7348,307,5.82,38.76,-17.4,6.39,False,0.0,0.0,0.0,20.91,12.56,11.43,34.84
7349,307,10.24,92.72,-17.38,7.2,False,0.0,0.0,0.0,19.95,9.57,11.54,35.2
7350,307,15.05,162.7,-17.26,5.75,False,0.0,0.0,0.0,19.69,12.25,10.92,34.4
7351,307,19.98,240.44,-17.34,6.88,False,0.0,0.0,0.0,20.23,12.03,11.31,35.02
7352,307,24.71,317.62,-17.18,7.53,False,0.0,0.0,0.0,19.57,15.99,11.59,35.17
7353,307,28.92,386.6,-16.78,6.63,False,0.0,0.0,0.0,20.7,17.83,11.07,34.37
7354,307,32.27,440.87,-16.41,6.47,False,0.0,0.0,0.0,20.53,17.97,21.85,33.96
7355,307,34.44,475.5,-16.08,7.09,False,0.0,0.0,0.0,19.86,16.02,22.97,33.93
7356,307,35.2,487.4,-15.77,7.84,False,0.0,0.0,0.0,19.53,16.55,20.77,33.99
7357,307,34.44,475.5,-15.47,6.56,False,0.0,0.0,0.0,19.69,19.15,22.13,33.12
7358,307,32.27,440.87,-15.23,6.15,False,0.0,0.0,0.0,19.71,17.35,21.45,32.71
7359,307,28.92,386.6,-15.05,6.36,False,0.0,0.0,0.0,19.96,18.28,22.94,32.63
7360,307,24.71,317.62,-15.07,6.59,False,0.0,0.0,0.0,20.22,18.4,21.87,32.75
7361,307,19.98,240.44,-15.23,6.68,False,0.0,0.0,0.0,19.41,17.82,21.27,32.95
7362,307,15.05,162.7,-15.32,6.47,False,0.0,0.0,0.0,20.24,18.31,21.85,32.93
7363,307,10.24,92.72,-15.46,7.04,False,0.0,0.0,0.0,20.1,15.81,11.74,33.33
7364,307,5.82,38.76,-15.65,8.19,False,0.0,0.0,0.0,19.68,17.32,13.44,34.03
7365,307,2.05,9.26,-15.97,8.74,False,0.0,0.0,0.0,19.48,9.44,10.02,34.59
7366,307,-0.84,0.0,-16.3,8.82,False,0.0,0.0,0.0,20.0,10.5,10.66,34.93
7367,307,-2.65,0.0,-16.57,7.72,False,0.0,0.0,0.0,19.57,11.46,12.41,34.69
7368,308,-2.98,0.0,-17.0,8.01,False,0.0,0.0,0.0,20.45,11.37,10.44,35.22
7369,308,-2.36,0.0,-17.16,8.24,False,0.0,0.0,0.0,19.61,11.93,11.51,35.49
7370,308,-0.55,0.0,-17.27,7.13,False,0.0,0.0,0.0,20.29,11.88,11.16,35.07
7371,308,2.33,10.55,-17.21,8.77,False,0.0,0.0,0.0,20.03,12.01,11.05,35.79
7372,308,6.1,41.75,-17.18,9.5,False,0.0,0.0,0.0,19.84,12.04,11.38,36.11
7373,308,10.51,96.51,-17.03,10.35,False,0.0,0.0,0.0,20.0,12.17,11.27,36.36
7374,308,15.33,166.93,-16.86,10.23,False,0.0,0.0,0.0,20.46,11.13,12.24,36.14
7375,308,20.25,244.9,-16.72,10.04,False,0.0,0.0,0.0,19.53,11.32,12.43,35.92
7376,308,24.99,322.19,-16.36,9.69,False,0.0,0.0,0.0,19.8,17.47,11.8,35.4
7377,308,29.21,391.21,-15.82,7.61,False,0.0,0.0,0.0,19.6,17.48,11.33,33.92
7378,308,32.56,445.49,-15.84,7.29,False,0.0,0.0,0.0,19.89,16.63,22.18,33.8
7379,308,34.74,480.12,-15.23,6.75,False,0.0,0.0,0.0,19.55,18.37,22.56,32.98
7380,308,35.49,492.01,-14.97,7.53,False,0.0,0.0,0.0,19.09,18.08,22.7,33.08
7381,308,34.74,480.12,-14.79,6.99,False,0.0,0.0,0.0,19.35,16.81,22.26,32.68
7382,308,32.56,445.49,-14.42,7.53,False,0.0,0.0,0.0,20.39,17.33,23.07,32.56
7383,308,29.21,391.21,-14.54,8.1,False,0.0,0.0,0.0,19.84,19.11,21.57,32.93
7384,308,24.99,322.19,-14.6,7.61,False,0.0,0.0,0.0,19.84,17.63,22.8,32.77
7385,308,20.25,244.9,-14.94,8.55,False,0.0,0.0,0.0,19.68,17.82,22.49,33.51
7386,308,15.33,166.93,-15.14,9.44,False,0.0,0.0,0.0,19.8,17.01,21.57,34.1
7387,308,10.51,96.51,-15.38,9.37,False,0.0,0.0,0.0,19.67,17.25,11.66,34.3
7388,308,6.1,41.75,-15.49,8.72,False,0.0,0.0,0.0,20.07,18.71,11.71,34.11
7389,308,2.33,10.55,-15.93,7.83,False,0.0,0.0,0.0,19.95,11.99,11.4,34.13
7390,308,-0.55,0.0,-16.24,8.12,False,0.0,0.0,0.0,19.48,11.84,11.39,34.55
7391,308,-2.36,0.0,-16.75,7.04,False,0.0,0.0,0.0,20.11,11.91,10.43,34.54
7392,309,-2.69,0.0,-16.71,5.74,False,0.0,0.0,0.0,19.02,13.94,11.02,33.89
7393,309,-2.07,0.0,-16.87,6.26,False,0.0,0.0,0.0,20.19,11.93,11.33,34.28
7394,309,-0.26,0.0,-17.22,7.11,False,0.0,0.0,0.0,19.5,11.24,11.1,35.01
7395,309,2.61,11.81,-17.33,8.26,False,0.0,0.0,0.0,20.04,11.38,10.9,35.66
7396,309,6.37,44.76,-17.29,8.02,False,0.0,0.0,0.0,19.6,12.52,12.24,35.51
7397,309,10.79,100.27,-16.94,8.29,False,0.0,0.0,0.0,20.03,10.76,11.43,35.3
7398,309,15.6,171.1,-16.93,7.13,False,0.0,0.0,0.0,20.26,12.26,13.02,34.75
7399,309,20.53,249.29,-16.63,7.14,False,0.0,0.0,0.0,20.6,11.32,11.66,34.46
7400,309,25.26,326.68,-16.4,6.99,False,0.0,0.0,0.0,19.35,16.01,12.23,34.18
7401,309,29.48,395.74,-15.96,6.42,False,0.0,0.0,0.0,20.31,16.72,11.35,33.51
7402,309,32.84,450.02,-15.5,7.26,False,0.0,0.0,0.0,19.91,17.52,21.54,33.47
7403,309,35.02,484.65,-15.15,8.14,False,0.0,0.0,0.0,19.64,18.62,22.18,33.53
7404,309,35.78,496.54,-14.86,9.52,False,0.0,0.0,0.0,20.09,18.23,22.91,33.87
7405,309,35.02,484.65,-14.71,9.47,False,0.0,0.0,0.0,19.67,17.27,21.94,33.69
7406,309,32.84,450.02,-14.47,9.79,False,0.0,0.0,0.0,20.02,18.28,22.31,33.6
7407,309,29.48,395.74,-14.65,9.68,False,0.0,0.0,0.0,19.36,17.21,22.18,33.73
7408,309,25.26,326.68,-14.72,8.32,False,0.0,0.0,0.0,19.51,16.33,21.93,33.2
7409,309,20.53,249.29,-15.04,7.12,False,0.0,0.0,0.0,20.18,17.52,21.97,32.97
7410,309,15.6,171.1,-15.41,5.69,False,0.0,0.0,0.0,20.44,16.3,21.3,32.66
7411,309,10.79,100.27,-15.54,5.62,False,0.0,0.0,0.0,19.85,18.13,11.49,32.75
7412,309,6.37,44.76,-16.02,5.17,False,0.0,0.0,0.0,18.81,18.14,11.96,32.99
7413,309,2.61,11.81,-16.4,6.58,False,0.0,0.0,0.0,19.89,11.2,11.71,33.99
7414,309,-0.26,0.0,-16.73,6.71,False,0.0,0.0,0.0,20.02,12.02,11.63,34.36
7415,309,-2.07,0.0,-17.18,7.89,False,0.0,0.0,0.0,19.97,12.01,12.01,35.35
7416,310,-2.4,0.0,-17.6,8.23,False,0.0,0.0,0.0,20.25,12.6,11.64,35.91
7417,310,-1.79,0.0,-17.92,7.99,False,0.0,0.0,0.0,19.96,10.9,11.51,36.09
7418,310,0.02,0.08,-18.18,8.08,False,0.0,0.0,0.0,20.52,12.38,12.01,36.39
7419,310,2.89,13.06,-18.23,7.14,False,0.0,0.0,0.0,19.72,10.85,11.6,35.98
7420,310,6.64,47.78,-18.24,6.58,False,0.0,0.0,0.0,20.68,12.52,11.33,35.71
7421,310,11.06,104.0,-18.24,5.19,False,0.0,0.0,0.0,20.81,12.75,11.83,35.03
7422,310,15.86,175.22,-17.9,5.57,False,0.0,0.0,0.0,19.78,11.36,11.48,34.9
7423,310,20.79,253.61,-17.29,5.81,False,0.0,0.0,0.0,19.71,12.88,11.3,34.46
7424,310,25.53,331.09,-16.79,6.16,False,0.0,0.0,0.0,20.18,16.24,11.61,34.16
7425,310,29.76,400.18,-16.34,5.87,False,0.0,0.0,0.0,19.49,18.38,11.62,33.61
7426,310,33.12,454.47,-15.93,6.17,False,0.0,0.0,0.0,19.71,18.65,21.23,33.37
7427,310,35.3,489.09,-15.55,7.52,False,0.0,0.0,0.0,20.31,17.78,22.23,33.62
7428,310,36.06,500.98,-15.19,7.26,False,0.0,0.0,0.0,20.12,17.34,23.29,33.17
7429,310,35.3,489.09,-14.97,7.95,False,0.0,0.0,0.0,20.59,17.75,21.31,33.27
7430,310,33.12,454.47,-14.87,8.1,False,0.0,0.0,0.0,19.85,17.02,21.65,33.25
7431,310,29.76,400.18,-14.65,9.4,False,0.0,0.0,0.0,19.51,19.6,23.95,33.6
7432,310,25.53,331.09,-14.76,9.97,False,0.0,0.0,0.0,19.79,17.03,21.42,33.97
7433,310,20.79,253.61,-15.21,9.27,False,0.0,0.0,0.0,19.76,18.55,22.9,34.09
7434,310,15.86,175.22,-15.18,9.34,False,0.0,0.0,0.0,19.77,16.91,21.84,34.1
7435,310,11.06,104.0,-15.69,9.23,False,0.0,0.0,0.0,19.87,18.78,11.54,34.53
7436,310,6.64,47.78,-15.82,8.63,False,0.0,0.0,0.0,19.53,19.11,11.41,34.39
7437,310,2.89,13.06,-16.32,7.22,False,0.0,0.0,0.0,20.07,12.21,11.8,34.21
7438,310,0.02,0.08,-16.78,7.97,False,0.0,0.0,0.0,19.45,12.13,10.39,35.0
7439,310,-1.79,0.0,-17.19,6.93,False,0.0,0.0,0.0,19.78,11.13,11.63,34.89
7440,311,-2.12,0.0,-17.4,8.04,False,0.0,0.0,0.0,20.04,11.04,11.22,35.62
7441,311,-1.51,0.0,-17.57,8.47,False,0.0,0.0,0.0,19.2,12.14,10.2,35.99
7442,311,0.29,1.32,-17.97,8.54,False,0.0,0.0,0.0,20.46,13.07,12.28,36.41
7443,311,3.16,14.72,-17.88,8.62,False,0.0,0.0,0.0,19.32,11.46,10.02,36.36
7444,311,6.91,50.81,-17.88,7.65,False,0.0,0.0,0.0,20.41,13.67,13.0,35.89
7445,311,11.32,107.69,-17.81,10.39,False,0.0,0.0,0.0,19.62,11.41,11.93,37.15
7446,311,16.13,179.29,-17.56,8.87,False,0.0,0.0,0.0,19.95,12.08,10.55,36.18
7447,311,21.05,257.86,-17.03,8.29,False,0.0,0.0,0.0,20.25,12.09,12.44,35.39
7448,311,25.8,335.43,-16.58,8.6,False,0.0,0.0,0.0,20.87,17.42,10.97,35.1
7449,311,30.03,404.54,-16.22,9.71,False,0.0,0.0,0.0,19.99,15.86,11.01,35.27
7450,311,33.4,458.83,-15.7,10.46,False,0.0,0.0,0.0,19.09,17.0,20.74,35.11
7451,311,35.58,493.44,-15.43,8.81,False,0.0,0.0,0.0,20.23,17.66,21.4,34.09
7452,311,36.34,505.33,-14.93,8.82,False,0.0,0.0,0.0,19.7,17.42,21.48,33.62
7453,311,35.58,493.44,-14.53,8.47,False,0.0,0.0,0.0,19.77,18.01,22.57,33.08
7454,311,33.4,458.83,-14.43,7.53,False,0.0,0.0,0.0,19.96,18.11,22.82,32.57
7455,311,30.03,404.54,-14.42,7.28,False,0.0,0.0,0.0,18.84,17.31,21.13,32.45
7456,311,25.8,335.43,-14.31,7.21,False,0.0,0.0,0.0,19.72,16.73,22.19,32.32
7457,311,21.05,257.86,-14.29,7.44,False,0.0,0.0,0.0,19.55,18.74,20.71,32.4
7458,311,16.13,179.29,-14.4,8.37,False,0.0,0.0,0.0,20.22,16.42,22.19,32.91
7459,311,11.32,107.69,-15.14,8.59,False,0.0,0.0,0.0,20.11,17.02,13.01,33.72
7460,311,6.91,50.81,-15.78,8.61,False,0.0,0.0,0.0,19.24,16.82,10.25,34.34
7461,311,3.16,14.72,-15.96,7.49,False,0.0,0.0,0.0,20.42,12.5,10.79,34.0
7462,311,0.29,1.32,-16.46,6.41,False,0.0,0.0,0.0,20.16,12.95,12.01,33.97
7463,311,-1.51,0.0,-16.64,6.34,False,0.0,0.0,0.0,19.38,11.76,12.09,34.1
7464,312,-1.85,0.0,-17.07,5.5,False,0.0,0.0,0.0,20.07,12.08,10.84,34.11
7465,312,-1.24,0.0,-17.45,5.85,False,0.0,0.0,0.0,20.51,12.24,12.53,34.62
7466,312,0.56,2.54,-17.57,6.79,False,0.0,0.0,0.0,19.62,13.34,10.93,35.18
7467,312,3.43,16.73,-17.78,6.99,False,0.0,0.0,0.0,20.68,10.48,12.67,35.48
7468,312,7.17,53.84,-17.76,6.99,False,0.0,0.0,0.0,19.53,12.5,11.83,35.46
7469,312,11.58,111.34,-17.41,6.28,False,0.0,0.0,0.0,19.77,12.2,12.39,34.8
7470,312,16.38,183.29,-17.16,6.56,False,0.0,0.0,0.0,19.68,11.6,11.76,34.7
7471,312,21.31,262.04,-16.7,6.56,False,0.0,0.0,0.0,20.55,12.16,11.96,34.26
7472,312,26.06,339.68,-16.35,5.55,False,0.0,0.0,0.0,19.77,18.09,12.0,33.47
7473,312,30.29,408.82,-15.86,6.28,False,0.0,0.0,0.0,19.44,17.97,12.3,33.35
7474,312,33.66,463.11,-15.43,7.4,False,0.0,0.0,0.0,20.03,19.23,21.98,33.46
7475,312,35.85,497.71,-15.02,7.17,False,0.0,0.0,0.0,20.07,17.6,21.37,32.97
7476,312,36.61,509.59,-14.78,7.86,False,0.0,0.0,0.0,20.04,17.52,21.94,33.05
7477,312,35.85,497.71,-14.58,7.8,False,0.0,0.0,0.0,19.64,17.35,21.53,32.83
7478,312,33.66,463.11,-14.33,8.93,False,0.0,0.0,0.0,19.82,17.94,21.58,33.09
7479,312,30.29,408.82,-14.26,7.74,False,0.0,0.0,0.0,19.45,17.47,23.16,32.5
7480,312,26.06,339.68,-14.06,6.68,False,0.0,0.0,0.0,20.36,17.51,22.44,31.85
7481,312,21.31,262.04,-14.37,6.77,False,0.0,0.0,0.0,20.18,17.51,22.4,32.18
7482,312,16.38,183.29,-14.49,6.15,False,0.0,0.0,0.0,20.17,17.39,22.75,32.02
7483,312,11.58,111.34,-14.83,6.43,False,0.0,0.0,0.0,20.1,17.01,11.93,32.46
7484,312,7.17,53.84,-15.07,6.41,False,0.0,0.0,0.0,20.02,17.83,12.81,32.68
7485,312,3.43,16.73,-15.33,7.97,False,0.0,0.0,0.0,19.34,11.67,10.03,33.62
7486,312,0.56,2.54,-15.66,7.73,False,0.0,0.0,0.0,20.13,12.39,10.8,33.82
7487,312,-1.24,0.0,-16.03,7.14,False,0.0,0.0,0.0,19.97,11.99,11.01,33.91
7488,313,-1.58,0.0,-16.65,7.71,False,0.0,0.0,0.0,20.5,11.59,10.54,34.76
7489,313,-0.97,0.0,-16.96,6.78,False,0.0,0.0,0.0,20.36,13.15,11.58,34.61
7490,313,0.83,3.74,-17.15,6.07,False,0.0,0.0,0.0,20.28,11.82,11.61,34.46
7491,313,3.69,18.8,-17.14,5.11,False,0.0,0.0,0.0,19.38,12.4,12.88,33.99
7492,313,7.43,56.87,-17.28,5.23,False,0.0,0.0,0.0,20.04,11.34,12.13,34.17
7493,313,11.83,114.95,-16.91,6.5,False,0.0,0.0,0.0,19.81,10.28,11.14,34.43
7494,313,16.64,187.23,-16.59,5.86,False,0.0,0.0,0.0,20.09,11.45,11.85,33.83
7495,313,21.56,266.14,-15.99,6.44,False,0.0,0.0,0.0,19.75,10.19,10.22,33.55
7496,313,26.31,343.86,-15.69,7.39,False,0.0,0.0,0.0,19.77,17.31,11.6,33.7
7497,313,30.55,413.01,-15.64,6.76,False,0.0,0.0,0.0,20.06,18.67,11.56,33.37
7498,313,33.93,467.29,-15.15,8.54,False,0.0,0.0,0.0,19.64,16.78,21.37,33.7
7499,313,36.12,501.88,-14.55,8.34,False,0.0,0.0,0.0,19.79,15.82,21.86,33.04
7500,313,36.88,513.76,-14.29,9.65,False,0.0,0.0,0.0,19.11,18.7,21.52,33.36
7501,313,36.12,501.88,-14.24,8.94,False,0.0,0.0,0.0,19.38,17.12,21.35,33.01
7502,313,33.93,467.29,-13.97,8.43,False,0.0,0.0,0.0,19.94,17.49,22.47,32.53
7503,313,30.55,413.01,-13.76,8.83,False,0.0,0.0,0.0,19.16,18.13,22.72,32.5
7504,313,26.31,343.86,-13.91,8.28,False,0.0,0.0,0.0,20.17,17.92,22.36,32.4
7505,313,21.56,266.14,-14.17,8.41,False,0.0,0.0,0.0,20.09,18.1,21.69,32.7
7506,313,16.64,187.23,-14.39,7.37,False,0.0,0.0,0.0,19.62,18.22,21.54,32.47
7507,313,11.83,114.95,-14.73,8.83,False,0.0,0.0,0.0,20.97,16.1,11.22,33.43
7508,313,7.43,56.87,-15.26,8.46,False,0.0,0.0,0.0,20.33,16.37,11.35,33.77
7509,313,3.69,18.8,-15.49,8.15,False,0.0,0.0,0.0,19.48,12.84,10.89,33.86
7510,313,0.83,3.74,-15.83,7.81,False,0.0,0.0,0.0,20.2,11.27,12.24,34.02
7511,313,-0.97,0.0,-16.28,7.85,False,0.0,0.0,0.0,19.98,11.36,11.36,34.46
7512,314,-1.32,0.0,-16.8,7.76,False,0.0,0.0,0.0,19.71,10.89,12.04,34.92
7513,314,-0.71,0.0,-16.77,6.76,False,0.0,0.0,0.0,19.58,11.58,10.52,34.43
7514,314,1.09,4.91,-16.79,8.23,False,0.0,0.0,0.0,20.41,11.62,11.02,35.13
7515,314,3.94,20.92,-16.76,9.12,False,0.0,0.0,0.0,19.77,11.15,12.1,35.52
7516,314,7.68,59.88,-16.98,8.26,False,0.0,0.0,0.0,20.0,11.06,12.11,35.33
7517,314,12.08,118.52,-16.57,7.57,False,0.0,0.0,0.0,19.62,12.15,10.66,34.62
7518,314,16.88,191.1,-16.42,9.12,False,0.0,0.0,0.0,19.67,11.25,11.71,35.2
7519,314,21.81,270.17,-16.34,9.56,False,0.0,0.0,0.0,19.91,11.41,11.73,35.32
7520,314,26.56,347.95,-16.22,9.27,False,0.0,0.0,0.0,20.1,15.75,11.0,35.06
7521,314,30.8,417.11,-15.98,8.53,False,0.0,0.0,0.0,18.88,19.05,11.75,34.5
7522,314,34.18,471.39,-15.63,9.65,False,0.0,0.0,0.0,19.88,18.25,20.89,34.67
7523,314,36.38,505.97,-15.12,10.51,False,0.0,0.0,0.0,19.52,17.1,21.35,34.55
7524,314,37.15,517.84,-14.55,8.73,False,0.0,0.0,0.0,20.31,16.78,22.42,33.21
7525,314,36.38,505.97,-14.23,8.4,False,0.0,0.0,0.0,20.89,17.51,22.02,32.76
7526,314,34.18,471.39,-13.84,7.63,False,0.0,0.0,0.0,19.52,17.49,22.06,32.05
7527,314,30.8,417.11,-13.57,7.91,False,0.0,0.0,0.0,18.94,16.48,21.88,31.92
7528,314,26.56,347.95,-13.5,8.13,False,0.0,0.0,0.0,19.67,15.46,22.38,31.95
7529,314,21.81,270.17,-13.83,8.42,False,0.0,0.0,0.0,19.58,17.08,22.41,32.39
7530,314,16.88,191.1,-14.44,9.49,False,0.0,0.0,0.0,20.52,16.25,22.55,33.43
7531,314,12.08,118.52,-14.68,10.0,False,0.0,0.0,0.0,20.43,17.64,11.59,33.9
7532,314,7.68,59.88,-14.79,9.76,False,0.0,0.0,0.0,20.12,17.64,11.23,33.9
7533,314,3.94,20.92,-15.0,9.6,False,0.0,0.0,0.0,19.57,11.12,11.11,34.03
7534,314,1.09,4.91,-15.21,9.61,False,0.0,0.0,0.0,20.1,11.47,10.76,34.25
7535,314,-0.71,0.0,-15.93,8.92,False,0.0,0.0,0.0,20.02,13.31,11.22,34.63
7536,315,-1.06,0.0,-16.33,7.77,False,0.0,0.0,0.0,20.06,12.52,11.08,34.48
7537,315,-0.45,0.0,-16.2,7.19,False,0.0,0.0,0.0,19.32,11.54,12.62,34.09
7538,315,1.34,6.06,-16.38,6.59,False,0.0,0.0,0.0,20.39,13.73,10.77,33.99
7539,315,4.19,23.07,-16.39,7.13,False,0.0,0.0,0.0,20.01,10.94,12.23,34.24
7540,315,7.93,62.88,-16.15,6.19,False,0.0,0.0,0.0,19.9,11.25,11.31,33.58
7541,315,12.32,122.04,-16.11,5.82,False,0.0,0.0,0.0,19.69,11.81,11.36,33.37
7542,315,17.12,194.9,-15.93,7.48,False,0.0,0.0,0.0,19.59,10.68,11.78,33.97
7543,315,22.05,274.12,-15.77,8.0,False,0.0,0.0,0.0,20.02,13.33,10.51,34.05
7544,315,26.8,351.95,-15.44,9.16,False,0.0,0.0,0.0,19.15,17.65,10.94,34.26
7545,315,31.05,421.13,-15.04,9.03,False,0.0,0.0,0.0,20.12,16.87,10.63,33.82
7546,315,34.44,475.39,-14.5,9.99,False,0.0,0.0,0.0,19.32,17.86,21.73,33.72
7547,315,36.64,509.96,-13.92,10.87,False,0.0,0.0,0.0,18.85,17.62,21.36,33.53
7548,315,37.4,521.83,-13.56,9.78,False,0.0,0.0,0.0,20.36,17.26,22.92,32.72
7549,315,36.64,509.96,-13.49,10.55,False,0.0,0.0,0.0,19.28,16.53,21.59,32.97
7550,315,34.44,475.39,-13.54,9.48,False,0.0,0.0,0.0,19.34,16.35,20.34,32.56
7551,315,31.05,421.13,-13.36,10.42,False,0.0,0.0,0.0,20.06,19.25,21.77,32.78
7552,315,26.8,351.95,-13.41,9.57,False,0.0,0.0,0.0,20.35,16.42,22.57,32.47
7553,315,22.05,274.12,-13.61,9.13,False,0.0,0.0,0.0,19.02,18.86,23.14,32.48
7554,315,17.12,194.9,-13.72,8.31,False,0.0,0.0,0.0,19.26,16.82,21.84,32.23
7555,315,12.32,122.04,-14.04,7.08,False,0.0,0.0,0.0,19.33,18.13,11.14,32.01
7556,315,7.93,62.88,-13.99,7.78,False,0.0,0.0,0.0,20.05,17.87,11.49,32.26
7557,315,4.19,23.07,-14.37,8.79,False,0.0,0.0,0.0,20.38,12.43,11.79,33.06
7558,315,1.34,6.06,-14.87,10.39,False,0.0,0.0,0.0,19.35,12.49,10.71,34.26
7559,315,-0.45,0.0,-15.52,11.69,False,0.0,0.0,0.0,20.43,10.61,11.33,35.49
7560,316,-0.81,0.0,-15.82,12.1,False,0.0,0.0,0.0,19.61,11.36,11.47,35.98
7561,316,-0.2,0.0,-16.2,13.82,False,0.0,0.0,0.0,20.08,10.81,11.53,37.15
7562,316,1.59,7.19,-16.65,13.56,False,0.0,0.0,0.0,19.49,12.05,11.4,37.48
7563,316,4.44,25.26,-16.67,12.14,False,0.0,0.0,0.0,19.95,10.84,10.84,36.85
7564,316,8.17,65.86,-16.59,10.22,False,0.0,0.0,0.0,19.95,10.32,11.74,35.87
7565,316,12.56,125.5,-16.43,8.89,False,0.0,0.0,0.0,19.85,11.71,11.47,35.1
7566,316,17.36,198.64,-15.92,10.47,False,0.0,0.0,0.0,20.06,10.13,11.47,35.33
7567,316,22.29,277.99,-15.61,9.87,False,0.0,0.0,0.0,19.47,12.11,10.74,34.75
7568,316,27.04,355.87,-15.52,10.26,False,0.0,0.0,0.0,19.51,16.49,11.95,34.83
7569,316,31.29,425.05,-15.27,10.11,False,0.0,0.0,0.0,20.01,16.83,10.84,34.52
7570,316,34.68,479.31,-14.99,10.03,False,0.0,0.0,0.0,20.34,15.68,23.13,34.22
7571,316,36.89,513.86,-14.41,10.43,False,0.0,0.0,0.0,19.72,18.82,21.17,33.82
7572,316,37.66,525.72,-13.94,9.29,False,0.0,0.0,0.0,19.87,16.33,22.53,32.86
7573,316,36.89,513.86,-13.88,7.38,False,0.0,0.0,0.0,19.97,17.21,20.66,31.98
7574,316,34.68,479.31,-13.68,6.38,False,0.0,0.0,0.0,19.97,16.07,20.42,31.37
7575,316,31.29,425.05,-13.85,5.12,False,0.0,0.0,0.0,19.28,16.83,21.61,30.98
7576,316,27.04,355.87,-13.9,6.07,False,0.0,0.0,0.0,19.36,18.9,20.42,31.43
7577,316,22.29,277.99,-13.78,5.05,False,0.0,0.0,0.0,19.38,17.74,22.51,30.89
7578,316,17.36,198.64,-14.05,4.8,False,0.0,0.0,0.0,20.46,16.92,21.98,31.03
7579,316,12.56,125.5,-14.36,5.3,False,0.0,0.0,0.0,19.93,17.47,12.48,31.53
7580,316,8.17,65.86,-14.7,6.05,False,0.0,0.0,0.0,19.95,17.05,11.38,32.17
7581,316,4.44,25.26,-15.08,7.11,False,0.0,0.0,0.0,19.96,11.83,11.67,32.99
7582,316,1.59,7.19,-15.52,7.03,False,0.0,0.0,0.0,19.33,12.5,11.31,33.38
7583,316,-0.2,0.0,-15.93,7.66,False,0.0,0.0,0.0,20.69,11.64,10.89,34.05
7584,317,-0.56,0.0,-16.09,7.66,False,0.0,0.0,0.0,20.12,12.08,11.22,34.2
7585,317,0.05,0.21,-16.23,7.72,False,0.0,0.0,0.0,20.24,12.09,10.66,34.36
7586,317,1.83,8.29,-16.32,8.41,False,0.0,0.0,0.0,19.25,11.64,11.77,34.77
7587,317,4.68,27.47,-16.46,7.77,False,0.0,0.0,0.0,20.29,11.31,11.28,34.6
7588,317,8.41,68.8,-16.42,7.05,False,0.0,0.0,0.0,19.83,11.48,11.43,34.23
7589,317,12.8,128.91,-16.23,7.47,False,0.0,0.0,0.0,19.42,12.46,13.48,34.25
7590,317,17.59,202.3,-16.06,7.31,False,0.0,0.0,0.0,19.55,12.53,11.22,34.01
7591,317,22.52,281.77,-15.71,8.19,False,0.0,0.0,0.0,19.38,10.99,11.72,34.08
7592,317,27.28,359.7,-15.51,7.15,False,0.0,0.0,0.0,19.35,17.29,11.46,33.41
7593,317,31.53,428.89,-15.0,7.78,False,0.0,0.0,0.0,19.82,16.9,12.31,33.22
7594,317,34.93,483.13,-14.85,7.31,False,0.0,0.0,0.0,19.63,18.14,22.17,32.87
7595,317,37.14,517.67,-14.33,6.67,False,0.0,0.0,0.0,19.85,17.12,21.81,32.1
7596,317,37.9,529.52,-14.05,6.65,False,0.0,0.0,0.0,20.36,19.26,23.6,31.83
7597,317,37.14,517.67,-13.57,6.56,False,0.0,0.0,0.0,19.58,17.67,21.4,31.34
7598,317,34.93,483.13,-13.37,8.19,False,0.0,0.0,0.0,18.71,18.45,21.86,31.85
7599,317,31.53,428.89,-13.42,7.76,False,0.0,0.0,0.0,19.51,16.69,22.64,31.72
7600,317,27.28,359.7,-13.37,9.28,False,0.0,0.0,0.0,20.08,17.51,21.43,32.31
7601,317,22.52,281.77,-13.65,9.82,False,0.0,0.0,0.0,19.6,17.99,22.54,32.82
7602,317,17.59,202.3,-13.99,11.43,False,0.0,0.0,0.0,20.29,16.67,21.66,33.84
7603,317,12.8,128.91,-14.45,11.41,False,0.0,0.0,0.0,19.92,17.52,12.2,34.3
7604,317,8.41,68.8,-14.77,9.3,False,0.0,0.0,0.0,19.04,18.34,12.18,33.67
7605,317,4.68,27.47,-15.12,9.75,False,0.0,0.0,0.0,19.86,11.64,11.44,34.22
7606,317,1.83,8.29,-15.67,9.15,False,0.0,0.0,0.0,20.0,11.22,10.8,34.48
7607,317,0.05,0.21,-15.76,7.8,False,0.0,0.0,0.0,20.32,13.34,11.23,33.96
7608,318,-0.32,0.0,-15.99,6.04,False,0.0,0.0,0.0,20.65,10.96,11.49,33.36
7609,318,0.29,1.3,-16.0,6.45,False,0.0,0.0,0.0,20.28,12.02,12.12,33.56
7610,318,2.07,9.36,-16.15,8.26,False,0.0,0.0,0.0,20.11,11.33,11.72,34.53
7611,318,4.91,29.69,-16.28,8.45,False,0.0,0.0,0.0,20.22,11.15,11.88,34.75
7612,318,8.64,71.72,-16.17,9.95,False,0.0,0.0,0.0,19.87,12.49,11.74,35.33
7613,318,13.02,132.26,-16.05,11.54,False,0.0,0.0,0.0,19.34,11.74,12.09,35.95
7614,318,17.82,205.89,-15.82,10.92,False,0.0,0.0,0.0,19.92,12.22,11.36,35.43
7615,318,22.75,285.48,-15.22,9.55,False,0.0,0.0,0.0,19.97,10.1,11.62,34.22
7616,318,27.51,363.45,-14.65,7.59,False,0.0,0.0,0.0,19.28,17.9,11.52,32.8
7617,318,31.76,432.63,-14.15,6.29,False,0.0,0.0,0.0,20.23,16.92,11.19,31.77
7618,318,35.16,486.86,-13.83,4.27,False,0.0,0.0,0.0,20.06,16.0,22.71,30.6
7619,318,37.38,521.38,-13.57,3.67,False,0.0,0.0,0.0,19.08,19.01,22.69,30.1
7620,318,38.14,533.23,-13.23,5.43,False,0.0,0.0,0.0,20.13,17.98,22.84,30.54
7621,318,37.38,521.38,-12.87,6.54,False,0.0,0.0,0.0,19.42,17.68,21.47,30.68
7622,318,35.16,486.86,-12.82,7.66,False,0.0,0.0,0.0,19.23,18.5,22.25,31.1
7623,318,31.76,432.63,-13.02,9.43,False,0.0,0.0,0.0,19.99,17.7,22.76,32.04
7624,318,27.51,363.45,-12.97,9.9,False,0.0,0.0,0.0,19.54,16.86,23.05,32.19
7625,318,22.75,285.48,-13.06,10.76,False,0.0,0.0,0.0,20.33,17.36,20.94,32.64
7626,318,17.82,205.89,-13.22,9.96,False,0.0,0.0,0.0,19.24,16.96,22.0,32.45
7627,318,13.02,132.26,-13.37,8.83,False,0.0,0.0,0.0,18.91,17.1,11.37,32.12
7628,318,8.64,71.72,-13.78,9.63,False,0.0,0.0,0.0,19.54,16.49,12.61,32.86
7629,318,4.91,29.69,-14.39,8.39,False,0.0,0.0,0.0,20.04,11.12,9.95,32.91
7630,318,2.07,9.36,-14.13,8.39,False,0.0,0.0,0.0,19.32,12.62,10.77,32.66
7631,318,0.29,1.3,-14.5,7.25,False,0.0,0.0,0.0,19.21,12.17,12.5,32.52
7632,319,-0.09,0.0,-14.88,7.61,False,0.0,0.0,0.0,19.88,11.5,11.17,33.03
7633,319,0.52,2.36,-15.15,9.91,False,0.0,0.0,0.0,19.23,11.08,10.59,34.32
7634,319,2.3,10.41,-15.21,7.98,False,0.0,0.0,0.0,19.95,11.58,12.56,33.51
7635,319,5.14,31.92,-15.28,9.07,False,0.0,0.0,0.0,19.7,10.55,10.5,34.07
7636,319,8.86,74.6,-15.33,7.98,False,0.0,0.0,0.0,20.04,12.0,12.22,33.62
7637,319,13.25,135.54,-14.9,8.04,False,0.0,0.0,0.0,19.23,12.66,10.41,33.24
7638,319,18.04,209.4,-14.73,7.2,False,0.0,0.0,0.0,20.29,13.79,10.49,32.71
7639,319,22.97,289.1,-14.15,5.73,False,0.0,0.0,0.0,19.63,11.02,11.64,31.53
7640,319,27.73,367.1,-13.96,5.83,False,0.0,0.0,0.0,19.98,18.22,10.91,31.39
7641,319,31.99,436.28,-13.39,5.0,False,0.0,0.0,0.0,19.99,16.93,11.69,30.51
7642,319,35.39,490.49,-13.0,5.76,False,0.0,0.0,0.0,19.1,16.6,23.26,30.48
7643,319,37.61,525.0,-12.78,5.35,False,0.0,0.0,0.0,19.89,16.6,21.89,30.1
7644,319,38.38,536.84,-12.54,6.42,False,0.0,0.0,0.0,18.93,17.61,23.14,30.32
7645,319,37.61,525.0,-12.48,5.48,False,0.0,0.0,0.0,18.95,16.76,22.23,29.88
7646,319,35.39,490.49,-12.3,5.87,False,0.0,0.0,0.0,20.26,17.01,22.67,29.88
7647,319,31.99,436.28,-11.97,5.41,False,0.0,0.0,0.0,19.88,17.15,20.35,29.38
7648,319,27.73,367.1,-11.98,5.89,False,0.0,0.0,0.0,20.27,16.91,22.45,29.58
7649,319,22.97,289.1,-12.35,6.8,False,0.0,0.0,0.0,19.33,16.85,22.34,30.3
7650,319,18.04,209.4,-12.54,5.3,False,0.0,0.0,0.0,19.55,15.56,21.75,29.86
7651,319,13.25,135.54,-12.95,5.34,False,0.0,0.0,0.0,19.76,17.57,12.83,30.25
7652,319,8.86,74.6,-13.38,5.68,False,0.0,0.0,0.0,19.6,17.55,11.15,30.79
7653,319,5.14,31.92,-13.88,5.78,False,0.0,0.0,0.0,19.37,11.26,10.37,31.29
7654,319,2.3,10.41,-14.43,6.48,False,0.0,0.0,0.0,19.37,12.19,12.05,32.12
7655,319,0.52,2.36,-14.63,6.76,False,0.0,0.0,0.0,19.84,13.02,10.5,32.42
7656,320,0.15,0.66,-14.92,7.96,False,0.0,0.0,0.0,19.36,11.92,11.55,33.22
7657,320,0.75,3.4,-15.4,8.12,False,0.0,0.0,0.0,19.41,12.96,12.44,33.75
7658,320,2.53,11.44,-15.42,8.59,False,0.0,0.0,0.0,20.01,13.69,11.85,33.98
7659,320,5.37,34.14,-15.25,9.57,False,0.0,0.0,0.0,19.79,13.92,11.33,34.27
7660,320,9.09,77.44,-15.6,8.88,False,0.0,0.0,0.0,20.25,10.95,11.25,34.29
7661,320,13.47,138.77,-15.47,8.87,False,0.0,0.0,0.0,19.69,10.95,12.39,34.16
7662,320,18.26,212.84,-15.32,9.12,False,0.0,0.0,0.0,19.61,11.54,10.65,34.13
7663,320,23.19,292.63,-15.04,9.5,False,0.0,0.0,0.0,19.97,12.0,12.04,34.03
7664,320,27.95,370.66,-14.7,8.84,False,0.0,0.0,0.0,19.44,18.77,13.04,33.4
7665,320,32.21,439.84,-14.12,8.58,False,0.0,0.0,0.0,19.43,18.0,11.88,32.73
7666,320,35.62,494.03,-13.77,7.94,False,0.0,0.0,0.0,19.41,16.54,21.83,32.13
7667,320,37.84,528.53,-13.18,7.93,False,0.0,0.0,0.0,19.5,17.01,21.89,31.56
7668,320,38.61,540.36,-12.64,8.06,False,0.0,0.0,0.0,20.23,17.47,21.66,31.1
7669,320,37.84,528.53,-12.57,8.59,False,0.0,0.0,0.0,18.96,16.31,21.54,31.25
7670,320,35.62,494.03,-12.31,8.85,False,0.0,0.0,0.0,19.99,17.51,22.08,31.11
7671,320,32.21,439.84,-12.26,7.88,False,0.0,0.0,0.0,19.77,16.55,22.48,30.67
7672,320,27.95,370.66,-12.38,7.66,False,0.0,0.0,0.0,20.11,16.18,23.13,30.69
7673,320,23.19,292.63,-12.59,7.58,False,0.0,0.0,0.0,20.77,16.74,20.63,30.85
7674,320,18.26,212.84,-12.85,7.84,False,0.0,0.0,0.0,20.11,17.83,20.29,31.21
7675,320,13.47,138.77,-13.15,7.45,False,0.0,0.0,0.0,19.95,17.82,12.64,31.33
7676,320,9.09,77.44,-13.29,6.89,False,0.0,0.0,0.0,19.07,17.58,11.54,31.22
7677,320,5.37,34.14,-13.68,8.5,False,0.0,0.0,0.0,19.17,12.69,11.58,32.28
7678,320,2.53,11.44,-13.8,10.92,False,0.0,0.0,0.0,19.8,12.61,11.85,33.44
7679,320,0.75,3.4,-14.19,10.36,False,0.0,0.0,0.0,19.02,12.06,11.37,33.58
7680,321,0.37,1.67,-14.66,9.66,False,0.0,0.0,0.0,20.01,11.95,12.88,33.73
7681,321,0.98,4.41,-14.77,9.93,False,0.0,0.0,0.0,18.92,12.0,11.84,33.95
7682,321,2.75,12.44,-14.89,10.97,False,0.0,0.0,0.0,20.25,11.78,11.19,34.53
7683,321,5.59,36.37,-14.93,11.23,False,0.0,0.0,0.0,19.66,10.16,11.25,34.69
7684,321,9.3,80.24,-15.06,8.85,False,0.0,0.0,0.0,19.86,12.81,11.4,33.76
7685,321,13.68,141.93,-14.86,9.09,False,0.0,0.0,0.0,19.48,12.22,10.96,33.67
7686,321,18.47,216.19,-14.45,9.27,False,0.0,0.0,0.0,18.97,10.93,12.68,33.35
7687,321,23.4,296.08,-14.21,9.62,False,0.0,0.0,0.0,20.2,13.04,11.59,33.27
7688,321,28.16,374.14,-13.87,10.0,False,0.0,0.0,0.0,20.2,17.03,10.68,33.1
7689,321,32.43,443.31,-13.37,10.13,False,0.0,0.0,0.0,19.46,17.41,11.78,32.68
7690,321,35.84,497.48,-12.76,10.82,False,0.0,0.0,0.0,19.8,18.32,23.01,32.36
7691,321,38.06,531.95,-12.5,11.35,False,0.0,0.0,0.0,19.34,17.68,22.74,32.33
7692,321,38.84,543.78,-12.25,10.9,False,0.0,0.0,0.0,19.59,18.57,21.47,31.89
7693,321,38.06,531.95,-11.87,9.89,False,0.0,0.0,0.0,19.73,17.22,21.22,31.11
7694,321,35.84,497.48,-11.77,8.68,False,0.0,0.0,0.0,19.63,18.85,23.0,30.52
7695,321,32.43,443.31,-11.72,7.82,False,0.0,0.0,0.0,19.94,16.88,20.86,30.12
7696,321,28.16,374.14,-11.32,9.44,False,0.0,0.0,0.0,19.57,18.55,22.26,30.39
7697,321,23.4,296.08,-11.24,8.37,False,0.0,0.0,0.0,19.36,15.69,21.6,29.88
7698,321,18.47,216.19,-11.29,7.66,False,0.0,0.0,0.0,19.05,16.62,22.92,29.66
7699,321,13.68,141.93,-11.73,8.42,False,0.0,0.0,0.0,19.22,17.74,10.76,30.38
7700,321,9.3,80.24,-11.86,9.02,False,0.0,0.0,0.0,19.75,17.18,10.94,30.75
7701,321,5.59,36.37,-12.25,9.66,False,0.0,0.0,0.0,18.87,11.84,11.93,31.39
7702,321,2.75,12.44,-12.94,7.63,False,0.0,0.0,0.0,19.99,11.93,12.06,31.2
7703,321,0.98,4.41,-13.42,7.24,False,0.0,0.0,0.0,19.5,10.95,12.45,31.49
7704,322,0.59,2.66,-13.66,8.06,False,0.0,0.0,0.0,19.31,11.01,11.83,32.07
7705,322,1.19,5.39,-13.81,6.69,False,0.0,0.0,0.0,19.22,12.09,11.74,31.62
7706,322,2.97,13.41,-14.01,6.09,False,0.0,0.0,0.0,19.95,11.37,12.23,31.55
7707,322,5.8,38.58,-13.84,4.17,False,0.0,0.0,0.0,19.66,12.97,10.54,30.57
7708,322,9.51,82.99,-13.92,4.12,False,0.0,0.0,0.0,20.31,11.75,10.88,30.61
7709,322,13.88,145.01,-13.95,4.21,False,0.0,0.0,0.0,19.17,12.48,10.6,30.68
7710,322,18.67,219.47,-13.81,5.45,False,0.0,0.0,0.0,19.43,12.25,9.62,31.09
7711,322,23.6,299.43,-13.62,5.84,False,0.0,0.0,0.0,19.6,11.42,12.09,31.07
7712,322,28.37,377.52,-13.21,6.13,False,0.0,0.0,0.0,19.28,15.92,12.5,30.82
7713,322,32.64,446.68,-12.71,7.69,False,0.0,0.0,0.0,19.53,18.45,11.89,31.01
7714,322,36.05,500.83,-12.44,8.45,False,0.0,0.0,0.0,19.62,16.72,22.27,31.07
7715,322,38.28,535.29,-12.23,9.34,False,0.0,0.0,0.0,19.66,17.18,22.06,31.24
7716,322,39.05,547.11,-11.75,8.48,False,0.0,0.0,0.0,20.01,17.38,22.04,30.42
7717,322,38.28,535.29,-11.54,9.51,False,0.0,0.0,0.0,18.86,17.46,23.19,30.63
7718,322,36.05,500.83,-11.66,10.43,False,0.0,0.0,0.0,19.53,18.27,23.08,31.12
7719,322,32.64,446.68,-11.4,9.76,False,0.0,0.0,0.0,19.11,17.5,21.59,30.59
7720,322,28.37,377.52,-11.26,10.33,False,0.0,0.0,0.0,19.52,17.4,22.78,30.68
7721,322,23.6,299.43,-11.3,10.18,False,0.0,0.0,0.0,19.53,18.31,22.86,30.67
7722,322,18.67,219.47,-11.57,9.45,False,0.0,0.0,0.0,18.99,17.98,22.46,30.64
7723,322,13.88,145.01,-11.71,9.62,False,0.0,0.0,0.0,19.04,16.91,11.77,30.84
7724,322,9.51,82.99,-12.04,8.86,False,0.0,0.0,0.0,19.65,16.58,11.75,30.85
7725,322,5.8,38.58,-12.66,9.56,False,0.0,0.0,0.0,19.53,11.24,10.46,31.75
7726,322,2.97,13.41,-12.97,7.81,False,0.0,0.0,0.0,19.47,11.86,10.4,31.31
7727,322,1.19,5.39,-13.2,7.58,False,0.0,0.0,0.0,19.85,10.9,12.05,31.43
7728,323,0.8,3.62,-13.49,9.13,False,0.0,0.0,0.0,19.91,11.97,10.73,32.36
7729,323,1.41,6.35,-13.6,7.88,False,0.0,0.0,0.0,19.42,11.8,10.53,31.93
7730,323,3.18,14.85,-13.56,8.95,False,0.0,0.0,0.0,19.29,9.87,10.05,32.35
7731,323,6.01,40.77,-13.49,9.24,False,0.0,0.0,0.0,19.11,10.78,11.17,32.41
7732,323,9.71,85.69,-13.31,10.96,False,0.0,0.0,0.0,19.61,9.59,11.76,32.97
7733,323,14.08,148.03,-13.29,11.23,False,0.0,0.0,0.0,19.03,11.62,11.82,33.07
7734,323,18.87,222.66,-13.08,10.3,False,0.0,0.0,0.0,19.61,12.76,12.1,32.47
7735,323,23.8,302.7,-12.59,11.51,False,0.0,0.0,0.0,20.0,10.39,11.23,32.49
7736,323,28.57,380.8,-12.43,10.9,False,0.0,0.0,0.0,19.35,16.44,11.58,32.07
7737,323,32.84,449.95,-11.99,9.89,False,0.0,0.0,0.0,19.22,17.37,12.09,31.23
7738,323,36.26,504.08,-11.44,10.61,False,0.0,0.0,0.0,20.17,16.65,22.32,30.98
7739,323,38.49,538.52,-11.16,10.83,False,0.0,0.0,0.0,19.94,16.65,21.59,30.79
7740,323,39.27,550.34,-10.74,12.03,False,0.0,0.0,0.0,18.98,17.93,22.21,30.84
7741,323,38.49,538.52,-10.67,10.41,False,0.0,0.0,0.0,19.34,17.1,20.61,30.14
7742,323,36.26,504.08,-10.65,9.27,False,0.0,0.0,0.0,19.41,16.31,22.0,29.68
7743,323,32.84,449.95,-10.63,8.97,False,0.0,0.0,0.0,19.36,15.83,21.57,29.53
7744,323,28.57,380.8,-10.43,7.22,False,0.0,0.0,0.0,19.98,19.27,23.06,28.67
7745,323,23.8,302.7,-10.54,7.43,False,0.0,0.0,0.0,19.3,18.4,21.32,28.85
7746,323,18.87,222.66,-10.52,5.41,False,0.0,0.0,0.0,19.36,17.14,22.08,28.05
7747,323,14.08,148.03,-10.7,7.69,False,0.0,0.0,0.0,19.56,17.57,11.2,29.11
7748,323,9.71,85.69,-11.07,8.01,False,0.0,0.0,0.0,19.8,17.11,11.11,29.59
7749,323,6.01,40.77,-11.33,7.98,False,0.0,0.0,0.0,19.73,12.31,11.76,29.82
7750,323,3.18,14.85,-11.93,7.8,False,0.0,0.0,0.0,19.65,11.22,11.21,30.32
7751,323,1.41,6.35,-12.16,7.39,False,0.0,0.0,0.0,18.84,11.47,12.8,30.36
7752,324,1.01,4.56,-12.33,7.14,False,0.0,0.0,0.0,19.28,12.26,10.12,30.43
7753,324,1.61,7.28,-12.47,5.08,False,0.0,0.0,0.0,19.82,13.06,11.94,29.71
7754,324,3.38,16.39,-12.45,5.84,False,0.0,0.0,0.0,19.59,12.49,11.44,30.0
7755,324,6.21,42.93,-12.83,5.43,False,0.0,0.0,0.0,19.87,12.89,11.46,30.17
7756,324,9.91,88.33,-12.77,5.36,False,0.0,0.0,0.0,20.29,11.65,11.71,30.1
7757,324,14.28,150.98,-12.55,5.8,False,0.0,0.0,0.0,19.03,11.4,12.2,30.07
7758,324,19.07,225.77,-12.3,5.89,False,0.0,0.0,0.0,19.93,10.35,11.69,29.88
7759,324,23.99,305.88,-11.94,6.39,False,0.0,0.0,0.0,19.3,11.96,12.2,29.75
7760,324,28.76,384.0,-11.67,4.98,False,0.0,0.0,0.0,19.77,17.8,11.53,28.93
7761,324,33.04,453.13,-11.22,5.25,False,0.0,0.0,0.0,19.33,17.26,10.78,28.63
7762,324,36.46,507.24,-11.0,6.04,False,0.0,0.0,0.0,20.17,16.88,21.94,28.73
7763,324,38.7,541.66,-10.71,4.74,False,0.0,0.0,0.0,19.34,18.49,22.81,27.96
7764,324,39.47,553.47,-10.19,6.33,False,0.0,0.0,0.0,18.97,18.01,21.71,28.1
7765,324,38.7,541.66,-10.08,7.4,False,0.0,0.0,0.0,19.38,18.55,21.24,28.41
7766,324,36.46,507.24,-9.67,7.66,False,0.0,0.0,0.0,19.29,16.74,22.43,28.11
7767,324,33.04,453.13,-9.66,9.67,False,0.0,0.0,0.0,19.62,16.93,22.24,28.87
7768,324,28.76,384.0,-9.85,8.98,False,0.0,0.0,0.0,19.36,18.46,21.46,28.8
7769,324,23.99,305.88,-9.98,8.97,False,0.0,0.0,0.0,20.19,17.46,21.84,28.92
7770,324,19.07,225.77,-10.32,7.02,False,0.0,0.0,0.0,19.19,17.04,21.87,28.49
7771,324,14.28,150.98,-10.72,5.92,False,0.0,0.0,0.0,19.25,17.1,11.5,28.43
7772,324,9.91,88.33,-10.86,6.83,False,0.0,0.0,0.0,19.06,17.49,11.95,28.92
7773,324,6.21,42.93,-11.23,4.8,False,0.0,0.0,0.0,19.38,12.7,11.22,28.46
7774,324,3.38,16.39,-11.71,5.81,False,0.0,0.0,0.0,19.5,11.77,11.99,29.31
7775,324,1.61,7.28,-12.06,6.95,False,0.0,0.0,0.0,19.56,12.53,11.13,30.09
7776,325,1.21,5.46,-12.67,7.79,False,0.0,0.0,0.0,19.55,12.27,12.67,31.01
7777,325,1.81,8.19,-12.73,8.36,False,0.0,0.0,0.0,19.28,11.2,12.68,31.31
7778,325,3.58,17.94,-12.6,9.27,False,0.0,0.0,0.0,19.16,11.2,10.9,31.56
7779,325,6.4,45.07,-12.93,8.82,False,0.0,0.0,0.0,19.4,11.54,10.64,31.7
7780,325,10.1,90.92,-12.99,7.82,False,0.0,0.0,0.0,20.01,10.83,12.18,31.33
7781,325,14.47,153.85,-12.7,7.37,False,0.0,0.0,0.0,20.07,11.49,11.68,30.86
7782,325,19.25,228.79,-12.72,7.6,False,0.0,0.0,0.0,19.5,13.11,11.89,30.98
7783,325,24.18,308.96,-12.65,7.24,False,0.0,0.0,0.0,19.14,11.87,11.04,30.77
7784,325,28.95,387.09,-12.35,5.79,False,0.0,0.0,0.0,19.45,16.89,11.41,29.89
7785,325,33.23,456.22,-12.33,6.8,False,0.0,0.0,0.0,20.32,19.03,11.26,30.29
7786,325,36.66,510.3,-11.72,7.37,False,0.0,0.0,0.0,19.81,16.76,22.21,29.94
7787,325,38.9,544.7,-11.45,7.56,False,0.0,0.0,0.0,19.59,16.73,21.13,29.76
7788,325,39.67,556.5,-11.32,6.89,False,0.0,0.0,0.0,19.74,18.48,21.93,29.37
7789,325,38.9,544.7,-11.12,6.78,False,0.0,0.0,0.0,19.95,18.03,21.12,29.14
7790,325,36.66,510.3,-10.75,6.87,False,0.0,0.0,0.0,18.83,17.4,21.64,28.83
7791,325,33.23,456.22,-10.47,6.56,False,0.0,0.0,0.0,19.1,18.17,21.93,28.45
7792,325,28.95,387.09,-10.77,7.34,False,0.0,0.0,0.0,19.08,17.74,22.36,29.04
7793,325,24.18,308.96,-10.94,7.17,False,0.0,0.0,0.0,19.55,16.55,22.41,29.13
7794,325,19.25,228.79,-11.26,6.84,False,0.0,0.0,0.0,19.41,15.58,22.53,29.29
7795,325,14.47,153.85,-11.66,6.78,False,0.0,0.0,0.0,19.7,17.05,10.46,29.64
7796,325,10.1,90.92,-11.94,7.66,False,0.0,0.0,0.0,19.23,18.37,12.38,30.27
7797,325,6.4,45.07,-12.28,8.21,False,0.0,0.0,0.0,20.02,11.56,11.05,30.81
7798,325,3.58,17.94,-12.54,7.21,False,0.0,0.0,0.0,19.48,12.27,11.1,30.64
7799,325,1.81,8.19,-12.91,6.83,False,0.0,0.0,0.0,19.83,12.05,11.69,30.84
7800,326,1.4,6.34,-13.42,7.78,False,0.0,0.0,0.0,20.09,10.55,11.26,31.72
7801,326,2.01,9.06,-13.71,7.98,False,0.0,0.0,0.0,20.09,11.57,11.75,32.09
7802,326,3.77,19.49,-14.12,10.17,False,0.0,0.0,0.0,19.84,12.19,11.88,33.42
7803,326,6.59,47.18,-14.11,9.89,False,0.0,0.0,0.0,20.02,11.27,10.97,33.3
7804,326,10.29,93.44,-13.96,10.21,False,0.0,0.0,0.0,20.37,11.61,11.37,33.29
7805,326,14.65,156.64,-13.87,10.6,False,0.0,0.0,0.0,19.87,12.21,11.39,33.37
7806,326,19.44,231.72,-13.52,10.43,False,0.0,0.0,0.0,19.33,11.96,12.17,32.95
7807,326,24.37,311.96,-13.09,10.94,False,0.0,0.0,0.0,19.8,12.74,11.17,32.74
7808,326,29.14,390.09,-12.71,8.1,False,0.0,0.0,0.0,19.51,17.81,11.14,31.18
7809,326,33.42,459.2,-12.33,9.78,False,0.0,0.0,0.0,18.54,16.74,10.78,31.51
7810,326,36.85,513.26,-11.87,9.36,False,0.0,0.0,0.0,19.61,17.12,21.36,30.89
7811,326,39.09,547.65,-11.37,8.59,False,0.0,0.0,0.0,19.41,17.52,21.05,30.1
7812,326,39.87,559.44,-11.13,9.14,False,0.0,0.0,0.0,19.8,18.57,21.51,30.09
7813,326,39.09,547.65,-10.91,7.66,False,0.0,0.0,0.0,19.01,17.12,23.12,29.3
7814,326,36.85,513.26,-10.8,7.27,False,0.0,0.0,0.0,18.69,16.11,22.48,29.04
7815,326,33.42,459.2,-10.52,5.1,False,0.0,0.0,0.0,19.33,17.85,22.89,27.93
7816,326,29.14,390.09,-10.56,5.62,False,0.0,0.0,0.0,19.42,16.9,21.33,28.16
7817,326,24.37,311.96,-10.69,6.4,False,0.0,0.0,0.0,19.32,16.47,20.64,28.59
7818,326,19.44,231.72,-10.8,5.15,False,0.0,0.0,0.0,19.3,17.52,22.22,28.21
7819,326,14.65,156.64,-10.93,6.2,False,0.0,0.0,0.0,18.88,18.28,12.8,28.74
7820,326,10.29,93.44,-11.22,6.47,False,0.0,0.0,0.0,19.29,17.04,11.16,29.11
7821,326,6.59,47.18,-11.54,7.72,False,0.0,0.0,0.0,19.25,12.3,11.57,29.92
7822,326,3.77,19.49,-11.98,7.28,False,0.0,0.0,0.0,19.87,12.45,10.4,30.15
7823,326,2.01,9.06,-12.32,7.67,False,0.0,0.0,0.0,19.63,12.53,11.52,30.63
7824,327,1.59,7.2,-12.61,8.13,False,0.0,0.0,0.0,19.4,11.31,11.41,31.1
7825,327,2.19,9.91,-12.81,8.42,False,0.0,0.0,0.0,20.23,11.0,10.03,31.42
7826,327,3.96,21.04,-13.19,8.97,False,0.0,0.0,0.0,19.48,11.11,10.77,32.01
7827,327,6.77,49.25,-13.24,8.88,False,0.0,0.0,0.0,19.81,12.53,10.72,32.01
7828,327,10.47,95.91,-12.8,7.98,False,0.0,0.0,0.0,19.47,12.43,10.39,31.21
7829,327,14.83,159.35,-12.8,7.51,False,0.0,0.0,0.0,20.19,11.13,10.99,31.02
7830,327,19.61,234.57,-12.53,8.29,False,0.0,0.0,0.0,19.54,13.61,11.86,31.09
7831,327,24.54,314.85,-12.3,7.09,False,0.0,0.0,0.0,19.52,11.04,11.06,30.37
7832,327,29.32,393.0,-11.92,6.54,False,0.0,0.0,0.0,19.37,18.3,12.3,29.79
7833,327,33.6,462.09,-11.31,6.75,False,0.0,0.0,0.0,19.44,18.72,11.25,29.31
7834,327,37.04,516.13,-10.96,7.55,False,0.0,0.0,0.0,19.8,17.59,22.23,29.3
7835,327,39.28,550.49,-10.49,9.26,False,0.0,0.0,0.0,19.6,16.88,22.35,29.51
7836,327,40.06,562.28,-10.01,8.12,False,0.0,0.0,0.0,19.21,16.9,23.07,28.61
7837,327,39.28,550.49,-9.82,9.23,False,0.0,0.0,0.0,19.86,17.29,21.5,28.86
7838,327,37.04,516.13,-9.78,9.51,False,0.0,0.0,0.0,19.52,18.36,22.31,28.92
7839,327,33.6,462.09,-9.92,8.37,False,0.0,0.0,0.0,19.02,16.54,21.34,28.62
7840,327,29.32,393.0,-10.15,9.87,False,0.0,0.0,0.0,18.67,16.03,23.21,29.43
7841,327,24.54,314.85,-10.56,7.61,False,0.0,0.0,0.0,19.1,17.79,21.27,28.94
7842,327,19.61,234.57,-10.76,9.33,False,0.0,0.0,0.0,19.46,17.97,22.27,29.8
7843,327,14.83,159.35,-10.94,9.27,False,0.0,0.0,0.0,19.55,19.07,12.59,29.95
7844,327,10.47,95.91,-11.4,8.75,False,0.0,0.0,0.0,19.91,16.39,10.66,30.19
7845,327,6.77,49.25,-11.93,9.67,False,0.0,0.0,0.0,18.99,11.79,11.92,31.08
7846,327,3.96,21.04,-12.36,8.16,False,0.0,0.0,0.0,19.31,12.83,10.81,30.87
7847,327,2.19,9.91,-12.78,9.42,False,0.0,0.0,0.0,19.06,12.0,13.13,31.8
7848,328,1.77,8.02,-13.07,8.34,False,0.0,0.0,0.0,19.03,11.74,10.18,31.63
7849,328,2.38,10.73,-13.18,8.74,False,0.0,0.0,0.0,19.33,12.53,10.44,31.9
7850,328,4.14,22.59,-13.31,9.37,False,0.0,0.0,0.0,19.74,11.42,10.71,32.29
7851,328,6.95,51.27,-13.55,7.83,False,0.0,0.0,0.0,19.93,12.58,10.74,31.87
7852,328,10.64,98.3,-13.38,8.2,False,0.0,0.0,0.0,19.23,10.9,11.86,31.87
7853,328,15.0,161.98,-13.08,7.07,False,0.0,0.0,0.0,19.25,10.68,12.76,31.09
7854,328,19.78,237.32,-12.53,7.1,False,0.0,0.0,0.0,18.79,11.68,12.31,30.59
7855,328,24.71,317.66,-11.96,5.81,False,0.0,0.0,0.0,19.52,9.85,11.66,29.54
7856,328,29.49,395.81,-11.69,4.62,False,0.0,0.0,0.0,19.11,17.57,11.51,28.8
7857,328,33.77,464.88,-10.94,4.76,False,0.0,0.0,0.0,19.98,16.11,11.08,28.18
7858,328,37.21,518.89,-10.54,4.56,False,0.0,0.0,0.0,19.43,17.73,22.27,27.74
7859,328,39.46,553.24,-10.23,5.04,False,0.0,0.0,0.0,19.16,17.65,21.85,27.64
7860,328,40.24,565.02,-9.83,5.19,False,0.0,0.0,0.0,18.92,17.45,22.13,27.32
7861,328,39.46,553.24,-9.72,5.33,False,0.0,0.0,0.0,18.57,17.85,21.48,27.28
7862,328,37.21,518.89,-9.47,6.61,False,0.0,0.0,0.0,18.59,17.66,21.16,27.53
7863,328,33.77,464.88,-9.73,7.45,False,0.0,0.0,0.0,18.92,17.27,22.02,28.1
7864,328,29.49,395.81,-9.96,7.17,False,0.0,0.0,0.0,18.92,18.96,22.0,28.2
7865,328,24.71,317.66,-9.86,8.04,False,0.0,0.0,0.0,18.78,17.81,21.58,28.44
7866,328,19.78,237.32,-10.1,8.28,False,0.0,0.0,0.0,19.36,18.12,21.46,28.77
7867,328,15.0,161.98,-10.32,9.08,False,0.0,0.0,0.0,19.44,18.36,11.89,29.28
7868,328,10.64,98.3,-10.58,8.39,False,0.0,0.0,0.0,19.09,18.03,11.82,29.26
7869,328,6.95,51.27,-11.05,6.88,False,0.0,0.0,0.0,20.1,13.55,12.81,29.11
7870,328,4.14,22.59,-11.58,7.89,False,0.0,0.0,0.0,18.69,12.03,12.47,30.02
7871,328,2.38,10.73,-11.91,7.7,False,0.0,0.0,0.0,19.45,11.89,10.66,30.25
7872,329,1.95,8.82,-12.3,6.8,False,0.0,0.0,0.0,19.39,11.38,11.37,30.25
7873,329,2.55,11.53,-12.4,6.21,False,0.0,0.0,0.0,19.27,11.69,10.54,30.1
7874,329,4.31,24.12,-12.32,6.85,False,0.0,0.0,0.0,19.2,11.32,10.21,30.3
7875,329,7.12,53.26,-12.36,8.26,False,0.0,0.0,0.0,19.48,12.44,13.04,30.92
7876,329,10.81,100.63,-12.32,8.25,False,0.0,0.0,0.0,19.39,11.17,12.54,30.87
7877,329,15.17,164.53,-12.06,6.98,False,0.0,0.0,0.0,19.29,11.96,11.06,30.1
7878,329,19.95,239.98,-11.93,7.52,False,0.0,0.0,0.0,18.91,12.35,12.37,30.2
7879,329,24.88,320.37,-11.69,7.01,False,0.0,0.0,0.0,18.76,12.02,12.47,29.77
7880,329,29.65,398.52,-11.35,6.55,False,0.0,0.0,0.0,19.25,16.78,10.16,29.27
7881,329,33.94,467.57,-10.94,5.29,False,0.0,0.0,0.0,19.15,18.06,12.1,28.39
7882,329,37.39,521.56,-10.53,5.44,False,0.0,0.0,0.0,19.18,17.43,21.66,28.06
7883,329,39.63,555.89,-10.27,6.09,False,0.0,0.0,0.0,19.19,15.2,22.27,28.08
7884,329,40.42,567.66,-9.96,6.94,False,0.0,0.0,0.0,18.99,16.71,24.11,28.12
7885,329,39.63,555.89,-9.77,6.84,False,0.0,0.0,0.0,19.09,18.62,23.11,27.9
7886,329,37.39,521.56,-9.83,6.57,False,0.0,0.0,0.0,18.84,18.69,21.91,27.85
7887,329,33.94,467.57,-9.52,7.17,False,0.0,0.0,0.0,19.75,17.92,23.0,27.79
7888,329,29.65,398.52,-9.65,6.08,False,0.0,0.0,0.0,18.84,18.13,20.65,27.5
7889,329,24.88,320.37,-9.95,6.63,False,0.0,0.0,0.0,19.05,16.88,22.35,27.99
7890,329,19.95,239.98,-10.42,5.72,False,0.0,0.0,0.0,18.96,17.29,22.37,28.07
7891,329,15.17,164.53,-10.95,6.04,False,0.0,0.0,0.0,19.02,18.49,11.99,28.69
7892,329,10.81,100.63,-11.12,5.69,False,0.0,0.0,0.0,19.34,17.84,11.14,28.71
7893,329,7.12,53.26,-11.77,5.33,False,0.0,0.0,0.0,19.37,11.95,11.77,29.16
7894,329,4.31,24.12,-12.05,6.0,False,0.0,0.0,0.0,19.26,11.75,12.1,29.69
7895,329,2.55,11.53,-12.36,5.31,False,0.0,0.0,0.0,19.37,12.84,9.87,29.7
7896,330,2.12,9.59,-12.64,5.91,False,0.0,0.0,0.0,19.23,12.8,11.28,30.2
7897,330,2.72,12.29,-12.84,6.72,False,0.0,0.0,0.0,19.7,12.42,10.87,30.72
7898,330,4.48,25.62,-13.02,6.89,False,0.0,0.0,0.0,20.38,11.95,11.96,30.97
7899,330,7.29,55.19,-12.95,7.04,False,0.0,0.0,0.0,19.2,11.61,12.46,30.96
7900,330,10.98,32.93,-12.91,7.03,True,1.0,0.2,0.25,19.71,12.45,11.07,30.93
7901,330,15.33,53.44,-13.72,9.59,True,1.0,0.2,0.25,19.66,11.02,10.74,32.79
7902,330,20.11,77.62,-14.16,11.02,True,1.0,0.2,0.25,19.97,11.18,11.58,33.83
7903,330,25.04,103.35,-14.43,11.9,True,1.0,0.2,0.25,20.01,10.74,10.69,34.48
7904,330,29.81,128.36,-14.66,13.38,True,1.0,0.2,0.25,19.84,18.49,11.34,35.37
7905,330,34.11,150.45,-15.17,15.4,True,1.0,0.2,0.25,19.8,16.92,11.27,36.8
7906,330,37.55,167.72,-15.02,15.48,True,1.0,0.2,0.25,19.63,17.82,11.91,36.68
7907,330,39.8,178.7,-15.27,16.06,True,1.0,0.2,0.25,19.53,17.4,11.72,37.2
7908,330,40.59,182.46,-15.29,17.34,True,1.0,0.2,0.25,19.8,19.82,11.61,37.8
7909,330,39.8,178.7,-15.53,18.45,True,1.0,0.2,0.25,19.35,17.85,12.65,38.56
7910,330,37.55,167.72,-15.75,19.53,True,1.0,0.2,0.25,19.65,16.01,11.69,39.29
7911,330,34.11,150.45,-15.71,21.29,True,1.0,0.2,0.25,20.33,18.44,11.21,40.05
7912,330,29.81,128.36,-15.9,22.73,True,1.0,0.2,0.25,19.95,17.19,11.29,40.92
7913,330,25.04,103.35,-15.75,24.27,True,1.0,0.2,0.25,20.25,17.34,10.96,41.45
7914,330,20.11,77.62,-15.68,23.89,True,1.0,0.2,0.25,20.47,16.96,10.79,41.19
7915,330,15.33,53.44,-15.96,24.34,True,1.0,0.2,0.25,19.84,17.66,10.53,41.73
7916,330,10.98,32.93,-15.87,23.78,True,1.0,0.2,0.25,19.99,17.65,12.29,41.37
7917,330,7.29,17.66,-15.76,22.09,True,1.0,0.2,0.25,19.77,11.38,11.0,40.46
7918,330,4.48,8.2,-15.55,20.09,True,1.0,0.2,0.25,19.54,11.49,11.72,39.32
7919,330,2.72,3.93,-15.46,16.46,True,1.0,0.2,0.25,19.47,11.98,11.29,37.59
7920,331,2.28,3.3,-14.79,16.19,True,1.0,0.2,0.25,20.11,10.03,11.48,36.75
7921,331,2.88,4.17,-14.26,14.22,True,1.0,0.2,0.25,19.79,10.75,12.31,35.33
7922,331,4.64,8.67,-13.62,13.88,True,1.0,0.2,0.25,20.37,13.24,11.62,34.53
7923,331,7.45,18.26,-13.29,11.44,True,1.0,0.2,0.25,19.98,12.16,10.85,33.15
7924,331,11.13,33.62,-12.45,9.76,True,1.0,0.2,0.25,19.2,11.48,11.11,31.62
7925,331,15.49,54.2,-11.71,8.65,True,1.0,0.2,0.25,19.74,10.54,12.1,30.45
7926,331,20.26,245.03,-11.38,7.95,False,0.0,0.2,0.25,19.24,11.85,11.84,29.85
7927,331,25.19,325.49,-11.1,7.96,False,0.0,0.2,0.25,19.82,12.69,12.15,29.59
7928,331,29.97,403.64,-10.92,7.96,False,0.0,0.2,0.25,19.12,19.61,11.33,29.42
7929,331,34.26,472.65,-10.44,7.28,False,0.0,0.2,0.25,18.83,19.01,10.52,28.7
7930,331,37.71,526.59,-10.01,7.93,False,0.0,0.2,0.25,18.88,16.79,22.35,28.55
7931,331,39.97,560.88,-9.51,7.82,False,0.0,0.2,0.25,18.84,17.1,22.18,28.02
7932,331,40.75,572.64,-9.25,6.92,False,0.0,0.2,0.25,18.77,16.32,22.2,27.44
7933,331,39.97,560.88,-9.12,6.82,False,0.0,0.2,0.25,18.87,16.83,21.03,27.29
7934,331,37.71,526.59,-8.85,5.79,False,0.0,0.2,0.25,19.41,17.33,21.55,26.66
7935,331,34.26,472.65,-8.79,6.11,False,0.0,0.2,0.25,19.77,17.21,21.34,26.72
7936,331,29.97,403.64,-8.94,5.24,False,0.0,0.2,0.25,18.54,19.14,22.28,26.53
7937,331,25.19,325.49,-8.85,5.37,False,0.0,0.2,0.25,19.57,16.45,22.3,26.5
7938,331,20.26,245.03,-8.9,5.76,False,0.0,0.2,0.25,18.88,17.46,21.97,26.69
7939,331,15.49,169.37,-9.35,5.45,False,0.0,0.2,0.25,19.26,15.85,12.18,26.99
7940,331,11.13,105.08,-9.59,4.84,False,0.0,0.2,0.25,18.49,17.76,12.54,26.98
7941,331,7.45,57.07,-9.82,4.38,False,0.0,0.2,0.25,19.39,10.83,11.75,27.02
7942,331,4.64,27.11,-10.39,6.26,False,0.0,0.2,0.25,18.44,12.78,11.97,28.26
7943,331,2.88,13.03,-10.78,7.56,False,0.0,0.2,0.25,19.42,11.67,11.12,29.13
7944,332,2.44,11.03,-10.96,7.68,False,0.0,0.2,0.25,19.42,10.78,10.99,29.35
7945,332,3.04,13.84,-11.18,9.92,False,0.0,0.2,0.25,19.42,10.22,12.21,30.44
7946,332,4.8,28.56,-11.25,10.82,False,0.0,0.2,0.25,19.06,11.12,10.89,30.88
7947,332,7.6,58.89,-11.39,11.12,False,0.0,0.2,0.25,19.59,12.09,11.99,31.13
7948,332,11.28,107.19,-11.22,9.07,False,0.0,0.2,0.25,19.5,12.24,12.7,30.14
7949,332,15.63,171.66,-11.01,8.91,False,0.0,0.2,0.25,19.24,11.5,11.96,29.88
7950,332,20.41,247.41,-10.96,9.16,False,0.0,0.2,0.25,19.58,12.64,11.44,29.93
7951,332,25.34,327.9,-10.66,7.92,False,0.0,0.2,0.25,19.24,10.99,10.56,29.16
7952,332,30.12,406.05,-10.32,8.53,False,0.0,0.2,0.25,19.45,15.16,11.61,29.06
7953,332,34.41,475.04,-9.72,9.23,False,0.0,0.2,0.25,19.12,17.73,12.21,28.76
7954,332,37.87,528.96,-9.35,9.04,False,0.0,0.2,0.25,19.21,18.53,21.87,28.33
7955,332,40.12,563.23,-8.8,7.53,False,0.0,0.2,0.25,19.29,18.54,22.72,27.25
7956,332,40.91,574.98,-8.81,6.51,False,0.0,0.2,0.25,18.9,16.46,22.26,26.88
7957,332,40.12,563.23,-8.72,5.29,False,0.0,0.2,0.25,18.55,17.06,22.2,26.34
7958,332,37.87,528.96,-8.49,4.23,False,0.0,0.2,0.25,19.13,18.08,21.78,25.75
7959,332,34.41,475.04,-8.32,3.65,False,0.0,0.2,0.25,19.47,17.0,20.98,25.39
7960,332,30.12,406.05,-8.31,3.94,False,0.0,0.2,0.25,19.12,17.58,21.7,25.49
7961,332,25.34,327.9,-8.29,4.37,False,0.0,0.2,0.25,19.12,16.93,21.7,25.62
7962,332,20.41,247.41,-8.76,4.91,False,0.0,0.0,0.25,19.03,16.63,22.4,26.24
7963,332,15.63,171.66,-9.21,5.38,False,0.0,0.0,0.25,19.4,16.78,11.49,26.83
7964,332,11.28,107.19,-9.51,5.41,False,0.0,0.0,0.25,19.07,18.26,12.26,27.12
7965,332,7.6,58.89,-10.02,6.32,False,0.0,0.0,0.25,19.02,11.91,11.7,27.94
7966,332,4.8,28.56,-10.28,7.99,False,0.0,0.0,0.25,19.68,12.92,11.15,28.82
7967,332,3.04,13.84,-10.72,7.39,False,0.0,0.0,0.25,19.07,12.32,10.93,29.0
7968,333,2.59,11.72,-11.11,6.94,False,0.0,0.0,0.25,19.69,13.19,11.08,29.2
7969,333,3.19,14.94,-11.16,7.73,False,0.0,0.0,0.25,19.78,12.55,11.61,29.56
7970,333,4.95,29.98,-11.45,7.86,False,0.0,0.0,0.25,19.6,12.51,11.24,29.88
7971,333,7.75,60.66,-11.42,8.11,False,0.0,0.0,0.25,18.87,11.8,10.75,29.96
7972,333,11.43,109.22,-11.14,6.53,False,0.0,0.0,0.25,19.35,14.31,12.2,29.07
7973,333,15.78,173.86,-11.0,7.89,False,0.0,0.0,0.25,19.24,11.99,11.61,29.47
7974,333,20.55,249.7,-10.99,9.63,False,0.0,0.0,0.0,19.12,10.32,11.69,30.15
7975,333,25.48,330.22,-10.48,9.12,False,0.0,0.0,0.0,19.32,12.11,10.92,29.46
7976,333,30.26,408.36,-10.25,8.42,False,0.0,0.0,0.0,19.54,16.71,10.77,28.96
7977,333,34.56,477.33,-9.94,8.81,False,0.0,0.0,0.0,19.01,18.31,11.39,28.82
7978,333,38.01,531.23,-9.26,9.85,False,0.0,0.0,0.0,19.04,18.08,20.58,28.54
7979,333,40.27,565.48,-8.78,9.65,False,0.0,0.0,0.0,18.96,17.35,22.55,28.01
7980,333,41.06,577.23,-8.74,7.72,False,0.0,0.0,0.0,19.51,16.79,21.51,27.26
7981,333,40.27,565.48,-8.22,8.07,False,0.0,0.0,0.0,18.88,17.62,21.81,26.89
7982,333,38.01,531.23,-7.91,8.14,False,0.0,0.0,0.0,18.46,16.99,22.3,26.62
7983,333,34.56,477.33,-7.79,6.79,False,0.0,0.0,0.0,18.31,18.13,21.84,26.03
7984,333,30.26,408.36,-7.84,6.35,False,0.0,0.0,0.0,19.09,17.94,21.18,25.92
7985,333,25.48,330.22,-8.12,5.5,False,0.0,0.0,0.0,18.67,19.85,23.05,25.87
7986,333,20.55,249.7,-8.22,6.68,False,0.0,0.0,0.0,19.25,17.14,20.93,26.39
7987,333,15.78,173.86,-8.34,6.28,False,0.0,0.0,0.0,18.47,17.26,9.93,26.36
7988,333,11.43,109.22,-8.75,6.21,False,0.0,0.0,0.0,18.83,17.38,12.11,26.72
7989,333,7.75,60.66,-9.3,6.94,False,0.0,0.0,0.0,18.58,11.81,10.48,27.5
7990,333,4.95,29.98,-9.58,7.84,False,0.0,0.0,0.0,19.32,12.72,12.38,28.1
7991,333,3.19,14.94,-9.9,7.65,False,0.0,0.0,0.0,19.45,11.68,11.76,28.33
7992,334,2.74,12.37,-10.03,7.53,False,0.0,0.0,0.0,19.34,13.48,11.7,28.41
7993,334,3.33,16.02,-10.3,7.1,False,0.0,0.0,0.0,18.8,12.37,11.1,28.5
7994,334,5.09,31.36,-10.43,7.72,False,0.0,0.0,0.0,18.95,11.51,10.92,28.86
7995,334,7.89,62.36,-10.37,7.1,False,0.0,0.0,0.0,19.34,11.31,11.24,28.57
7996,334,11.57,111.17,-10.4,5.83,False,0.0,0.0,0.0,18.57,12.73,10.89,28.1
7997,334,15.91,175.97,-10.29,5.48,False,0.0,0.0,0.0,19.14,11.92,12.35,27.86
7998,334,20.69,251.89,-9.71,6.86,False,0.0,0.0,0.0,19.77,11.91,10.98,27.85
7999,334,25.61,332.44,-9.36,7.33,False,0.0,0.0,0.0,19.05,11.42,11.85,27.7
8000,334,30.4,410.57,-9.02,7.4,False,0.0,0.0,0.0,18.49,17.45,12.2,27.4
8001,334,34.7,479.52,-8.38,7.56,False,0.0,0.0,0.0,18.76,16.99,10.88,26.86
8002,334,38.16,533.39,-8.08,7.85,False,0.0,0.0,0.0,18.72,18.59,22.26,26.68
8003,334,40.41,567.63,-8.0,8.59,False,0.0,0.0,0.0,19.82,18.07,21.37,26.87
8004,334,41.2,579.37,-7.65,6.81,False,0.0,0.0,0.0,19.58,17.36,21.88,25.91
8005,334,40.41,567.63,-7.63,6.54,False,0.0,0.0,0.0,19.21,17.35,21.68,25.79
8006,334,38.16,533.39,-7.54,6.18,False,0.0,0.0,0.0,18.77,17.57,21.51,25.58
8007,334,34.7,479.52,-7.87,5.83,False,0.0,0.0,0.0,19.42,17.5,22.11,25.76
8008,334,30.4,410.57,-7.99,5.86,False,0.0,0.0,0.0,18.51,16.73,21.15,25.88
8009,334,25.61,332.44,-8.39,6.76,False,0.0,0.0,0.0,19.44,15.98,22.65,26.58
8010,334,20.69,251.89,-8.61,6.4,False,0.0,0.0,0.0,19.4,16.86,21.24,26.65
8011,334,15.91,175.97,-9.28,5.55,False,0.0,0.0,0.0,19.05,17.4,10.61,26.96
8012,334,11.57,111.17,-9.72,5.5,False,0.0,0.0,0.0,19.62,16.91,11.32,27.35
8013,334,7.89,62.36,-10.07,7.55,False,0.0,0.0,0.0,19.03,12.56,11.24,28.45
8014,334,5.09,31.36,-10.53,8.12,False,0.0,0.0,0.0,18.76,11.72,11.75,29.11
8015,334,3.33,16.02,-10.76,7.58,False,0.0,0.0,0.0,19.68,13.4,11.56,29.12
8016,335,2.87,12.99,-10.88,9.23,False,0.0,0.0,0.0,19.27,11.45,10.36,29.88
8017,335,3.47,17.08,-11.33,10.05,False,0.0,0.0,0.0,19.6,12.01,12.19,30.64
8018,335,5.22,32.7,-11.48,12.04,False,0.0,0.0,0.0,20.11,11.67,11.31,31.59
8019,335,8.02,64.0,-11.69,10.19,False,0.0,0.0,0.0,19.11,12.25,11.67,31.06
8020,335,11.7,113.05,-11.73,9.1,False,0.0,0.0,0.0,19.35,12.75,13.04,30.66
8021,335,16.04,177.99,-11.56,9.18,False,0.0,0.0,0.0,20.02,12.39,12.4,30.52
8022,335,20.81,253.98,-11.15,7.92,False,0.0,0.0,0.0,19.61,10.28,11.65,29.62
8023,335,25.74,334.55,-10.99,8.23,False,0.0,0.0,0.0,19.04,12.3,10.54,29.59
8024,335,30.53,412.68,-10.7,6.33,False,0.0,0.0,0.0,18.9,16.69,10.55,28.58
8025,335,34.83,481.61,-10.48,6.86,False,0.0,0.0,0.0,19.05,17.25,12.31,28.57
8026,335,38.29,535.46,-10.14,6.92,False,0.0,0.0,0.0,18.92,18.05,21.72,28.28
8027,335,40.55,569.68,-9.63,5.84,False,0.0,0.0,0.0,19.25,16.6,21.88,27.39
8028,335,41.34,581.41,-9.34,7.01,False,0.0,0.0,0.0,19.15,18.42,21.2,27.56
8029,335,40.55,569.68,-9.13,7.64,False,0.0,0.0,0.0,19.21,17.22,22.31,27.6
8030,335,38.29,535.46,-9.1,9.35,False,0.0,0.0,0.0,18.76,19.24,22.8,28.2
8031,335,34.83,481.61,-9.17,9.54,False,0.0,0.0,0.0,19.07,17.55,23.07,28.34
8032,335,30.53,412.68,-9.2,10.23,False,0.0,0.0,0.0,18.28,18.86,21.69,28.63
8033,335,25.74,334.55,-9.42,11.17,False,0.0,0.0,0.0,19.19,18.46,22.45,29.19
8034,335,20.81,253.98,-9.93,9.55,False,0.0,0.0,0.0,19.66,17.01,21.93,29.08
8035,335,16.04,177.99,-10.19,8.19,False,0.0,0.0,0.0,18.65,16.46,12.12,28.82
8036,335,11.7,113.05,-10.52,6.45,False,0.0,0.0,0.0,19.46,17.59,11.5,28.45
8037,335,8.02,64.0,-11.2,6.94,False,0.0,0.0,0.0,19.1,11.43,10.92,29.27
8038,335,5.22,32.7,-11.63,6.06,False,0.0,0.0,0.0,19.72,13.16,12.42,29.33
8039,335,3.47,17.08,-11.71,6.99,False,0.0,0.0,0.0,19.47,11.7,11.57,29.78
8040,336,3.01,13.6,-11.98,7.68,False,0.0,0.0,0.0,19.6,11.66,11.25,30.32
8041,336,3.6,18.12,-11.99,8.58,False,0.0,0.0,0.0,19.46,10.78,11.62,30.69
8042,336,5.35,34.0,-12.14,8.24,False,0.0,0.0,0.0,19.99,12.24,10.98,30.69
8043,336,8.15,65.58,-11.82,6.99,False,0.0,0.0,0.0,19.56,10.96,11.79,29.88
8044,336,11.82,114.84,-11.73,8.81,False,0.0,0.0,0.0,19.13,12.25,11.36,30.53
8045,336,16.17,179.91,-11.61,7.4,False,0.0,0.0,0.0,19.43,12.36,10.94,29.85
8046,336,20.94,255.97,-11.26,7.03,False,0.0,0.0,0.0,19.2,11.3,13.16,29.37
8047,336,25.87,336.57,-10.86,6.14,False,0.0,0.0,0.0,19.37,12.67,10.79,28.65
8048,336,30.65,414.69,-10.49,6.19,False,0.0,0.0,0.0,19.09,17.28,11.75,28.32
8049,336,34.96,483.6,-9.91,6.12,False,0.0,0.0,0.0,18.92,16.32,11.54,27.76
8050,336,38.42,537.42,-9.58,5.1,False,0.0,0.0,0.0,19.23,18.74,21.28,27.07
8051,336,40.68,571.63,-9.36,5.41,False,0.0,0.0,0.0,19.15,16.76,21.76,26.98
8052,336,41.47,583.36,-9.17,5.83,False,0.0,0.0,0.0,19.53,17.91,21.06,26.96
8053,336,40.68,571.63,-8.78,5.67,False,0.0,0.0,0.0,18.89,17.84,23.45,26.55
8054,336,38.42,537.42,-8.77,6.91,False,0.0,0.0,0.0,18.26,17.81,21.81,26.99
8055,336,34.96,483.6,-8.61,7.89,False,0.0,0.0,0.0,18.89,17.8,21.87,27.19
8056,336,30.65,414.69,-8.58,6.68,False,0.0,0.0,0.0,18.38,16.72,23.36,26.73
8057,336,25.87,336.57,-8.94,6.57,False,0.0,0.0,0.0,19.24,18.85,21.42,27.03
8058,336,20.94,255.97,-9.41,5.69,False,0.0,0.0,0.0,18.46,18.26,22.91,27.13
8059,336,16.17,179.91,-9.7,6.91,False,0.0,0.0,0.0,18.77,17.88,11.91,27.86
8060,336,11.82,114.84,-9.9,6.75,False,0.0,0.0,0.0,19.04,16.43,10.11,27.99
8061,336,8.15,65.58,-10.08,7.13,False,0.0,0.0,0.0,19.83,11.12,11.24,28.31
8062,336,5.35,34.0,-10.42,7.66,False,0.0,0.0,0.0,18.82,12.43,11.81,28.83
8063,336,3.6,18.12,-10.96,7.78,False,0.0,0.0,0.0,19.32,10.3,11.52,29.38
8064,337,3.13,14.5,-11.22,8.04,False,0.0,0.0,0.0,19.58,12.17,11.53,29.74
8065,337,3.73,19.12,-11.44,7.27,False,0.0,0.0,0.0,19.97,10.84,11.07,29.64
8066,337,5.48,35.24,-11.42,6.87,False,0.0,0.0,0.0,19.68,11.21,11.0,29.45
8067,337,8.27,67.08,-11.48,5.11,False,0.0,0.0,0.0,19.81,10.77,11.28,28.8
8068,337,11.94,116.54,-11.4,5.93,False,0.0,0.0,0.0,19.71,12.1,12.87,29.06
8069,337,16.28,181.74,-11.34,6.07,False,0.0,0.0,0.0,18.88,12.79,10.86,29.07
8070,337,21.05,257.87,-10.99,7.26,False,0.0,0.0,0.0,19.46,12.18,11.16,29.22
8071,337,25.98,338.48,-10.58,7.1,False,0.0,0.0,0.0,19.61,12.27,11.52,28.76
8072,337,30.77,416.6,-10.21,7.99,False,0.0,0.0,0.0,18.84,17.63,10.48,28.76
8073,337,35.08,485.49,-9.87,11.13,False,0.0,0.0,0.0,18.95,18.05,11.8,29.63
8074,337,38.54,539.29,-9.44,11.75,False,0.0,0.0,0.0,18.81,17.87,21.1,29.43
8075,337,40.81,573.48,-9.09,12.21,False,0.0,0.0,0.0,19.4,15.33,21.24,29.25
8076,337,41.6,585.2,-8.79,12.16,False,0.0,0.0,0.0,19.03,18.23,21.21,28.93
8077,337,40.81,573.48,-8.56,12.65,False,0.0,0.0,0.0,18.9,18.14,20.85,28.88
8078,337,38.54,539.29,-8.0,11.21,False,0.0,0.0,0.0,18.45,17.21,22.89,27.8
8079,337,35.08,485.49,-7.82,9.22,False,0.0,0.0,0.0,18.91,15.92,22.37,26.92
8080,337,30.77,416.6,-7.75,8.6,False,0.0,0.0,0.0,18.7,17.69,22.65,26.63
8081,337,25.98,338.48,-7.68,9.69,False,0.0,0.0,0.0,19.02,17.76,22.58,26.94
8082,337,21.05,257.87,-8.0,9.14,False,0.0,0.0,0.0,18.5,17.15,21.88,27.06
8083,337,16.28,181.74,-8.47,8.64,False,0.0,0.0,0.0,19.09,17.65,11.48,27.34
8084,337,11.94,116.54,-8.91,9.48,False,0.0,0.0,0.0,18.89,18.36,12.21,28.07
8085,337,8.27,67.08,-9.47,10.68,False,0.0,0.0,0.0,18.64,13.82,12.65,29.07
8086,337,5.48,35.24,-10.16,9.76,False,0.0,0.0,0.0,18.69,12.02,10.62,29.39
8087,337,3.73,19.12,-10.65,7.85,False,0.0,0.0,0.0,18.81,12.17,13.26,29.12
8088,338,3.25,15.38,-11.13,7.86,False,0.0,0.0,0.0,19.25,11.24,10.58,29.58
8089,338,3.84,20.09,-11.47,7.67,False,0.0,0.0,0.0,19.42,11.5,11.18,29.83
8090,338,5.59,36.43,-11.6,6.39,False,0.0,0.0,0.0,19.5,11.79,11.55,29.43
8091,338,8.38,68.52,-11.45,4.62,False,0.0,0.0,0.0,19.5,12.84,11.62,28.58
8092,338,12.06,118.16,-11.25,5.94,False,0.0,0.0,0.0,19.05,12.56,12.87,28.93
8093,338,16.4,183.48,-10.97,5.35,False,0.0,0.0,0.0,19.74,13.44,12.21,28.44
8094,338,21.16,259.66,-10.96,5.17,False,0.0,0.0,0.0,19.14,10.71,11.79,28.35
8095,338,26.09,340.29,-10.83,6.21,False,0.0,0.0,0.0,19.48,10.84,12.22,28.64
8096,338,30.88,418.4,-10.72,8.39,False,0.0,0.0,0.0,19.22,18.38,11.74,29.4
8097,338,35.19,487.27,-10.46,10.28,False,0.0,0.0,0.0,19.41,18.66,11.03,29.89
8098,338,38.66,541.05,-10.23,9.37,False,0.0,0.0,0.0,19.14,17.53,22.34,29.31
8099,338,40.92,575.22,-9.9,11.44,False,0.0,0.0,0.0,19.35,13.93,22.05,29.78
8100,338,41.71,586.94,-9.67,10.66,False,0.0,0.0,0.0,19.16,16.91,21.41,29.25
8101,338,40.92,575.22,-9.39,10.62,False,0.0,0.0,0.0,19.45,17.77,22.88,28.96
8102,338,38.66,541.05,-9.32,9.64,False,0.0,0.0,0.0,18.79,16.78,21.96,28.52
8103,338,35.19,487.27,-8.97,7.61,False,0.0,0.0,0.0,18.37,17.65,21.22,27.44
8104,338,30.88,418.4,-9.17,7.75,False,0.0,0.0,0.0,18.71,19.02,21.33,27.68
8105,338,26.09,340.29,-9.04,5.91,False,0.0,0.0,0.0,19.51,18.64,22.37,26.88
8106,338,21.16,259.66,-9.25,7.61,False,0.0,0.0,0.0,19.05,18.15,22.73,27.7
8107,338,16.4,183.48,-9.63,6.93,False,0.0,0.0,0.0,19.19,17.45,11.84,27.81
8108,338,12.06,118.16,-9.83,6.9,False,0.0,0.0,0.0,18.76,17.1,11.84,27.98
8109,338,8.38,68.52,-10.0,6.73,False,0.0,0.0,0.0,19.23,12.51,10.93,28.07
8110,338,5.59,36.43,-10.58,6.23,False,0.0,0.0,0.0,18.86,11.92,11.57,28.42
8111,338,3.84,20.09,-10.94,8.68,False,0.0,0.0,0.0,18.96,11.95,11.27,29.72
8112,339,3.36,16.22,-11.16,8.34,False,0.0,0.0,0.0,19.18,10.66,11.36,29.8
8113,339,3.96,21.02,-11.42,9.87,False,0.0,0.0,0.0,19.55,11.33,11.42,30.66
8114,339,5.7,37.57,-11.79,9.33,False,0.0,0.0,0.0,19.64,12.5,11.04,30.8
8115,339,8.49,69.88,-11.93,9.34,False,0.0,0.0,0.0,19.66,11.02,12.03,30.94
8116,339,12.16,119.7,-11.8,9.83,False,0.0,0.0,0.0,18.78,12.11,10.79,31.01
8117,339,16.5,185.12,-11.86,8.01,False,0.0,0.0,0.0,19.42,12.23,10.59,30.34
8118,339,21.27,261.36,-11.64,7.0,False,0.0,0.0,0.0,19.32,12.28,10.95,29.72
8119,339,26.2,342.0,-11.16,6.13,False,0.0,0.0,0.0,18.73,12.35,12.12,28.92
8120,339,30.98,420.1,-10.65,6.23,False,0.0,0.0,0.0,19.28,18.0,11.74,28.49
8121,339,35.3,488.95,-10.38,6.28,False,0.0,0.0,0.0,19.15,17.0,10.25,28.25
8122,339,38.77,542.71,-9.74,6.0,False,0.0,0.0,0.0,19.37,16.33,22.42,27.55
8123,339,41.03,576.87,-9.31,6.11,False,0.0,0.0,0.0,19.15,16.8,21.97,27.2
8124,339,41.83,588.58,-8.85,7.07,False,0.0,0.0,0.0,18.84,18.08,21.71,27.12
8125,339,41.03,576.87,-8.76,6.61,False,0.0,0.0,0.0,19.42,16.54,21.83,26.87
8126,339,38.77,542.71,-8.74,6.88,False,0.0,0.0,0.0,18.16,16.67,21.07,26.95
8127,339,35.3,488.95,-8.69,6.78,False,0.0,0.0,0.0,19.02,16.66,22.12,26.87
8128,339,30.98,420.1,-8.78,8.04,False,0.0,0.0,0.0,18.35,16.02,21.11,27.41
8129,339,26.2,342.0,-8.75,8.99,False,0.0,0.0,0.0,18.68,16.58,21.75,27.73
8130,339,21.27,261.36,-8.58,8.9,False,0.0,0.0,0.0,19.24,18.3,21.76,27.53
8131,339,16.5,185.12,-8.65,7.95,False,0.0,0.0,0.0,18.53,16.93,12.04,27.26
8132,339,12.16,119.7,-8.93,7.97,False,0.0,0.0,0.0,18.5,16.1,11.53,27.53
8133,339,8.49,69.88,-9.16,8.81,False,0.0,0.0,0.0,20.05,11.49,11.99,28.06
8134,339,5.7,37.57,-9.58,9.75,False,0.0,0.0,0.0,18.61,12.31,10.66,28.82
8135,339,3.96,21.02,-9.88,10.7,False,0.0,0.0,0.0,19.85,10.44,11.42,29.47
8136,340,3.47,17.03,-10.39,11.13,False,0.0,0.0,0.0,19.18,12.66,11.87,30.14
8137,340,4.06,21.91,-10.49,11.31,False,0.0,0.0,0.0,19.05,10.75,12.37,30.31
8138,340,5.81,38.65,-10.68,12.48,False,0.0,0.0,0.0,19.51,11.58,10.7,30.95
8139,340,8.6,71.16,-10.83,12.45,False,0.0,0.0,0.0,19.83,11.57,10.91,31.09
8140,340,12.26,121.14,-10.75,11.11,False,0.0,0.0,0.0,18.83,11.45,11.85,30.49
8141,340,16.6,186.67,-10.59,8.95,False,0.0,0.0,0.0,19.07,11.85,12.63,29.49
8142,340,21.37,262.95,-10.43,7.9,False,0.0,0.0,0.0,19.59,12.52,11.7,28.93
8143,340,26.3,343.61,-10.09,8.65,False,0.0,0.0,0.0,19.33,11.87,10.72,28.89
8144,340,31.08,421.7,-9.72,6.82,False,0.0,0.0,0.0,19.61,17.02,10.74,27.85
8145,340,35.4,490.53,-9.33,6.4,False,0.0,0.0,0.0,19.33,17.87,11.59,27.33
8146,340,38.87,544.27,-8.83,6.57,False,0.0,0.0,0.0,19.78,17.67,22.25,26.92
8147,340,41.14,578.42,-8.64,5.83,False,0.0,0.0,0.0,19.11,16.96,21.85,26.47
8148,340,41.93,590.12,-8.02,5.53,False,0.0,0.0,0.0,19.05,17.53,21.24,25.79
8149,340,41.14,578.42,-7.55,4.94,False,0.0,0.0,0.0,19.03,16.9,22.77,25.15
8150,340,38.87,544.27,-7.38,5.38,False,0.0,0.0,0.0,18.83,16.81,21.76,25.15
8151,340,35.4,490.53,-7.43,7.7,False,0.0,0.0,0.0,19.23,18.14,22.37,26.01
8152,340,31.08,421.7,-7.69,6.39,False,0.0,0.0,0.0,19.02,17.86,20.76,25.8
8153,340,26.3,343.61,-7.73,6.68,False,0.0,0.0,0.0,19.24,18.12,22.84,25.93
8154,340,21.37,262.95,-7.8,8.26,False,0.0,0.0,0.0,19.31,18.01,21.52,26.56
8155,340,16.6,186.67,-7.97,9.75,False,0.0,0.0,0.0,19.13,16.79,12.44,27.26
8156,340,12.26,121.14,-8.48,8.99,False,0.0,0.0,0.0,19.22,18.3,11.93,27.48
8157,340,8.6,71.16,-8.74,7.38,False,0.0,0.0,0.0,18.64,11.66,10.5,27.13
8158,340,5.81,38.65,-9.03,8.2,False,0.0,0.0,0.0,18.86,12.64,11.67,27.71
8159,340,4.06,21.91,-9.14,9.31,False,0.0,0.0,0.0,19.43,11.8,12.66,28.22
8160,341,3.56,17.8,-9.19,8.31,False,0.0,0.0,0.0,19.67,12.15,11.08,27.9
8161,341,4.16,22.75,-9.17,9.25,False,0.0,0.0,0.0,18.32,12.17,12.66,28.24
8162,341,5.9,39.67,-9.29,9.3,False,0.0,0.0,0.0,18.89,12.55,11.77,28.37
8163,341,8.69,72.37,-9.82,8.39,False,0.0,0.0,0.0,19.19,10.59,12.44,28.53
8164,341,12.36,122.5,-9.72,7.96,False,0.0,0.0,0.0,18.81,10.64,11.61,28.28
8165,341,16.69,188.12,-9.63,7.37,False,0.0,0.0,0.0,18.83,12.44,11.41,27.97
8166,341,21.46,264.44,-9.56,8.4,False,0.0,0.0,0.0,19.34,12.19,12.79,28.29
8167,341,26.39,345.11,-9.26,6.71,False,0.0,0.0,0.0,19.74,11.28,12.0,27.38
8168,341,31.18,423.19,-8.98,6.71,False,0.0,0.0,0.0,18.26,17.79,11.34,27.11
8169,341,35.49,492.01,-8.57,7.0,False,0.0,0.0,0.0,18.96,16.37,11.8,26.84
8170,341,38.96,545.73,-8.05,7.03,False,0.0,0.0,0.0,19.15,20.11,21.6,26.35
8171,341,41.24,579.86,-7.54,8.45,False,0.0,0.0,0.0,19.22,18.55,22.08,26.38
8172,341,42.03,591.56,-6.95,7.6,False,0.0,0.0,0.0,18.96,18.0,22.84,25.52
8173,341,41.24,579.86,-6.74,7.73,False,0.0,0.0,0.0,19.51,17.56,21.89,25.37
8174,341,38.96,545.73,-6.59,8.98,False,0.0,0.0,0.0,18.8,17.01,21.39,25.64
8175,341,35.49,492.01,-6.56,9.64,False,0.0,0.0,0.0,19.31,16.45,21.32,25.84
8176,341,31.18,423.19,-6.47,10.0,False,0.0,0.0,0.0,18.52,17.41,22.05,25.88
8177,341,26.39,345.11,-6.65,8.24,False,0.0,0.0,0.0,18.82,16.81,21.43,25.46
8178,341,21.46,264.44,-6.69,8.89,False,0.0,0.0,0.0,18.32,16.86,21.0,25.71
8179,341,16.69,188.12,-6.9,9.08,False,0.0,0.0,0.0,19.19,16.37,10.66,25.98
8180,341,12.36,122.5,-7.13,9.14,False,0.0,0.0,0.0,18.81,17.7,12.32,26.22
8181,341,8.69,72.37,-7.35,10.68,False,0.0,0.0,0.0,19.02,11.6,11.4,26.97
8182,341,5.9,39.67,-7.72,11.04,False,0.0,0.0,0.0,18.8,12.33,11.54,27.46
8183,341,4.16,22.75,-8.3,12.13,False,0.0,0.0,0.0,19.23,12.27,10.82,28.44
8184,342,3.65,18.53,-8.8,12.53,False,0.0,0.0,0.0,19.21,12.08,11.09,29.08
8185,342,4.25,23.55,-9.28,11.51,False,0.0,0.0,0.0,18.72,14.03,11.07,29.19
8186,342,5.99,40.63,-9.6,11.06,False,0.0,0.0,0.0,18.78,12.56,11.31,29.33
8187,342,8.78,73.5,-9.6,9.15,False,0.0,0.0,0.0,19.14,10.89,10.34,28.61
8188,342,12.44,123.76,-9.58,8.28,False,0.0,0.0,0.0,19.41,12.27,12.26,28.27
8189,342,16.78,189.46,-9.29,8.31,False,0.0,0.0,0.0,19.86,11.86,11.49,28.0
8190,342,21.54,265.83,-9.36,7.6,False,0.0,0.0,0.0,19.24,10.83,11.64,27.8
8191,342,26.47,346.51,-9.19,8.59,False,0.0,0.0,0.0,19.51,10.76,12.14,28.01
8192,342,31.26,424.58,-8.7,10.69,False,0.0,0.0,0.0,18.4,17.86,12.09,28.3
8193,342,35.58,493.38,-8.18,10.17,False,0.0,0.0,0.0,19.79,18.06,11.1,27.6
8194,342,39.05,547.09,-7.84,10.87,False,0.0,0.0,0.0,19.18,16.66,22.42,27.52
8195,342,41.33,581.2,-7.73,10.26,False,0.0,0.0,0.0,18.91,18.28,22.42,27.2
8196,342,42.12,592.9,-7.69,9.46,False,0.0,0.0,0.0,18.86,17.73,22.22,26.88
8197,342,41.33,581.2,-7.59,8.49,False,0.0,0.0,0.0,18.47,18.46,22.74,26.44
8198,342,39.05,547.09,-7.38,7.29,False,0.0,0.0,0.0,18.56,18.37,22.56,25.81
8199,342,35.58,493.38,-6.79,7.84,False,0.0,0.0,0.0,19.58,17.37,22.51,25.45
8200,342,31.26,424.58,-7.1,8.07,False,0.0,0.0,0.0,18.46,18.81,22.96,25.82
8201,342,26.47,346.51,-7.26,8.06,False,0.0,0.0,0.0,18.47,16.6,22.02,25.97
8202,342,21.54,265.83,-7.66,7.9,False,0.0,0.0,0.0,18.64,19.41,22.04,26.29
8203,342,16.78,189.46,-8.15,8.21,False,0.0,0.0,0.0,18.5,16.8,12.07,26.87
8204,342,12.44,123.76,-8.25,7.12,False,0.0,0.0,0.0,19.0,17.46,11.38,26.58
8205,342,8.78,73.5,-8.63,8.38,False,0.0,0.0,0.0,19.47,11.45,11.84,27.4
8206,342,5.99,40.63,-9.03,6.65,False,0.0,0.0,0.0,18.84,11.6,11.11,27.14
8207,342,4.25,23.55,-9.36,8.21,False,0.0,0.0,0.0,18.57,14.24,9.9,28.03
8208,343,3.74,19.22,-9.82,10.2,False,0.0,0.0,0.0,19.3,11.53,11.92,29.23
8209,343,4.33,24.3,-10.17,12.48,False,0.0,0.0,0.0,19.2,12.58,10.42,30.44
8210,343,6.08,41.52,-10.02,12.63,False,0.0,0.0,0.0,19.6,11.71,11.01,30.35
8211,343,8.86,74.55,-10.09,12.53,False,0.0,0.0,0.0,19.03,12.65,12.07,30.38
8212,343,12.52,124.94,-9.96,13.43,False,0.0,0.0,0.0,19.09,11.46,12.08,30.59
8213,343,16.86,190.71,-9.81,10.86,False,0.0,0.0,0.0,19.12,12.1,12.32,29.47
8214,343,21.62,267.12,-9.88,8.88,False,0.0,0.0,0.0,19.22,12.4,10.09,28.78
8215,343,26.55,347.8,-9.86,8.03,False,0.0,0.0,0.0,19.03,11.32,11.71,28.44
8216,343,31.34,425.87,-9.79,7.06,False,0.0,0.0,0.0,18.95,19.71,11.32,28.0
8217,343,35.66,494.65,-9.52,5.82,False,0.0,0.0,0.0,18.4,18.04,12.19,27.28
8218,343,39.14,548.34,-9.05,5.22,False,0.0,0.0,0.0,18.86,17.32,23.03,26.62
8219,343,41.41,582.45,-8.15,5.81,False,0.0,0.0,0.0,19.26,16.94,21.08,26.01
8220,343,42.2,594.14,-8.08,5.53,False,0.0,0.0,0.0,19.31,17.57,22.01,25.84
8221,343,41.41,582.45,-7.59,5.13,False,0.0,0.0,0.0,18.72,16.53,22.58,25.26
8222,343,39.14,548.34,-7.45,6.28,False,0.0,0.0,0.0,19.41,18.93,21.76,25.53
8223,343,35.66,494.65,-7.33,7.13,False,0.0,0.0,0.0,18.87,17.85,23.22,25.71
8224,343,31.34,425.87,-7.32,8.24,False,0.0,0.0,0.0,18.34,17.43,21.72,26.09
8225,343,26.55,347.8,-7.55,9.98,False,0.0,0.0,0.0,18.25,18.34,21.79,26.92
8226,343,21.62,267.12,-7.46,10.73,False,0.0,0.0,0.0,19.38,16.92,21.25,27.1
8227,343,16.86,190.71,-7.72,10.21,False,0.0,0.0,0.0,18.78,16.58,11.61,27.17
8228,343,12.52,124.94,-8.27,10.18,False,0.0,0.0,0.0,18.51,17.4,9.39,27.69
8229,343,8.86,74.55,-8.71,9.23,False,0.0,0.0,0.0,18.14,12.0,11.33,27.78
8230,343,6.08,41.52,-9.21,9.61,False,0.0,0.0,0.0,18.95,12.32,12.39,28.41
8231,343,4.33,24.3,-9.1,8.46,False,0.0,0.0,0.0,19.25,10.72,10.52,27.88
8232,344,3.82,19.86,-9.22,9.04,False,0.0,0.0,0.0,18.83,11.53,10.37,28.21
8233,344,4.41,24.99,-9.44,9.35,False,0.0,0.0,0.0,18.71,9.43,12.28,28.54
8234,344,6.15,42.35,-9.73,8.71,False,0.0,0.0,0.0,18.95,10.95,12.38,28.57
8235,344,8.94,75.52,-10.15,9.0,False,0.0,0.0,0.0,19.71,12.47,10.55,29.08
8236,344,12.6,126.02,-9.97,7.78,False,0.0,0.0,0.0,18.64,12.67,12.71,28.45
8237,344,16.93,191.87,-9.78,7.67,False,0.0,0.0,0.0,18.92,10.99,11.8,28.23
8238,344,21.7,268.3,-9.23,7.39,False,0.0,0.0,0.0,19.59,11.64,12.23,27.6
8239,344,26.62,348.99,-8.6,8.95,False,0.0,0.0,0.0,19.23,11.92,10.95,27.57
8240,344,31.41,427.05,-8.31,8.54,False,0.0,0.0,0.0,19.07,18.36,12.54,27.15
8241,344,35.73,495.82,-8.02,7.56,False,0.0,0.0,0.0,18.7,18.72,11.31,26.51
8242,344,39.21,549.49,-7.64,7.29,False,0.0,0.0,0.0,18.93,17.62,21.78,26.06
8243,344,41.49,583.59,-7.43,6.99,False,0.0,0.0,0.0,18.68,17.29,22.34,25.76
8244,344,42.28,595.27,-6.87,7.32,False,0.0,0.0,0.0,18.48,16.35,21.73,25.35
8245,344,41.49,583.59,-6.6,5.93,False,0.0,0.0,0.0,18.36,17.59,20.94,24.62
8246,344,39.21,549.49,-6.69,7.28,False,0.0,0.0,0.0,19.12,19.16,22.09,25.17
8247,344,35.73,495.82,-6.85,8.91,False,0.0,0.0,0.0,18.8,18.53,21.78,25.88
8248,344,31.41,427.05,-7.0,9.39,False,0.0,0.0,0.0,18.97,17.64,21.46,26.18
8249,344,26.62,348.99,-7.05,8.82,False,0.0,0.0,0.0,18.91,17.74,22.87,26.03
8250,344,21.7,268.3,-7.19,7.35,False,0.0,0.0,0.0,19.04,16.95,23.67,25.67
8251,344,16.93,191.87,-7.35,7.38,False,0.0,0.0,0.0,18.78,17.21,10.86,25.83
8252,344,12.6,126.02,-7.56,7.37,False,0.0,0.0,0.0,18.71,17.62,11.64,26.01
8253,344,8.94,75.52,-8.22,6.82,False,0.0,0.0,0.0,18.66,12.02,11.22,26.44
8254,344,6.15,42.35,-8.57,6.84,False,0.0,0.0,0.0,18.46,12.71,13.1,26.78
8255,344,4.41,24.99,-9.09,7.38,False,0.0,0.0,0.0,18.64,12.67,11.84,27.46
8256,345,3.89,20.45,-9.32,9.47,False,0.0,0.0,0.0,18.97,12.32,12.15,28.46
8257,345,4.48,25.63,-9.86,7.93,False,0.0,0.0,0.0,18.54,11.1,12.33,28.4
8258,345,6.22,43.11,-9.85,8.03,False,0.0,0.0,0.0,18.63,11.13,11.59,28.43
8259,345,9.01,76.41,-9.65,7.37,False,0.0,0.0,0.0,19.57,11.19,11.37,27.98
8260,345,12.67,127.01,-9.5,6.74,False,0.0,0.0,0.0,19.23,12.09,12.56,27.61
8261,345,17.0,192.91,-9.42,7.38,False,0.0,0.0,0.0,18.95,10.28,12.04,27.78
8262,345,21.76,269.38,-9.2,5.84,False,0.0,0.0,0.0,20.01,11.89,10.91,26.99
8263,345,26.69,350.08,-8.84,7.05,False,0.0,0.0,0.0,18.4,13.03,10.99,27.1
8264,345,31.48,428.13,-8.17,6.9,False,0.0,0.0,0.0,19.37,18.03,11.23,26.42
8265,345,35.8,496.88,-7.68,7.27,False,0.0,0.0,0.0,18.88,17.22,12.31,26.09
8266,345,39.28,550.54,-7.57,8.68,False,0.0,0.0,0.0,19.22,16.94,23.03,26.49
8267,345,41.56,584.63,-7.69,8.37,False,0.0,0.0,0.0,18.97,18.14,23.51,26.49
8268,345,42.35,596.31,-7.34,8.29,False,0.0,0.0,0.0,18.13,17.74,21.5,26.13
8269,345,41.56,584.63,-7.03,8.32,False,0.0,0.0,0.0,18.88,17.3,22.1,25.85
8270,345,39.28,550.54,-6.87,8.1,False,0.0,0.0,0.0,18.96,17.03,21.72,25.62
8271,345,35.8,496.88,-6.68,7.03,False,0.0,0.0,0.0,17.92,17.56,21.87,25.06
8272,345,31.48,428.13,-6.82,7.42,False,0.0,0.0,0.0,19.6,17.26,22.65,25.33
8273,345,26.69,350.08,-6.98,7.36,False,0.0,0.0,0.0,18.96,18.13,21.97,25.47
8274,345,21.76,269.38,-7.13,8.5,False,0.0,0.0,0.0,19.12,18.49,22.92,26.0
8275,345,17.0,192.91,-7.47,8.92,False,0.0,0.0,0.0,18.43,16.41,11.14,26.47
8276,345,12.67,127.01,-7.6,8.68,False,0.0,0.0,0.0,19.19,16.52,12.02,26.52
8277,345,9.01,76.41,-7.85,9.7,False,0.0,0.0,0.0,19.38,12.98,11.19,27.12
8278,345,6.22,43.11,-8.15,8.64,False,0.0,0.0,0.0,19.08,12.03,10.21,27.03
8279,345,4.48,25.63,-8.23,8.49,False,0.0,0.0,0.0,18.98,10.99,10.78,27.05
8280,346,3.95,20.99,-8.68,8.59,False,0.0,0.0,0.0,18.68,12.69,11.59,27.52
8281,346,4.54,26.21,-8.91,8.3,False,0.0,0.0,0.0,18.98,12.17,12.85,27.63
8282,346,6.29,43.79,-8.93,7.74,False,0.0,0.0,0.0,18.87,13.66,11.18,27.45
8283,346,9.07,77.21,-8.56,7.92,False,0.0,0.0,0.0,19.26,11.71,11.38,27.16
8284,346,12.73,127.9,-8.54,10.05,False,0.0,0.0,0.0,18.68,12.79,11.84,27.92
8285,346,17.06,193.86,-8.55,10.3,False,0.0,0.0,0.0,19.25,10.74,11.08,28.02
8286,346,21.82,270.36,-8.18,9.95,False,0.0,0.0,0.0,18.65,13.02,11.16,27.52
8287,346,26.75,351.06,-7.68,9.9,False,0.0,0.0,0.0,18.82,12.66,11.55,27.03
8288,346,31.54,429.1,-7.31,10.31,False,0.0,0.0,0.0,19.12,18.78,11.19,26.81
8289,346,35.86,497.84,-6.91,9.91,False,0.0,0.0,0.0,18.55,18.39,10.25,26.28
8290,346,39.34,551.49,-6.42,8.32,False,0.0,0.0,0.0,19.03,17.42,21.54,25.26
8291,346,41.62,585.57,-6.07,8.16,False,0.0,0.0,0.0,18.95,16.56,22.43,24.87
8292,346,42.42,597.25,-5.73,7.73,False,0.0,0.0,0.0,18.58,17.02,22.45,24.41
8293,346,41.62,585.57,-5.46,7.6,False,0.0,0.0,0.0,19.12,16.09,22.94,24.11
8294,346,39.34,551.49,-5.05,8.37,False,0.0,0.0,0.0,18.64,16.76,22.88,23.97
8295,346,35.86,497.84,-5.24,8.21,False,0.0,0.0,0.0,19.07,17.84,21.37,24.09
8296,346,31.54,429.1,-5.46,7.2,False,0.0,0.0,0.0,19.37,17.46,21.48,23.98
8297,346,26.75,351.06,-5.42,6.86,False,0.0,0.0,0.0,18.55,17.32,21.51,23.83
8298,346,21.82,270.36,-5.69,6.76,False,0.0,0.0,0.0,18.94,16.87,21.89,24.05
8299,346,17.06,193.86,-5.98,6.12,False,0.0,0.0,0.0,18.46,16.08,11.06,24.11
8300,346,12.73,127.9,-6.39,5.7,False,0.0,0.0,0.0,18.35,17.65,11.38,24.35
8301,346,9.07,77.21,-6.95,5.24,False,0.0,0.0,0.0,18.76,12.2,10.89,24.71
8302,346,6.29,43.79,-7.06,5.86,False,0.0,0.0,0.0,18.3,11.11,12.05,25.03
8303,346,4.54,26.21,-7.53,5.98,False,0.0,0.0,0.0,18.53,11.47,10.84,25.5
8304,347,4.01,21.47,-8.09,6.03,False,0.0,0.0,0.0,19.21,13.13,10.8,26.03
8305,347,4.6,26.74,-8.13,6.15,False,0.0,0.0,0.0,18.77,12.83,11.86,26.12
8306,347,6.34,44.41,-7.98,5.69,False,0.0,0.0,0.0,19.24,10.71,12.01,25.81
8307,347,9.12,77.93,-7.95,7.46,False,0.0,0.0,0.0,19.07,11.83,11.34,26.41
8308,347,12.78,128.7,-7.49,6.92,False,0.0,0.0,0.0,19.64,13.06,12.11,25.8
8309,347,17.11,194.71,-7.34,7.45,False,0.0,0.0,0.0,19.09,11.73,12.06,25.84
8310,347,21.88,271.23,-7.37,8.43,False,0.0,0.0,0.0,19.33,11.68,12.83,26.21
8311,347,26.8,351.93,-7.14,8.62,False,0.0,0.0,0.0,19.02,12.77,12.01,26.05
8312,347,31.6,429.97,-7.03,9.79,False,0.0,0.0,0.0,18.97,18.29,12.7,26.35
8313,347,35.92,498.7,-6.75,8.21,False,0.0,0.0,0.0,19.28,18.25,11.54,25.54
8314,347,39.4,552.33,-6.35,8.73,False,0.0,0.0,0.0,19.03,17.29,22.98,25.33
8315,347,41.68,586.4,-6.18,8.34,False,0.0,0.0,0.0,18.83,18.03,22.99,25.04
8316,347,42.47,598.08,-5.83,6.25,False,0.0,0.0,0.0,18.78,18.7,21.9,24.01
8317,347,41.68,586.4,-5.45,6.1,False,0.0,0.0,0.0,18.87,17.46,21.52,23.61
8318,347,39.4,552.33,-5.36,5.06,False,0.0,0.0,0.0,18.37,17.18,21.64,23.19
8319,347,35.92,498.7,-5.57,6.01,False,0.0,0.0,0.0,18.38,18.48,22.29,23.7
8320,347,31.6,429.97,-5.71,7.14,False,0.0,0.0,0.0,19.26,19.14,21.2,24.2
8321,347,26.8,351.93,-5.76,6.47,False,0.0,0.0,0.0,19.44,19.19,21.68,24.02
8322,347,21.88,271.23,-6.03,7.23,False,0.0,0.0,0.0,18.35,17.2,22.84,24.52
8323,347,17.11,194.71,-6.41,7.24,False,0.0,0.0,0.0,18.5,17.28,11.97,24.89
8324,347,12.78,128.7,-6.86,7.37,False,0.0,0.0,0.0,19.28,16.68,9.85,25.35
8325,347,9.12,77.93,-6.8,7.6,False,0.0,0.0,0.0,19.03,11.99,10.57,25.37
8326,347,6.34,44.41,-7.54,6.39,False,0.0,0.0,0.0,19.18,11.04,13.01,25.65
8327,347,4.6,26.74,-8.04,6.2,False,0.0,0.0,0.0,19.32,11.48,12.33,26.05
8328,348,4.06,21.9,-8.28,6.85,False,0.0,0.0,0.0,18.9,12.46,11.09,26.51
8329,348,4.65,27.2,-8.45,7.8,False,0.0,0.0,0.0,19.15,12.21,10.46,27.01
8330,348,6.39,44.96,-8.86,7.89,False,0.0,0.0,0.0,19.16,10.45,10.63,27.44
8331,348,9.17,78.57,-8.87,7.51,False,0.0,0.0,0.0,18.72,13.16,11.86,27.3
8332,348,12.83,129.4,-8.57,7.03,False,0.0,0.0,0.0,19.15,11.03,12.88,26.85
8333,348,17.16,195.46,-8.68,7.51,False,0.0,0.0,0.0,19.54,11.13,12.84,27.12
8334,348,21.92,271.99,-8.58,6.69,False,0.0,0.0,0.0,18.9,10.91,10.4,26.73
8335,348,26.85,352.7,-8.2,5.73,False,0.0,0.0,0.0,19.04,11.37,11.29,26.03
8336,348,31.64,430.73,-7.84,6.76,False,0.0,0.0,0.0,19.02,16.78,10.9,26.06
8337,348,35.97,499.45,-7.11,6.66,False,0.0,0.0,0.0,18.74,16.8,11.6,25.34
8338,348,39.45,553.08,-6.55,6.72,False,0.0,0.0,0.0,19.06,15.53,21.07,24.84
8339,348,41.73,587.14,-5.97,6.8,False,0.0,0.0,0.0,18.44,17.6,21.62,24.32
8340,348,42.52,598.81,-5.6,7.04,False,0.0,0.0,0.0,19.21,17.69,21.39,24.06
8341,348,41.73,587.14,-5.62,7.36,False,0.0,0.0,0.0,18.92,19.3,22.37,24.18
8342,348,39.45,553.08,-5.71,6.21,False,0.0,0.0,0.0,18.31,17.89,21.64,23.89
8343,348,35.97,499.45,-5.59,6.0,False,0.0,0.0,0.0,19.35,17.1,21.74,23.71
8344,348,31.64,430.73,-5.79,6.62,False,0.0,0.0,0.0,18.76,16.54,22.36,24.1
8345,348,26.85,352.7,-6.06,6.58,False,0.0,0.0,0.0,18.44,17.42,23.15,24.34
8346,348,21.92,271.99,-6.31,6.01,False,0.0,0.0,0.0,19.2,17.86,23.48,24.38
8347,348,17.16,195.46,-6.53,4.85,False,0.0,0.0,0.0,18.98,17.1,11.82,24.19
8348,348,12.83,129.4,-6.83,4.54,False,0.0,0.0,0.0,18.11,17.55,11.44,24.36
8349,348,9.17,78.57,-7.12,3.99,False,0.0,0.0,0.0,18.64,13.42,12.42,24.44
8350,348,6.39,44.96,-7.59,3.62,False,0.0,0.0,0.0,19.02,11.59,12.32,24.73
8351,348,4.65,27.2,-7.78,4.56,False,0.0,0.0,0.0,18.07,10.39,12.12,25.23
8352,349,4.1,22.27,-8.14,5.71,False,0.0,0.0,0.0,19.01,12.6,10.39,25.97
8353,349,4.69,27.6,-8.53,6.84,False,0.0,0.0,0.0,19.09,12.15,12.35,26.74
8354,349,6.43,45.43,-8.82,7.99,False,0.0,0.0,0.0,18.58,10.53,11.75,27.43
8355,349,9.21,79.12,-8.73,8.36,False,0.0,0.0,0.0,19.16,12.24,10.87,27.48
8356,349,12.87,130.01,-8.79,9.48,False,0.0,0.0,0.0,19.06,11.1,11.03,27.95
8357,349,17.2,196.1,-8.67,8.8,False,0.0,0.0,0.0,18.56,12.25,11.91,27.59
8358,349,21.96,272.65,-8.43,8.25,False,0.0,0.0,0.0,19.38,13.43,9.74,27.16
8359,349,26.89,353.37,-8.27,7.91,False,0.0,0.0,0.0,19.33,11.76,11.41,26.88
8360,349,31.68,431.39,-8.01,6.46,False,0.0,0.0,0.0,18.84,18.37,11.04,26.11
8361,349,36.01,500.1,-7.81,8.27,False,0.0,0.0,0.0,18.86,16.52,10.97,26.57
8362,349,39.49,553.72,-7.24,6.79,False,0.0,0.0,0.0,19.16,16.28,21.68,25.51
8363,349,41.77,587.77,-6.64,6.7,False,0.0,0.0,0.0,18.72,19.11,20.96,24.92
8364,349,42.57,599.45,-6.33,6.57,False,0.0,0.0,0.0,17.99,17.75,22.74,24.58
8365,349,41.77,587.77,-6.03,5.95,False,0.0,0.0,0.0,18.92,18.01,20.51,24.1
8366,349,39.49,553.72,-5.77,6.07,False,0.0,0.0,0.0,18.37,18.42,22.12,23.9
8367,349,36.01,500.1,-5.77,3.75,False,0.0,0.0,0.0,18.54,17.08,21.41,23.13
8368,349,31.68,431.39,-6.11,4.03,False,0.0,0.0,0.0,19.32,18.16,23.39,23.54
8369,349,26.89,353.37,-5.91,5.08,False,0.0,0.0,0.0,18.66,18.04,22.02,23.7
8370,349,21.96,272.65,-6.04,5.11,False,0.0,0.0,0.0,18.73,16.46,20.51,23.83
8371,349,17.2,196.1,-6.46,5.23,False,0.0,0.0,0.0,18.98,18.71,11.88,24.25
8372,349,12.87,130.01,-7.04,6.07,False,0.0,0.0,0.0,19.05,18.55,10.74,25.07
8373,349,9.21,79.12,-7.62,8.99,False,0.0,0.0,0.0,18.55,10.87,12.19,26.64
8374,349,6.43,45.43,-8.12,8.88,False,0.0,0.0,0.0,18.95,12.06,11.93,27.09
8375,349,4.69,27.6,-8.29,7.74,False,0.0,0.0,0.0,19.01,11.72,12.53,26.84
8376,350,4.14,22.59,-8.54,9.4,False,0.0,0.0,0.0,19.13,13.03,11.63,27.68
8377,350,4.73,27.94,-8.8,9.52,False,0.0,0.0,0.0,19.17,10.77,12.07,27.98
8378,350,6.47,45.83,-8.78,9.28,False,0.0,0.0,0.0,20.09,14.78,11.53,27.87
8379,350,9.25,79.58,-8.79,6.81,False,0.0,0.0,0.0,18.58,11.76,11.09,26.97
8380,350,12.91,130.52,-8.75,8.33,False,0.0,0.0,0.0,19.44,12.49,12.25,27.49
8381,350,17.23,196.64,-8.37,10.23,False,0.0,0.0,0.0,19.48,13.01,10.64,27.81
8382,350,22.0,273.21,-8.08,9.45,False,0.0,0.0,0.0,19.17,11.74,11.47,27.25
8383,350,26.92,353.92,-7.83,9.69,False,0.0,0.0,0.0,18.68,11.81,11.1,27.1
8384,350,31.72,431.94,-7.38,9.52,False,0.0,0.0,0.0,19.55,17.1,12.09,26.59
8385,350,36.04,500.65,-6.97,9.52,False,0.0,0.0,0.0,17.96,16.79,10.84,26.2
8386,350,39.53,554.26,-6.64,9.32,False,0.0,0.0,0.0,18.52,17.72,21.71,25.81
8387,350,41.81,588.31,-6.3,8.76,False,0.0,0.0,0.0,19.23,17.39,22.03,25.3
8388,350,42.6,599.98,-6.28,8.0,False,0.0,0.0,0.0,18.61,17.09,23.04,25.01
8389,350,41.81,588.31,-5.76,8.57,False,0.0,0.0,0.0,19.33,17.14,21.63,24.71
8390,350,39.53,554.26,-5.69,8.16,False,0.0,0.0,0.0,18.08,17.96,21.72,24.51
8391,350,36.04,500.65,-5.73,8.48,False,0.0,0.0,0.0,18.24,16.86,21.06,24.65
8392,350,31.72,431.94,-5.51,7.82,False,0.0,0.0,0.0,18.45,17.3,21.31,24.23
8393,350,26.92,353.92,-5.65,6.65,False,0.0,0.0,0.0,18.85,18.22,22.29,23.98
8394,350,22.0,273.21,-5.75,6.56,False,0.0,0.0,0.0,18.6,17.7,22.02,24.04
8395,350,17.23,196.64,-6.02,5.15,False,0.0,0.0,0.0,18.53,16.66,11.53,23.82
8396,350,12.91,130.52,-6.24,6.31,False,0.0,0.0,0.0,19.32,17.48,12.72,24.42
8397,350,9.25,79.58,-6.78,7.29,False,0.0,0.0,0.0,19.42,12.25,10.33,25.25
8398,350,6.47,45.83,-7.15,8.44,False,0.0,0.0,0.0,18.69,12.69,13.12,26.0
8399,350,4.73,27.94,-7.53,9.02,False,0.0,0.0,0.0,18.22,11.3,12.32,26.57
8400,351,4.17,7.31,-7.86,9.33,True,1.0,0.2,0.25,18.08,11.45,11.27,26.99
8401,351,4.76,9.03,-8.67,11.49,True,1.0,0.2,0.25,19.14,11.34,11.77,28.57
8402,351,6.5,14.77,-9.51,14.74,True,1.0,0.2,0.25,19.4,11.38,11.02,30.63
8403,351,9.28,25.58,-10.04,15.38,True,1.0,0.2,0.25,19.23,12.22,11.72,31.42
8404,351,12.93,41.9,-10.2,15.66,True,1.0,0.2,0.25,19.2,12.38,13.0,31.7
8405,351,17.26,63.07,-10.77,16.89,True,1.0,0.2,0.25,18.97,12.74,11.05,32.78
8406,351,22.02,87.57,-11.11,18.77,True,1.0,0.2,0.25,19.6,11.83,11.34,33.89
8407,351,26.95,113.4,-11.1,19.31,True,1.0,0.2,0.25,20.0,10.78,10.97,34.09
8408,351,31.75,138.37,-11.0,17.52,True,1.0,0.2,0.25,18.43,18.04,11.08,33.28
8409,351,36.07,160.35,-10.94,18.71,True,1.0,0.2,0.25,19.28,17.63,11.22,33.68
8410,351,39.55,177.5,-10.99,20.26,True,1.0,0.2,0.25,18.93,17.55,10.73,34.34
8411,351,41.84,188.4,-11.31,21.14,True,1.0,0.2,0.25,18.76,16.47,11.32,35.06
8412,351,42.63,192.13,-11.3,21.07,True,1.0,0.2,0.25,18.9,17.34,11.54,35.02
8413,351,41.84,188.4,-11.3,22.57,True,1.0,0.2,0.25,19.51,16.55,11.22,35.61
8414,351,39.55,177.5,-11.46,24.04,True,1.0,0.2,0.25,19.54,17.89,9.89,36.39
8415,351,36.07,160.35,-11.75,24.66,True,1.0,0.2,0.25,19.99,17.16,11.39,36.97
8416,351,31.75,138.37,-11.86,24.3,True,1.0,0.2,0.25,19.43,17.08,11.47,36.95
8417,351,26.95,113.4,-12.19,23.87,True,1.0,0.2,0.25,18.76,16.27,12.83,37.16
8418,351,22.02,87.57,-12.45,25.17,True,1.0,0.2,0.25,19.4,18.32,11.52,38.0
8419,351,17.26,63.07,-12.76,25.48,True,1.0,0.2,0.25,18.98,17.29,12.15,38.49
8420,351,12.93,41.9,-13.18,25.48,True,1.0,0.2,0.25,19.1,17.57,11.2,38.99
8421,351,9.28,25.58,-13.55,24.33,True,1.0,0.2,0.25,19.86,11.31,12.41,38.93
8422,351,6.5,14.77,-13.73,23.55,True,1.0,0.2,0.25,19.73,10.58,10.84,38.8
8423,351,4.76,9.03,-14.16,24.23,True,1.0,0.2,0.25,19.93,11.47,11.85,39.58
8424,352,4.19,7.37,-13.83,21.77,True,1.0,0.2,0.25,19.52,11.6,12.09,38.15
8425,352,4.78,9.1,-14.07,21.02,True,1.0,0.2,0.25,20.0,12.13,11.99,38.09
8426,352,6.52,14.85,-13.89,19.65,True,1.0,0.2,0.25,19.5,11.62,13.01,37.29
8427,352,9.3,25.68,-13.52,19.7,True,1.0,0.2,0.25,20.07,11.33,11.09,36.91
8428,352,12.96,42.0,-13.2,18.63,True,1.0,0.2,0.25,19.72,10.7,12.49,36.11
8429,352,17.28,63.17,-12.57,16.3,True,1.0,0.2,0.25,19.43,11.94,12.31,34.46
8430,352,22.05,87.68,-11.79,17.07,True,1.0,0.2,0.25,19.5,11.26,11.53,33.93
8431,352,26.97,113.51,-11.01,15.97,True,1.0,0.2,0.25,19.31,12.96,12.79,32.67
8432,352,31.77,138.47,-10.17,14.06,True,1.0,0.2,0.25,19.86,17.62,11.4,31.06
8433,352,36.09,160.46,-9.44,11.78,True,1.0,0.2,0.25,19.23,17.95,11.52,29.45
8434,352,39.58,177.61,-8.54,13.12,True,1.0,0.2,0.25,19.02,17.3,11.5,29.04
8435,352,41.86,188.5,-7.77,11.71,True,1.0,0.2,0.25,18.84,17.66,10.61,27.75
8436,352,42.66,192.24,-7.02,9.47,True,1.0,0.2,0.25,19.18,16.79,12.03,26.23
8437,352,41.86,188.5,-6.33,7.82,True,1.0,0.2,0.25,19.04,16.56,11.92,25.01
8438,352,39.58,555.02,-6.04,9.37,False,0.0,0.2,0.25,18.62,17.51,21.93,25.24
8439,352,36.09,501.43,-5.9,10.36,False,0.0,0.2,0.25,18.25,17.96,23.23,25.44
8440,352,31.77,432.73,-6.05,8.19,False,0.0,0.2,0.25,18.37,15.94,21.69,24.86
8441,352,26.97,354.72,-6.22,7.67,False,0.0,0.2,0.25,18.67,17.1,20.79,24.86
8442,352,22.05,274.0,-6.18,8.32,False,0.0,0.2,0.25,19.28,18.97,23.33,25.03
8443,352,17.28,197.42,-6.64,8.36,False,0.0,0.2,0.25,18.7,17.88,12.21,25.48
8444,352,12.96,131.25,-7.23,8.58,False,0.0,0.2,0.25,18.63,18.73,11.94,26.13
8445,352,9.3,80.24,-7.66,8.09,False,0.0,0.2,0.25,18.21,11.39,11.26,26.36
8446,352,6.52,46.4,-8.06,8.27,False,0.0,0.2,0.25,19.57,11.53,11.74,26.81
8447,352,4.78,28.43,-8.11,8.51,False,0.0,0.2,0.25,19.2,12.67,10.62,26.94
8448,353,4.21,23.18,-8.4,8.13,False,0.0,0.2,0.25,19.33,12.4,11.34,27.08
8449,353,4.8,28.58,-8.48,7.96,False,0.0,0.2,0.25,19.4,11.82,10.87,27.1
8450,353,6.54,46.57,-8.46,6.65,False,0.0,0.2,0.25,18.95,10.89,11.68,26.6
8451,353,9.32,80.44,-8.57,5.99,False,0.0,0.2,0.25,19.06,12.83,12.15,26.46
8452,353,12.97,131.47,-8.66,5.05,False,0.0,0.2,0.25,19.63,13.91,10.77,26.2
8453,353,17.3,197.65,-8.48,5.31,False,0.0,0.2,0.25,19.09,10.64,12.01,26.13
8454,353,22.06,274.24,-8.08,4.58,False,0.0,0.2,0.25,19.2,13.02,11.64,25.51
8455,353,26.99,354.96,-7.85,5.72,False,0.0,0.2,0.25,19.29,11.53,11.98,25.71
8456,353,31.78,432.97,-7.57,5.75,False,0.0,0.2,0.25,19.17,17.23,11.33,25.46
8457,353,36.11,501.66,-7.12,6.82,False,0.0,0.2,0.25,18.8,17.72,11.99,25.41
8458,353,39.59,555.25,-6.85,6.67,False,0.0,0.2,0.25,18.81,16.54,21.51,25.11
8459,353,41.87,589.29,-6.38,7.35,False,0.0,0.2,0.25,19.08,17.47,20.82,24.89
8460,353,42.67,600.96,-6.39,7.59,False,0.0,0.2,0.25,19.08,16.21,20.98,24.99
8461,353,41.87,589.29,-5.87,8.2,False,0.0,0.2,0.25,19.17,17.88,21.65,24.7
8462,353,39.59,555.25,-5.72,9.13,False,0.0,0.2,0.25,18.91,19.29,20.87,24.86
8463,353,36.11,501.66,-5.72,8.65,False,0.0,0.2,0.25,18.93,16.99,23.09,24.7
8464,353,31.78,432.97,-5.68,9.92,False,0.0,0.2,0.25,18.5,17.37,21.94,25.07
8465,353,26.99,354.96,-5.68,9.26,False,0.0,0.2,0.25,18.45,17.4,22.64,24.86
8466,353,22.06,274.24,-6.31,9.39,False,0.0,0.2,0.25,19.07,18.29,22.55,25.51
8467,353,17.3,197.65,-6.31,7.13,False,0.0,0.2,0.25,18.53,17.82,11.5,24.75
8468,353,12.97,131.47,-6.61,6.17,False,0.0,0.2,0.25,18.79,18.24,13.98,24.72
8469,353,9.32,80.44,-6.76,5.79,False,0.0,0.2,0.25,19.36,11.5,13.55,24.72
8470,353,6.54,46.57,-7.3,5.67,False,0.0,0.2,0.25,19.36,12.25,12.47,25.18
8471,353,4.8,28.58,-7.49,6.16,False,0.0,0.2,0.25,19.02,9.21,10.87,25.53
8472,354,4.22,23.26,-7.81,6.52,False,0.0,0.2,0.25,18.82,12.43,12.5,25.95
8473,354,4.81,28.66,-7.78,7.32,False,0.0,0.2,0.25,18.88,10.93,10.28,26.2
8474,354,6.55,46.67,-8.11,6.82,False,0.0,0.0,0.25,19.32,11.64,12.48,26.34
8475,354,9.32,80.55,-8.28,7.71,False,0.0,0.0,0.25,18.98,12.5,9.71,26.82
8476,354,12.98,131.59,-8.29,7.99,False,0.0,0.0,0.25,18.77,10.67,11.28,26.93
8477,354,17.31,197.78,-8.15,8.94,False,0.0,0.0,0.25,19.46,12.77,12.35,27.13
8478,354,22.07,274.37,-8.0,8.59,False,0.0,0.0,0.25,19.03,11.8,11.77,26.87
8479,354,27.0,355.09,-7.54,9.04,False,0.0,0.0,0.25,18.67,13.06,10.46,26.58
8480,354,31.79,433.1,-6.8,10.25,False,0.0,0.0,0.25,19.01,16.78,11.62,26.28
8481,354,36.11,501.79,-6.65,9.23,False,0.0,0.0,0.25,19.19,16.05,11.77,25.79
8482,354,39.6,555.38,-6.02,7.99,False,0.0,0.0,0.25,18.32,17.48,22.14,24.77
8483,354,41.88,589.42,-5.48,6.28,False,0.0,0.0,0.25,18.58,17.97,21.71,23.7
8484,354,42.68,601.09,-5.17,5.86,False,0.0,0.0,0.25,18.52,18.04,22.6,23.28
8485,354,41.88,589.42,-4.79,5.35,False,0.0,0.0,0.25,18.76,16.59,22.8,22.76
8486,354,39.6,555.38,-4.82,7.06,False,0.0,0.0,0.0,18.83,16.2,21.89,23.33
8487,354,36.11,501.79,-4.78,7.53,False,0.0,0.0,0.0,18.35,17.25,23.06,23.44
8488,354,31.79,433.1,-4.8,8.5,False,0.0,0.0,0.0,17.98,17.91,21.89,23.77
8489,354,27.0,355.09,-4.82,9.63,False,0.0,0.0,0.0,18.99,17.87,21.66,24.14
8490,354,22.07,274.37,-5.31,9.43,False,0.0,0.0,0.0,18.19,18.76,22.95,24.56
8491,354,17.31,197.78,-5.61,8.66,False,0.0,0.0,0.0,18.78,17.2,12.42,24.6
8492,354,12.98,131.59,-5.84,6.55,False,0.0,0.0,0.0,18.65,16.02,11.07,24.12
8493,354,9.32,80.55,-6.27,7.02,False,0.0,0.0,0.0,18.82,12.86,10.96,24.68
8494,354,6.55,46.67,-6.53,8.84,False,0.0,0.0,0.0,19.44,12.06,12.74,25.54
8495,354,4.81,28.66,-6.87,8.27,False,0.0,0.0,0.0,20.04,12.13,11.43,25.67
8496,355,4.22,23.27,-6.95,9.66,False,0.0,0.0,0.0,18.18,12.51,11.5,26.23
8497,355,4.81,28.68,-7.48,10.28,False,0.0,0.0,0.0,19.29,12.91,11.32,26.96
8498,355,6.55,46.69,-7.45,10.54,False,0.0,0.0,0.0,18.83,11.88,12.43,27.02
8499,355,9.33,80.57,-7.56,10.35,False,0.0,0.0,0.0,19.33,12.84,13.0,27.07
8500,355,12.98,131.62,-7.36,7.29,False,0.0,0.0,0.0,19.27,12.34,11.55,25.8
8501,355,17.31,197.8,-7.49,6.76,False,0.0,0.0,0.0,19.46,11.38,13.19,25.73
8502,355,22.07,274.4,-6.97,4.89,False,0.0,0.0,0.0,18.95,11.71,11.11,24.61
8503,355,27.0,355.12,-6.9,4.87,False,0.0,0.0,0.0,18.47,12.39,11.3,24.54
8504,355,31.79,433.13,-6.6,4.99,False,0.0,0.0,0.0,19.16,16.93,11.97,24.3
8505,355,36.12,501.81,-6.3,4.28,False,0.0,0.0,0.0,18.8,18.21,10.93,23.79
8506,355,39.6,555.41,-5.91,5.29,False,0.0,0.0,0.0,18.62,17.63,22.46,23.78
8507,355,41.89,589.45,-5.8,5.71,False,0.0,0.0,0.0,18.51,17.81,21.64,23.81
8508,355,42.68,601.11,-5.52,7.26,False,0.0,0.0,0.0,19.07,18.65,20.92,24.06
8509,355,41.89,589.45,-5.46,8.05,False,0.0,0.0,0.0,19.3,17.79,20.78,24.25
8510,355,39.6,555.41,-5.17,8.12,False,0.0,0.0,0.0,18.14,17.56,21.77,24.0
8511,355,36.12,501.81,-4.99,8.71,False,0.0,0.0,0.0,18.85,17.43,22.29,24.02
8512,355,31.79,433.13,-5.02,8.18,False,0.0,0.0,0.0,18.45,17.39,21.05,23.88
8513,355,27.0,355.12,-5.16,9.13,False,0.0,0.0,0.0,18.03,17.75,22.13,24.31
8514,355,22.07,274.4,-5.63,8.03,False,0.0,0.0,0.0,18.74,18.59,22.13,24.41
8515,355,17.31,197.8,-5.94,7.11,False,0.0,0.0,0.0,18.38,17.01,11.38,24.4
8516,355,12.98,131.62,-6.28,6.06,False,0.0,0.0,0.0,18.12,16.95,10.85,24.37
8517,355,9.33,80.57,-6.33,6.32,False,0.0,0.0,0.0,18.45,12.93,11.67,24.5
8518,355,6.55,46.69,-6.75,7.0,False,0.0,0.0,0.0,18.4,11.45,11.4,25.12
8519,355,4.81,28.68,-7.31,6.65,False,0.0,0.0,0.0,18.62,12.07,12.19,25.53
8520,356,4.21,23.23,-7.38,7.04,False,0.0,0.0,0.0,18.36,11.43,10.6,25.73
8521,356,4.8,28.63,-7.79,6.67,False,0.0,0.0,0.0,18.78,10.56,11.58,25.98
8522,356,6.54,46.63,-7.83,8.17,False,0.0,0.0,0.0,18.65,12.06,10.61,26.55
8523,356,9.32,80.5,-7.76,7.87,False,0.0,0.0,0.0,19.08,12.79,11.33,26.38
8524,356,12.98,131.55,-7.82,7.39,False,0.0,0.0,0.0,19.18,11.85,10.73,26.27
8525,356,17.3,197.73,-7.86,7.28,False,0.0,0.0,0.0,19.05,10.71,10.86,26.27
8526,356,22.06,274.32,-7.52,6.91,False,0.0,0.0,0.0,18.81,11.99,11.5,25.82
8527,356,26.99,355.04,-7.13,6.98,False,0.0,0.0,0.0,18.75,11.3,11.1,25.48
8528,356,31.79,433.05,-6.62,5.86,False,0.0,0.0,0.0,18.46,15.4,12.53,24.61
8529,356,36.11,501.74,-6.22,5.4,False,0.0,0.0,0.0,18.42,17.44,12.33,24.09
8530,356,39.6,555.33,-5.76,5.13,False,0.0,0.0,0.0,18.97,17.91,22.56,23.58
8531,356,41.88,589.37,-5.47,5.87,False,0.0,0.0,0.0,17.95,18.44,22.55,23.55
8532,356,42.68,601.04,-5.24,6.43,False,0.0,0.0,0.0,18.6,18.91,22.09,23.52
8533,356,41.88,589.37,-5.09,7.03,False,0.0,0.0,0.0,18.48,18.02,22.91,23.58
8534,356,39.6,555.33,-5.05,7.52,False,0.0,0.0,0.0,18.85,18.25,21.79,23.69
8535,356,36.11,501.74,-4.83,9.18,False,0.0,0.0,0.0,18.01,16.47,23.48,24.01
8536,356,31.79,433.05,-5.02,8.92,False,0.0,0.0,0.0,18.61,18.8,21.34,24.11
8537,356,26.99,355.04,-4.99,8.72,False,0.0,0.0,0.0,18.74,18.51,21.21,24.02
8538,356,22.06,274.32,-5.33,8.81,False,0.0,0.0,0.0,17.88,17.21,21.02,24.37
8539,356,17.3,197.73,-5.65,8.23,False,0.0,0.0,0.0,18.25,18.05,10.65,24.49
8540,356,12.98,131.55,-5.79,7.57,False,0.0,0.0,0.0,18.66,17.96,10.36,24.41
8541,356,9.32,80.5,-6.13,6.33,False,0.0,0.0,0.0,18.94,13.08,11.65,24.31
8542,356,6.54,46.63,-6.27,7.34,False,0.0,0.0,0.0,18.82,11.78,12.1,24.79
8543,356,4.8,28.63,-6.47,6.24,False,0.0,0.0,0.0,19.0,11.3,11.52,24.61
8544,357,4.2,23.12,-6.58,6.16,False,0.0,0.0,0.0,18.36,11.51,10.53,24.68
8545,357,4.79,28.52,-6.68,7.09,False,0.0,0.0,0.0,18.17,12.62,11.17,25.09
8546,357,6.53,46.49,-6.82,7.33,False,0.0,0.0,0.0,18.85,10.36,12.09,25.31
8547,357,9.31,80.35,-7.24,8.14,False,0.0,0.0,0.0,18.38,9.5,11.26,25.98
8548,357,12.96,131.37,-7.14,8.59,False,0.0,0.0,0.0,18.51,12.62,10.94,26.04
8549,357,17.29,197.55,-6.75,8.97,False,0.0,0.0,0.0,19.18,12.12,10.44,25.79
8550,357,22.05,274.14,-6.28,10.33,False,0.0,0.0,0.0,18.83,11.91,11.2,25.8
8551,357,26.98,354.85,-5.97,9.23,False,0.0,0.0,0.0,18.49,10.86,11.01,25.13
8552,357,31.78,432.87,-5.95,8.22,False,0.0,0.0,0.0,18.43,16.13,11.44,24.78
8553,357,36.1,501.55,-5.78,7.25,False,0.0,0.0,0.0,18.94,16.99,11.83,24.3
8554,357,39.59,555.15,-5.42,6.63,False,0.0,0.0,0.0,18.74,17.79,21.8,23.75
8555,357,41.87,589.19,-5.08,6.9,False,0.0,0.0,0.0,18.12,17.03,22.13,23.52
8556,357,42.67,600.86,-4.82,5.44,False,0.0,0.0,0.0,17.8,18.22,22.33,22.81
8557,357,41.87,589.19,-4.63,5.56,False,0.0,0.0,0.0,19.31,16.74,21.14,22.68
8558,357,39.59,555.15,-4.5,6.1,False,0.0,0.0,0.0,18.05,17.08,23.32,22.73
8559,357,36.1,501.55,-4.4,7.03,False,0.0,0.0,0.0,18.74,18.06,21.48,22.93
8560,357,31.78,432.87,-4.41,7.65,False,0.0,0.0,0.0,19.13,17.2,22.36,23.13
8561,357,26.98,354.85,-4.73,7.74,False,0.0,0.0,0.0,18.63,17.24,21.2,23.46
8562,357,22.05,274.14,-4.91,8.06,False,0.0,0.0,0.0,18.35,16.99,22.08,23.74
8563,357,17.29,197.55,-5.21,8.88,False,0.0,0.0,0.0,18.05,16.84,11.6,24.28
8564,357,12.96,131.37,-5.85,8.94,False,0.0,0.0,0.0,18.13,17.78,12.66,24.91
8565,357,9.31,80.35,-6.42,8.08,False,0.0,0.0,0.0,18.92,12.29,11.34,25.18
8566,357,6.53,46.49,-6.86,7.64,False,0.0,0.0,0.0,19.4,12.08,12.41,25.45
8567,357,4.79,28.52,-7.2,7.4,False,0.0,0.0,0.0,18.71,11.41,11.7,25.69
8568,358,4.18,22.95,-7.41,6.13,False,0.0,0.0,0.0,18.67,11.74,12.8,25.44
8569,358,4.77,28.34,-7.29,7.19,False,0.0,0.0,0.0,19.15,13.18,10.25,25.7
8570,358,6.51,46.28,-7.59,8.4,False,0.0,0.0,0.0,18.64,10.76,11.84,26.41
8571,358,9.29,80.11,-7.77,8.13,False,0.0,0.0,0.0,19.04,13.41,9.63,26.49
8572,358,12.95,131.11,-7.74,7.98,False,0.0,0.0,0.0,18.95,11.98,11.46,26.4
8573,358,17.27,197.26,-7.53,8.94,False,0.0,0.0,0.0,18.74,11.76,12.21,26.54
8574,358,22.04,273.84,-7.49,9.21,False,0.0,0.0,0.0,18.89,12.66,12.51,26.59
8575,358,26.96,354.56,-6.92,7.98,False,0.0,0.0,0.0,19.54,10.25,12.02,25.62
8576,358,31.76,432.58,-6.78,7.2,False,0.0,0.0,0.0,19.06,18.6,11.3,25.22
8577,358,36.08,501.27,-6.38,7.44,False,0.0,0.0,0.0,19.2,18.99,11.88,24.93
8578,358,39.57,554.87,-6.14,7.93,False,0.0,0.0,0.0,18.37,18.37,23.76,24.86
8579,358,41.85,588.91,-5.78,6.71,False,0.0,0.0,0.0,19.13,15.82,22.05,24.12
8580,358,42.65,600.58,-5.43,6.62,False,0.0,0.0,0.0,18.91,18.11,22.67,23.76
8581,358,41.85,588.91,-5.41,5.82,False,0.0,0.0,0.0,18.05,18.82,21.7,23.48
8582,358,39.57,554.87,-5.24,5.02,False,0.0,0.0,0.0,18.84,18.73,22.75,23.07
8583,358,36.08,501.27,-4.96,5.02,False,0.0,0.0,0.0,18.39,16.37,22.63,22.81
8584,358,31.76,432.58,-5.1,4.73,False,0.0,0.0,0.0,17.99,18.31,21.57,22.84
8585,358,26.96,354.56,-5.09,4.43,False,0.0,0.0,0.0,18.66,18.94,22.54,22.74
8586,358,22.04,273.84,-5.34,5.49,False,0.0,0.0,0.0,18.86,17.52,22.58,23.31
8587,358,17.27,197.26,-5.62,6.61,False,0.0,0.0,0.0,18.74,16.34,12.02,23.94
8588,358,12.95,131.11,-5.66,7.09,False,0.0,0.0,0.0,18.64,18.16,11.47,24.13
8589,358,9.29,80.11,-6.12,7.4,False,0.0,0.0,0.0,18.6,12.74,12.36,24.67
8590,358,6.51,46.28,-6.36,7.33,False,0.0,0.0,0.0,19.75,11.79,10.85,24.87
8591,358,4.77,28.34,-7.04,7.77,False,0.0,0.0,0.0,18.37,10.95,11.51,25.66
8592,359,4.15,22.73,-7.57,7.25,False,0.0,0.0,0.0,19.26,12.69,11.58,25.98
8593,359,4.75,28.09,-7.84,7.12,False,0.0,0.0,0.0,18.95,11.28,12.32,26.19
8594,359,6.49,46.0,-7.96,9.01,False,0.0,0.0,0.0,18.61,12.22,10.82,26.98
8595,359,9.26,79.77,-7.99,8.72,False,0.0,0.0,0.0,18.94,13.15,11.67,26.9
8596,359,12.92,130.74,-7.84,8.22,False,0.0,0.0,0.0,18.38,10.57,11.16,26.58
8597,359,17.25,196.88,-7.44,8.22,False,0.0,0.0,0.0,18.65,12.63,11.58,26.19
8598,359,22.01,273.45,-7.35,7.71,False,0.0,0.0,0.0,18.86,11.73,11.77,25.94
8599,359,26.94,354.16,-7.22,7.6,False,0.0,0.0,0.0,18.25,11.76,10.61,25.77
8600,359,31.73,432.18,-6.7,5.84,False,0.0,0.0,0.0,19.01,17.91,12.38,24.69
8601,359,36.06,500.88,-6.05,5.3,False,0.0,0.0,0.0,18.34,16.88,11.8,23.91
8602,359,39.54,554.49,-5.56,5.42,False,0.0,0.0,0.0,18.09,16.56,21.4,23.49
8603,359,41.82,588.53,-5.25,4.38,False,0.0,0.0,0.0,18.2,16.07,21.76,22.87
8604,359,42.62,600.2,-4.92,4.99,False,0.0,0.0,0.0,19.46,18.49,23.05,22.76
8605,359,41.82,588.53,-4.91,4.21,False,0.0,0.0,0.0,17.8,17.2,22.29,22.51
8606,359,39.54,554.49,-4.39,3.54,False,0.0,0.0,0.0,18.7,17.96,21.32,21.83
8607,359,36.06,500.88,-4.14,4.85,False,0.0,0.0,0.0,18.2,17.11,21.45,22.01
8608,359,31.73,432.18,-4.14,5.9,False,0.0,0.0,0.0,18.36,16.57,22.44,22.34
8609,359,26.94,354.16,-4.49,6.51,False,0.0,0.0,0.0,18.78,18.02,22.52,22.85
8610,359,22.01,273.45,-4.43,6.73,False,0.0,0.0,0.0,18.75,17.76,22.25,22.86
8611,359,17.25,196.88,-4.88,7.06,False,0.0,0.0,0.0,18.31,17.31,11.3,23.39
8612,359,12.92,130.74,-5.33,8.0,False,0.0,0.0,0.0,18.1,17.74,12.07,24.11
8613,359,9.26,79.77,-5.85,7.24,False,0.0,0.0,0.0,18.95,11.13,11.28,24.36
8614,359,6.49,46.0,-6.25,5.87,False,0.0,0.0,0.0,18.97,12.75,10.9,24.27
8615,359,4.75,28.09,-6.39,6.72,False,0.0,0.0,0.0,18.65,12.93,12.61,24.69
8616,360,4.12,22.44,-6.68,6.01,False,0.0,0.0,0.0,18.98,12.51,11.84,24.72
8617,360,4.71,27.78,-6.92,5.53,False,0.0,0.0,0.0,18.65,11.6,10.95,24.78
8618,360,6.45,45.64,-7.23,6.05,False,0.0,0.0,0.0,18.54,11.95,11.59,25.25
8619,360,9.23,79.36,-7.1,6.44,False,0.0,0.0,0.0,18.85,13.16,11.52,25.26
8620,360,12.89,130.28,-7.08,6.81,False,0.0,0.0,0.0,19.06,12.92,11.26,25.37
8621,360,17.22,196.39,-7.16,6.4,False,0.0,0.0,0.0,18.98,13.5,11.66,25.3
8622,360,21.98,272.94,-7.03,7.04,False,0.0,0.0,0.0,19.05,11.28,10.85,25.4
8623,360,26.91,353.66,-6.6,7.77,False,0.0,0.0,0.0,18.49,11.2,12.11,25.25
8624,360,31.7,431.68,-6.45,7.1,False,0.0,0.0,0.0,19.41,17.61,11.5,24.88
8625,360,36.02,500.39,-5.77,6.81,False,0.0,0.0,0.0,18.56,17.83,10.37,24.14
8626,360,39.51,554.0,-5.56,6.85,False,0.0,0.0,0.0,18.62,17.39,21.84,23.96
8627,360,41.79,588.05,-4.88,7.25,False,0.0,0.0,0.0,18.06,17.19,21.57,23.45
8628,360,42.59,599.72,-4.7,7.63,False,0.0,0.0,0.0,18.49,18.51,19.91,23.4
8629,360,41.79,588.05,-4.65,7.54,False,0.0,0.0,0.0,18.77,17.43,21.89,23.32
8630,360,39.51,554.0,-4.59,7.57,False,0.0,0.0,0.0,18.86,16.53,22.73,23.27
8631,360,36.02,500.39,-4.53,7.37,False,0.0,0.0,0.0,19.17,16.62,21.92,23.15
8632,360,31.7,431.68,-4.68,7.38,False,0.0,0.0,0.0,18.77,17.7,22.5,23.3
8633,360,26.91,353.66,-4.95,6.97,False,0.0,0.0,0.0,18.7,19.9,22.01,23.42
8634,360,21.98,272.94,-5.01,7.46,False,0.0,0.0,0.0,18.42,16.72,21.68,23.64
8635,360,17.22,196.39,-5.09,8.01,False,0.0,0.0,0.0,18.35,17.25,10.99,23.89
8636,360,12.89,130.28,-5.54,9.06,False,0.0,0.0,0.0,19.05,19.42,10.6,24.66
8637,360,9.23,79.36,-5.92,9.64,False,0.0,0.0,0.0,19.09,11.51,12.15,25.21
8638,360,6.45,45.64,-6.61,10.97,False,0.0,0.0,0.0,18.36,12.26,12.01,26.34
8639,360,4.71,27.78,-6.92,11.28,False,0.0,0.0,0.0,19.12,13.4,11.31,26.75
8640,361,4.08,22.1,-7.12,11.72,False,0.0,0.0,0.0,19.11,11.14,10.08,27.1
8641,361,4.67,27.41,-7.31,10.8,False,0.0,0.0,0.0,18.43,11.65,11.83,26.97
8642,361,6.41,45.2,-7.58,9.05,False,0.0,0.0,0.0,19.13,11.51,10.87,26.62
8643,361,9.19,78.85,-7.48,8.8,False,0.0,0.0,0.0,18.48,10.69,11.6,26.44
8644,361,12.85,129.72,-7.6,8.99,False,0.0,0.0,0.0,17.94,13.16,10.42,26.63
8645,361,17.18,195.79,-7.32,8.63,False,0.0,0.0,0.0,18.81,11.43,11.56,26.23
8646,361,21.94,272.34,-7.0,6.84,False,0.0,0.0,0.0,18.94,11.2,11.41,25.31
8647,361,26.87,353.05,-6.8,7.45,False,0.0,0.0,0.0,18.77,11.54,9.81,25.32
8648,361,31.66,431.07,-6.26,8.54,False,0.0,0.0,0.0,19.9,18.24,12.63,25.18
8649,361,35.99,499.79,-5.83,8.11,False,0.0,0.0,0.0,18.85,17.59,11.27,24.63
8650,361,39.47,553.41,-5.48,6.92,False,0.0,0.0,0.0,18.72,16.87,21.82,23.91
8651,361,41.75,587.47,-5.24,8.5,False,0.0,0.0,0.0,18.8,17.83,22.37,24.19
8652,361,42.55,599.14,-4.96,9.88,False,0.0,0.0,0.0,18.42,18.15,21.96,24.36
8653,361,41.75,587.47,-4.47,9.5,False,0.0,0.0,0.0,18.91,17.48,22.25,23.77
8654,361,39.47,553.41,-4.02,8.97,False,0.0,0.0,0.0,18.63,17.31,21.2,23.16
8655,361,35.99,499.79,-4.11,9.06,False,0.0,0.0,0.0,18.62,18.31,21.9,23.28
8656,361,31.66,431.07,-3.9,8.5,False,0.0,0.0,0.0,18.22,17.36,20.66,22.9
8657,361,26.87,353.05,-4.14,6.35,False,0.0,0.0,0.0,17.87,18.79,21.83,22.47
8658,361,21.94,272.34,-4.2,5.94,False,0.0,0.0,0.0,18.3,16.89,23.01,22.41
8659,361,17.18,195.79,-4.67,6.06,False,0.0,0.0,0.0,18.67,16.88,10.45,22.87
8660,361,12.85,129.72,-4.89,7.17,False,0.0,0.0,0.0,18.41,16.78,11.25,23.43
8661,361,9.19,78.85,-5.35,8.43,False,0.0,0.0,0.0,18.76,11.71,10.01,24.28
8662,361,6.41,45.2,-5.94,7.65,False,0.0,0.0,0.0,18.62,11.9,11.51,24.58
8663,361,4.67,27.41,-6.45,10.05,False,0.0,0.0,0.0,18.95,10.84,11.83,25.87
8664,362,4.03,21.69,-6.52,9.94,False,0.0,0.0,0.0,18.39,11.98,11.77,25.91
8665,362,4.63,26.98,-6.7,10.19,False,0.0,0.0,0.0,18.88,12.35,11.08,26.17
8666,362,6.37,44.69,-6.73,9.18,False,0.0,0.0,0.0,18.55,10.73,10.0,25.85
8667,362,9.15,78.26,-6.71,8.16,False,0.0,0.0,0.0,18.19,11.48,10.63,25.48
8668,362,12.81,129.06,-6.49,8.82,False,0.0,0.0,0.0,18.71,12.35,12.38,25.5
8669,362,17.14,195.1,-6.34,7.33,False,0.0,0.0,0.0,19.38,11.03,12.12,24.85
8670,362,21.9,271.62,-6.01,6.23,False,0.0,0.0,0.0,18.14,11.65,11.44,24.17
8671,362,26.83,352.33,-5.53,6.4,False,0.0,0.0,0.0,18.71,12.77,11.61,23.79
8672,362,31.62,430.36,-5.13,6.22,False,0.0,0.0,0.0,18.94,18.94,10.78,23.36
8673,362,35.94,499.09,-4.77,5.21,False,0.0,0.0,0.0,19.49,17.85,12.4,22.7
8674,362,39.42,552.72,-4.23,5.58,False,0.0,0.0,0.0,18.31,17.36,21.5,22.31
8675,362,41.7,586.78,-3.76,5.5,False,0.0,0.0,0.0,18.2,17.1,22.31,21.86
8676,362,42.5,598.46,-3.64,6.1,False,0.0,0.0,0.0,17.97,18.23,21.07,21.94
8677,362,41.7,586.78,-3.41,5.12,False,0.0,0.0,0.0,18.87,18.41,21.88,21.43
8678,362,39.42,552.72,-3.17,6.37,False,0.0,0.0,0.0,18.03,16.57,22.87,21.58
8679,362,35.94,499.09,-3.11,7.54,False,0.0,0.0,0.0,18.23,18.23,21.34,21.87
8680,362,31.62,430.36,-3.16,6.79,False,0.0,0.0,0.0,17.64,17.01,22.52,21.69
8681,362,26.83,352.33,-3.41,6.67,False,0.0,0.0,0.0,18.76,16.81,21.24,21.89
8682,362,21.9,271.62,-3.96,6.79,False,0.0,0.0,0.0,18.94,17.38,21.37,22.44
8683,362,17.14,195.1,-4.05,6.75,False,0.0,0.0,0.0,18.82,18.29,11.49,22.51
8684,362,12.81,129.06,-4.57,6.04,False,0.0,0.0,0.0,17.91,17.75,12.18,22.78
8685,362,9.15,78.26,-5.01,6.46,False,0.0,0.0,0.0,18.84,12.13,11.29,23.32
8686,362,6.37,44.69,-5.24,7.59,False,0.0,0.0,0.0,17.96,12.18,11.93,23.9
8687,362,4.63,26.98,-5.45,7.09,False,0.0,0.0,0.0,18.68,12.27,12.3,23.93
8688,363,3.98,21.24,-5.77,7.86,False,0.0,0.0,0.0,18.77,11.81,10.96,24.49
8689,363,4.57,26.48,-6.11,8.42,False,0.0,0.0,0.0,18.86,12.41,10.43,25.0
8690,363,6.31,44.11,-6.38,9.41,False,0.0,0.0,0.0,18.98,11.37,11.25,25.59
8691,363,9.1,77.58,-6.27,8.03,False,0.0,0.0,0.0,18.75,12.42,12.39,25.01
8692,363,12.76,128.31,-6.44,7.54,False,0.0,0.0,0.0,17.99,12.59,10.93,25.02
8693,363,17.09,194.3,-6.26,8.19,False,0.0,0.0,0.0,18.97,12.46,12.21,25.07
8694,363,21.85,270.81,-6.17,7.01,False,0.0,0.0,0.0,18.78,12.5,11.32,24.59
8695,363,26.78,351.51,-6.01,7.78,False,0.0,0.0,0.0,18.36,12.27,12.73,24.69
8696,363,31.57,429.55,-5.73,6.82,False,0.0,0.0,0.0,18.06,18.44,13.07,24.11
8697,363,35.89,498.28,-5.26,6.62,False,0.0,0.0,0.0,19.25,15.68,12.22,23.61
8698,363,39.37,551.92,-4.63,6.83,False,0.0,0.0,0.0,19.05,18.18,20.85,23.08
8699,363,41.65,586.0,-4.07,6.65,False,0.0,0.0,0.0,18.77,19.08,20.32,22.5
8700,363,42.45,597.68,-3.75,6.56,False,0.0,0.0,0.0,18.18,17.0,22.04,22.17
8701,363,41.65,586.0,-3.26,8.03,False,0.0,0.0,0.0,17.38,16.91,22.63,22.15
8702,363,39.37,551.92,-3.29,8.72,False,0.0,0.0,0.0,18.7,18.53,22.35,22.38
8703,363,35.89,498.28,-3.37,9.36,False,0.0,0.0,0.0,18.55,16.76,21.49,22.65
8704,363,31.57,429.55,-3.43,9.25,False,0.0,0.0,0.0,18.26,16.97,20.96,22.68
8705,363,26.78,351.51,-3.42,8.97,False,0.0,0.0,0.0,18.86,17.64,22.65,22.58
8706,363,21.85,270.81,-3.77,10.0,False,0.0,0.0,0.0,18.79,16.86,23.3,23.24
8707,363,17.09,194.3,-4.32,9.08,False,0.0,0.0,0.0,18.59,18.2,11.03,23.49
8708,363,12.76,128.31,-4.74,7.94,False,0.0,0.0,0.0,18.58,16.87,12.08,23.53
8709,363,9.1,77.58,-4.83,8.88,False,0.0,0.0,0.0,18.6,12.19,13.32,23.91
8710,363,6.31,44.11,-5.13,8.81,False,0.0,0.0,0.0,18.89,12.13,11.37,24.19
8711,363,4.57,26.48,-5.5,8.94,False,0.0,0.0,0.0,18.32,13.23,11.38,24.59
8712,364,3.92,20.72,-5.82,9.53,False,0.0,0.0,0.0,18.87,12.83,11.89,25.09
8713,364,4.51,25.93,-6.11,8.48,False,0.0,0.0,0.0,18.36,11.48,11.3,25.01
8714,364,6.25,43.46,-6.37,8.65,False,0.0,0.0,0.0,19.3,10.89,12.44,25.32
8715,364,9.04,76.82,-6.64,8.36,False,0.0,0.0,0.0,19.01,12.57,11.22,25.48
8716,364,12.7,127.47,-6.64,7.97,False,0.0,0.0,0.0,18.52,11.38,11.48,25.35
8717,364,17.03,193.4,-6.65,7.85,False,0.0,0.0,0.0,18.83,11.63,10.49,25.32
8718,364,21.79,269.88,-6.35,7.82,False,0.0,0.0,0.0,18.42,11.05,11.34,25.02
8719,364,26.72,350.58,-6.19,8.11,False,0.0,0.0,0.0,19.34,12.44,10.79,24.97
8720,364,31.51,428.63,-5.78,8.83,False,0.0,0.0,0.0,19.34,16.98,11.74,24.82
8721,364,35.83,497.37,-5.07,8.15,False,0.0,0.0,0.0,18.89,17.47,10.34,23.91
8722,364,39.31,551.03,-4.91,8.61,False,0.0,0.0,0.0,19.21,17.48,22.69,23.91
8723,364,41.59,585.11,-4.82,10.3,False,0.0,0.0,0.0,18.64,17.65,21.39,24.36
8724,364,42.39,596.79,-4.42,8.93,False,0.0,0.0,0.0,18.84,18.03,23.25,23.53
8725,364,41.59,585.11,-4.18,8.04,False,0.0,0.0,0.0,18.99,17.31,22.96,23.03
8726,364,39.31,551.03,-3.98,7.4,False,0.0,0.0,0.0,18.47,16.91,22.37,22.64
8727,364,35.83,497.37,-3.85,7.59,False,0.0,0.0,0.0,18.49,16.01,20.92,22.58
8728,364,31.51,428.63,-3.88,6.94,False,0.0,0.0,0.0,18.84,17.58,21.56,22.41
8729,364,26.72,350.58,-4.02,6.41,False,0.0,0.0,0.0,18.74,17.37,21.37,22.38
8730,364,21.79,269.88,-4.24,8.46,False,0.0,0.0,0.0,18.21,16.93,21.46,23.22
8731,364,17.03,193.4,-4.63,9.15,False,0.0,0.0,0.0,17.68,17.55,12.6,23.81
8732,364,12.7,127.47,-4.99,9.66,False,0.0,0.0,0.0,18.53,18.18,11.39,24.32
8733,364,9.04,76.82,-5.4,10.6,False,0.0,0.0,0.0,17.81,12.79,11.04,25.02
8734,364,6.25,43.46,-5.79,11.53,False,0.0,0.0,0.0,18.3,10.67,10.98,25.71
8735,364,4.51,25.93,-6.15,9.8,False,0.0,0.0,0.0,18.39,11.61,11.13,25.49
8736,365,3.85,20.16,-6.51,7.45,False,0.0,0.0,0.0,18.55,12.67,11.87,25.06
8737,365,4.45,25.32,-6.88,6.56,False,0.0,0.0,0.0,19.15,13.18,10.36,25.1
8738,365,6.19,42.73,-6.8,5.0,False,0.0,0.0,0.0,19.23,11.25,11.57,24.49
8739,365,8.97,75.98,-6.86,3.93,False,0.0,0.0,0.0,19.03,13.0,11.8,24.18
8740,365,12.63,126.52,-6.8,3.4,False,0.0,0.0,0.0,19.07,10.82,10.29,23.94
8741,365,16.97,192.4,-6.66,3.84,False,0.0,0.0,0.0,19.06,12.82,10.51,23.96
8742,365,21.73,268.86,-6.29,3.62,False,0.0,0.0,0.0,17.76,11.67,11.47,23.56
8743,365,26.66,349.55,-5.96,4.45,False,0.0,0.0,0.0,18.72,13.15,12.51,23.54
8744,365,31.45,427.6,-5.55,5.11,False,0.0,0.0,0.0,17.95,17.13,12.34,23.39
8745,365,35.77,496.36,-5.51,6.0,False,0.0,0.0,0.0,18.87,17.25,11.07,23.64
8746,365,39.25,550.03,-5.22,5.13,False,0.0,0.0,0.0,17.79,17.39,22.99,23.09
8747,365,41.52,584.12,-4.9,6.26,False,0.0,0.0,0.0,18.52,16.27,21.78,23.16
8748,365,42.32,595.81,-4.56,8.3,False,0.0,0.0,0.0,18.77,16.09,21.77,23.48
8749,365,41.52,584.12,-4.27,8.64,False,0.0,0.0,0.0,18.07,17.91,22.07,23.3
8750,365,39.25,550.03,-4.1,9.43,False,0.0,0.0,0.0,18.88,18.29,22.59,23.39
8751,365,35.77,496.36,-4.08,9.95,False,0.0,0.0,0.0,18.69,17.99,21.57,23.52
8752,365,31.45,427.6,-3.92,10.51,False,0.0,0.0,0.0,18.62,16.5,21.72,23.54
8753,365,26.66,349.55,-3.89,11.72,False,0.0,0.0,0.0,18.75,17.88,21.13,23.88
8754,365,21.73,268.86,-4.06,11.01,False,0.0,0.0,0.0,18.34,16.71,22.25,23.83
8755,365,16.97,192.4,-4.39,11.03,False,0.0,0.0,0.0,18.59,17.83,12.15,24.16
8756,365,12.63,126.52,-4.72,10.38,False,0.0,0.0,0.0,18.57,18.41,12.2,24.28
8757,365,8.97,75.98,-5.27,9.37,False,0.0,0.0,0.0,18.63,12.19,10.54,24.5
8758,365,6.19,42.73,-5.49,8.66,False,0.0,0.0,0.0,18.39,13.07,11.23,24.48
8759,365,4.45,25.32,-5.77,5.55,False,0.0,0.0,0.0,18.19,11.78,12.37,23.72
